ts,symbol,equity,market_open,size_usdc,tokens_out,usd_back,roundtrip_bps,buy_impact_pct,sell_impact_pct,buy_route,sell_route,index_price,liquidity_usd
2026-09-13T12:27:59+00:00,AAPLx,AAPL,False,100,0.30070238,99.7743,22.57,0.2131,0.0126,Raydium CLMM,Raydium CLMM,330.6927,848314.0
2026-09-13T12:27:59+00:00,AAPLx,AAPL,False,1000,3.00565531,997.2034,27.97,0.2585,0.0212,Raydium CLMM,Raydium CLMM,330.6927,848314.0
2026-09-13T12:27:59+00:00,AAPLx,AAPL,False,10000,30.02163883,9956.4529,43.55,0.3744,0.0613,Byreal + Whirlpool + Raydium CLMM,Byreal + Raydium CLMM + Whirlpool,330.6927,848314.0
2026-09-13T12:27:59+00:00,TSLAx,TSLA,False,100,0.27447898,99.9511,4.89,0.0398,0.0092,Whirlpool,Riptide,364.0802,1350007.0
2026-09-13T12:27:59+00:00,TSLAx,TSLA,False,1000,2.74340103,999.0028,9.97,0.0903,0.0287,Raydium CLMM,Riptide,364.0802,1350007.0
2026-09-13T12:27:59+00:00,TSLAx,TSLA,False,10000,27.43379623,9989.9497,10.05,0.0718,0.0287,Raydium CLMM + Riptide,Riptide,364.0802,1350007.0
2026-09-13T12:27:59+00:00,NVDAx,NVDA,False,100,0.46497243,99.9635,3.65,0.4169,0.0,Whirlpool,Riptide,213.7596,1848975.0
2026-09-13T12:27:59+00:00,NVDAx,NVDA,False,1000,4.64716726,999.0908,9.09,0.4717,0.0,HumidiFi + Raydium CLMM,Riptide,213.7596,1848975.0
2026-09-13T12:27:59+00:00,NVDAx,NVDA,False,10000,46.46036494,9988.4773,11.52,0.4959,0.0,Whirlpool + HumidiFi + Raydium CLMM + Riptide,Riptide,213.7596,1848975.0
2026-09-13T12:27:59+00:00,SPYx,SPY,False,100,0.13075357,99.9948,0.52,0.0042,0.001,Byreal,Raydium CLMM,760.2544,3879169.0
2026-09-13T12:27:59+00:00,SPYx,SPY,False,1000,1.30738071,999.7418,2.58,0.016,0.0098,Riptide,Raydium CLMM,760.2544,3879169.0
2026-09-13T12:27:59+00:00,SPYx,SPY,False,10000,13.07374413,9994.5572,5.44,0.0165,0.0379,Riptide + Byreal,Byreal + Riptide + Raydium CLMM,760.2544,3879169.0
2026-09-13T12:27:59+00:00,MSTRx,MSTR,False,100,0.77908388,99.953,4.7,0.0,0.0734,Quay + GoonFi V2 + Raydium CLMM,Riptide,128.3618,709712.0
2026-09-13T12:27:59+00:00,MSTRx,MSTR,False,1000,7.78894922,999.2925,7.07,0.0,0.0729,HumidiFi + Raydium CLMM,Riptide,128.3618,709712.0
2026-09-13T12:27:59+00:00,MSTRx,MSTR,False,10000,77.85580428,9986.2161,13.78,0.0411,0.0968,Riptide + HumidiFi + Raydium CLMM,Riptide,128.3618,709712.0
2026-09-13T12:27:59+00:00,METAx,META,False,100,0.15512765,99.6688,33.12,0.325,0.0062,Whirlpool,Whirlpool,640.9226,205422.0
2026-09-13T12:27:59+00:00,METAx,META,False,1000,1.55047166,995.6674,43.33,0.3767,0.0568,Whirlpool,Whirlpool,640.9226,205422.0
2026-09-13T12:27:59+00:00,METAx,META,False,10000,15.46292202,9904.6172,95.38,0.6452,0.3106,Byreal + Raydium CLMM + Whirlpool,Byreal + Raydium CLMM + Whirlpool,640.9226,205422.0
2026-09-13T12:27:59+00:00,GOOGLx,GOOGL,False,100,0.29432619,99.6681,33.19,0.3258,0.0061,Whirlpool,Byreal,337.7754,308092.0
2026-09-13T12:27:59+00:00,GOOGLx,GOOGL,False,1000,2.94319582,996.2102,37.9,0.3281,0.0511,HumidiFi + Meteora DLMM,Byreal,337.7754,308092.0
2026-09-13T12:27:59+00:00,GOOGLx,GOOGL,False,10000,29.3881552,9938.1576,61.84,0.4764,0.1427,Raydium CLMM + HumidiFi + Meteora DLMM + Whirlpool,Raydium CLMM + Whirlpool + Byreal,337.7754,308092.0
2026-09-13T12:27:59+00:00,AMZNx,AMZN,False,100,0.39218115,99.5911,40.89,0.4032,0.0057,Byreal,Byreal,253.9008,199785.0
2026-09-13T12:27:59+00:00,AMZNx,AMZN,False,1000,3.9201727,995.0634,49.37,0.4448,0.049,Byreal,Byreal,253.9008,199785.0
2026-09-13T12:27:59+00:00,AMZNx,AMZN,False,10000,39.13471851,9911.7999,88.2,0.615,0.2686,Quantum + Raydium CLMM + Byreal,Raydium CLMM + Flux + Byreal,253.9008,199785.0
2026-09-13T12:29:03+00:00,AAPLx,AAPL,False,100,0.30070589,99.7755,22.45,0.2125,0.012,Raydium CLMM,Raydium CLMM,330.6909,848310.0
2026-09-13T12:29:03+00:00,AAPLx,AAPL,False,1000,3.00566713,997.2073,27.93,0.2587,0.0207,Raydium CLMM,Raydium CLMM,330.6909,848310.0
2026-09-13T12:29:03+00:00,AAPLx,AAPL,False,10000,30.02167335,9956.4643,43.54,0.3735,0.0621,Raydium CLMM + Byreal + Whirlpool,Byreal + Whirlpool + Raydium CLMM,330.6909,848310.0
2026-09-13T12:29:03+00:00,TSLAx,TSLA,False,100,0.27439396,99.9179,8.21,0.19,0.0,TesseraV + Meteora DLMM,Whirlpool,364.4005,1350183.0
2026-09-13T12:29:03+00:00,TSLAx,TSLA,False,1000,2.74393466,999.0005,10.0,0.1902,0.0,Riptide,Riptide,364.4005,1350183.0
2026-09-13T12:29:03+00:00,TSLAx,TSLA,False,10000,27.43872334,9989.7957,10.2,0.1925,0.0,Raydium CLMM + Riptide + Quantum + Meteora DLMM,Whirlpool + Riptide,364.4005,1350183.0
2026-09-13T12:29:03+00:00,NVDAx,NVDA,False,100,0.46493187,99.942,5.8,0.0476,0.0104,Whirlpool,Riptide,214.496,1847751.0
2026-09-13T12:29:03+00:00,NVDAx,NVDA,False,1000,4.64736587,999.0,10.0,0.0896,0.0105,Riptide,Riptide,214.496,1847751.0
2026-09-13T12:29:03+00:00,NVDAx,NVDA,False,10000,46.46470528,9988.0757,11.92,0.1088,0.0105,BisonFi + Raydium CLMM + Riptide,Riptide,214.496,1847751.0
2026-09-13T12:29:03+00:00,SPYx,SPY,False,100,0.13074314,99.9863,1.37,0.013,0.0007,Whirlpool,Raydium CLMM,760.2382,3881607.0
2026-09-13T12:29:03+00:00,SPYx,SPY,False,1000,1.30738553,999.74,2.6,0.0165,0.0095,Riptide,Raydium CLMM,760.2382,3881607.0
2026-09-13T12:29:03+00:00,SPYx,SPY,False,10000,13.07368676,9994.5826,5.42,0.0177,0.0364,Riptide + Raydium CLMM,Byreal + Raydium CLMM + Riptide,760.2382,3881607.0
2026-09-13T12:29:03+00:00,MSTRx,MSTR,False,100,0.77898501,99.9423,5.77,0.0,0.0935,TesseraV + Raydium CLMM,Riptide,128.3885,709894.0
2026-09-13T12:29:03+00:00,MSTRx,MSTR,False,1000,7.78792999,999.1766,8.23,0.0,0.0935,Quantum + Raydium CLMM,Riptide,128.3885,709894.0
2026-09-13T12:29:03+00:00,METAx,META,False,100,0.15513405,99.6688,33.12,0.3235,0.0077,Whirlpool,Whirlpool,640.8969,205322.0
2026-09-13T12:29:03+00:00,METAx,META,False,1000,1.55053239,995.6632,43.37,0.3754,0.0585,Whirlpool,Whirlpool,640.8969,205322.0
2026-09-13T12:29:03+00:00,METAx,META,False,10000,15.46324066,9904.5851,95.41,0.6458,0.3103,Byreal + Whirlpool + Raydium CLMM,Byreal + Raydium CLMM + Whirlpool,640.8969,205322.0
2026-09-13T12:29:03+00:00,GOOGLx,GOOGL,False,100,0.29432619,99.6686,33.14,0.0,0.4044,Whirlpool,Byreal,339.1233,308088.0
2026-09-13T12:29:03+00:00,GOOGLx,GOOGL,False,1000,2.94294163,996.3789,36.21,0.0,0.4242,HumidiFi + Meteora DLMM,Raydium CLMM + Byreal + Whirlpool,339.1233,308088.0
2026-09-13T12:29:03+00:00,GOOGLx,GOOGL,False,10000,29.3871196,9937.8212,62.18,0.0814,0.5408,Raydium CLMM + TesseraV + Meteora DLMM + Whirlpool,Whirlpool + Byreal + Raydium CLMM,339.1233,308088.0
2026-09-13T12:29:03+00:00,AMZNx,AMZN,False,100,0.39218136,99.5911,40.89,0.4032,0.0057,Byreal,Byreal,253.8972,199784.0
2026-09-13T12:29:03+00:00,AMZNx,AMZN,False,1000,3.92017479,995.0634,49.37,0.4448,0.049,Byreal,Byreal,253.8972,199784.0
2026-09-13T12:29:03+00:00,AMZNx,AMZN,False,10000,39.13469726,9911.8038,88.2,0.6151,0.2685,Byreal + Raydium CLMM + BisonFi,Byreal + Raydium CLMM + Flux,253.8972,199784.0
2026-09-13T12:34:43+00:00,AAPLx,AAPL,False,100,0.30137064,99.9851,1.49,0.0125,0.0025,Raydium CLMM,Whirlpool,330.6186,842796.0
2026-09-13T12:34:43+00:00,AAPLx,AAPL,False,1000,3.01013368,998.5357,14.64,0.131,0.0154,Raydium CLMM,Raydium CLMM,330.6186,842796.0
2026-09-13T12:34:43+00:00,AAPLx,AAPL,False,10000,30.03305406,9958.9819,41.02,0.3576,0.0528,Whirlpool + Quantum + Raydium CLMM,Raydium CLMM + Byreal + Whirlpool,330.6186,842796.0
2026-09-13T12:34:43+00:00,TSLAx,TSLA,False,100,0.27460438,99.9082,9.18,0.0411,0.0507,Whirlpool,Riptide,363.9265,1343739.0
2026-09-13T12:34:43+00:00,TSLAx,TSLA,False,1000,2.74576624,999.0005,10.0,0.0512,0.0104,Riptide,Riptide,363.9265,1343739.0
2026-09-13T12:34:43+00:00,TSLAx,TSLA,False,10000,27.4569165,9989.7528,10.25,0.0922,0.0059,Whirlpool + Riptide + BinaryFi,Riptide,363.9265,1343739.0
2026-09-13T12:34:43+00:00,NVDAx,NVDA,False,100,0.46486365,99.9091,9.09,0.0706,0.0203,TesseraV + Raydium CLMM,Riptide,214.5523,1854220.0
2026-09-13T12:34:43+00:00,NVDAx,NVDA,False,1000,4.6482155,998.9912,10.09,0.0797,0.0212,Riptide,Riptide,214.5523,1854220.0
2026-09-13T12:34:43+00:00,NVDAx,NVDA,False,10000,46.47358578,9988.0702,11.93,0.0981,0.0212,GoonFi V2 + Manifest + BisonFi + Raydium CLMM + Riptide,Riptide,214.5523,1854220.0
2026-09-13T12:34:43+00:00,SPYx,SPY,False,100,0.13074692,99.9896,1.04,0.0092,0.0012,Whirlpool,Raydium CLMM,760.3986,3902526.0
2026-09-13T12:34:43+00:00,SPYx,SPY,False,1000,1.30746241,999.8032,1.97,0.3407,0.0,Riptide,Raydium CLMM,760.3986,3902526.0
2026-09-13T12:34:43+00:00,SPYx,SPY,False,10000,13.07430892,9994.719,5.28,0.3447,0.0,Riptide + Raydium CLMM,Riptide + Byreal + Raydium CLMM,760.3986,3902526.0
2026-09-13T12:34:43+00:00,MSTRx,MSTR,False,100,0.77931465,99.9,10.0,0.3719,0.0,Riptide,Riptide,127.8132,712098.0
2026-09-13T12:34:43+00:00,MSTRx,MSTR,False,1000,7.79314657,996.9451,30.55,0.3719,0.0,Riptide,Byreal,127.8132,712098.0
2026-09-13T12:34:43+00:00,MSTRx,MSTR,False,10000,77.91102796,9984.9984,15.0,0.398,0.0,Riptide + TesseraV + Raydium CLMM,Riptide,127.8132,712098.0
2026-09-13T12:34:43+00:00,METAx,META,False,100,0.15515421,99.6732,32.68,0.0068,0.3201,Whirlpool,Raydium CLMM,642.8709,205184.0
2026-09-13T12:34:43+00:00,METAx,META,False,1000,1.55072681,995.6488,43.51,0.0593,0.3761,Whirlpool,Whirlpool,642.8709,205184.0
2026-09-13T12:34:43+00:00,METAx,META,False,10000,15.46436263,9904.4363,95.56,0.3358,0.6219,Byreal + Whirlpool + Raydium CLMM,Raydium CLMM + Whirlpool + Byreal,642.8709,205184.0
2026-09-13T12:34:43+00:00,GOOGLx,GOOGL,False,100,0.29442623,99.6741,32.59,0.3248,0.0012,Whirlpool,Byreal,337.6652,304841.0
2026-09-13T12:34:43+00:00,GOOGLx,GOOGL,False,1000,2.94320828,995.9352,40.65,0.3604,0.0462,GoonFi V2 + Meteora DLMM,Byreal,337.6652,304841.0
2026-09-13T12:34:43+00:00,GOOGLx,GOOGL,False,10000,29.39261585,9935.2353,64.76,0.4941,0.1544,Raydium CLMM + Whirlpool + TesseraV + Meteora DLMM,Byreal + Raydium CLMM + Meteora DLMM + HumidiFi,337.6652,304841.0
2026-09-13T12:34:43+00:00,AMZNx,AMZN,False,100,0.39220183,99.5909,40.91,0.4032,0.0059,Byreal,Byreal,253.8881,199781.0
2026-09-13T12:34:43+00:00,AMZNx,AMZN,False,1000,3.9203823,995.0632,49.37,0.4448,0.0491,Byreal,Byreal,253.8881,199781.0
2026-09-13T12:34:43+00:00,AMZNx,AMZN,False,10000,39.13516858,9911.0745,88.93,0.6191,0.2718,Byreal + HumidiFi + Raydium CLMM,Raydium CLMM + Byreal,253.8881,199781.0
2026-09-13T12:40:30+00:00,AAPLx,AAPL,False,100,0.30087004,99.8175,18.25,0.1906,0.0,Raydium CLMM,Byreal,330.5839,843139.0
2026-09-13T12:40:30+00:00,AAPLx,AAPL,False,1000,3.00635806,997.1633,28.37,0.2683,0.0154,Raydium CLMM,Raydium CLMM,330.5839,843139.0
2026-09-13T12:40:30+00:00,AAPLx,AAPL,False,10000,30.0313073,9957.2413,42.76,0.3753,0.0524,Whirlpool + Raydium CLMM + GoonFi V2,Whirlpool + Byreal + Raydium CLMM,330.5839,843139.0
2026-09-13T12:40:30+00:00,TSLAx,TSLA,False,100,0.27452577,99.9018,9.82,0.0641,0.0341,Riptide,Whirlpool,363.9526,1345045.0
2026-09-13T12:40:30+00:00,TSLAx,TSLA,False,1000,2.74525778,998.9525,10.48,0.0641,0.0407,Riptide,Riptide,363.9526,1345045.0
2026-09-13T12:40:30+00:00,TSLAx,TSLA,False,10000,27.45322003,9989.7651,10.23,0.0618,0.0406,Whirlpool + Riptide + GoonFi V2 + Raydium CLMM,Riptide + Whirlpool,363.9526,1345045.0
2026-09-13T12:40:30+00:00,NVDAx,NVDA,False,100,0.46504253,99.9439,5.61,0.4791,0.0,TesseraV + Raydium CLMM,Riptide,213.5944,1853499.0
2026-09-13T12:40:30+00:00,NVDAx,NVDA,False,1000,4.65106514,999.5767,4.23,0.4654,0.0,Byreal + Scorch + Raydium CLMM,Riptide,213.5944,1853499.0
2026-09-13T12:40:30+00:00,SPYx,SPY,False,100,0.13077076,99.991,0.9,0.0,0.001,Whirlpool,Raydium CLMM,760.473,3862576.0
2026-09-13T12:40:30+00:00,SPYx,SPY,False,1000,1.30746873,999.6353,3.65,0.0263,0.0102,Byreal,Raydium CLMM,760.473,3862576.0
2026-09-13T12:40:30+00:00,SPYx,SPY,False,10000,13.07363206,9994.3341,5.67,0.0343,0.0223,Whirlpool + Byreal + Riptide,Raydium CLMM + Riptide,760.473,3862576.0
2026-09-13T12:40:30+00:00,MSTRx,MSTR,False,100,0.78020811,99.9172,8.28,0.0,0.0988,Riptide,Byreal,128.1639,713513.0
2026-09-13T12:40:30+00:00,MSTRx,MSTR,False,1000,7.80208111,999.0005,10.0,0.0,0.116,Riptide,Riptide,128.1639,713513.0
2026-09-13T12:40:30+00:00,MSTRx,MSTR,False,10000,78.00066618,9985.1971,14.8,0.0098,0.1382,Riptide + Kipseli + Raydium CLMM,Byreal + Riptide,128.1639,713513.0
2026-09-13T12:40:30+00:00,METAx,META,False,100,0.15521998,99.7123,28.77,0.2806,0.0071,Kipseli + Meteora DLMM,Raydium CLMM,640.8278,204707.0
2026-09-13T12:40:30+00:00,METAx,META,False,1000,1.55113158,995.7455,42.55,0.3493,0.0765,Whirlpool,Raydium CLMM,640.8278,204707.0
2026-09-13T12:40:30+00:00,METAx,META,False,10000,15.46653214,9904.2281,95.77,0.637,0.3228,Raydium CLMM + Whirlpool + Byreal,Whirlpool + Byreal + Raydium CLMM,640.8278,204707.0
2026-09-13T12:40:30+00:00,GOOGLx,GOOGL,False,100,0.294752,99.7704,22.96,0.227,0.0026,HumidiFi + Meteora DLMM,Whirlpool,337.6227,305136.0
2026-09-13T12:40:30+00:00,GOOGLx,GOOGL,False,1000,2.94750893,997.2327,27.67,0.2273,0.0495,TesseraV + Meteora DLMM,Byreal,337.6227,305136.0
2026-09-13T12:40:30+00:00,GOOGLx,GOOGL,False,10000,29.41062293,9940.3965,59.6,0.4456,0.1511,Raydium CLMM + Whirlpool + HumidiFi + Meteora DLMM,Byreal + Whirlpool + Raydium CLMM,337.6227,305136.0
2026-09-13T12:40:30+00:00,AMZNx,AMZN,False,100,0.39220192,99.5995,40.05,0.3952,0.0053,Byreal,Raydium CLMM,253.9083,200228.0
2026-09-13T12:40:30+00:00,AMZNx,AMZN,False,1000,3.92039169,995.0983,49.02,0.4366,0.0538,Byreal,Raydium CLMM,253.9083,200228.0
2026-09-13T12:40:30+00:00,AMZNx,AMZN,False,10000,39.13425501,9912.2862,87.71,0.6135,0.2658,Byreal + Raydium CLMM + Quantum,Raydium CLMM + Byreal + Quantum,253.9083,200228.0
2026-09-13T12:46:08+00:00,AAPLx,AAPL,False,100,0.30074947,99.7738,22.62,0.2188,0.0074,Raydium CLMM,Raydium CLMM,330.6166,844394.0
2026-09-13T12:46:08+00:00,AAPLx,AAPL,False,1000,3.00582419,996.9861,30.14,0.2742,0.0273,Raydium CLMM,Raydium CLMM,330.6166,844394.0
2026-09-13T12:46:08+00:00,AAPLx,AAPL,False,10000,30.02697709,9955.4892,44.51,0.3779,0.0675,Byreal + Raydium CLMM + Whirlpool,Raydium CLMM + Whirlpool + Byreal,330.6166,844394.0
2026-09-13T12:46:08+00:00,TSLAx,TSLA,False,100,0.27502526,99.9231,7.69,0.3974,0.0,Whirlpool,Riptide,362.0729,1348677.0
2026-09-13T12:46:08+00:00,TSLAx,TSLA,False,1000,2.7496188,999.0002,10.0,0.4204,0.0,Riptide,Riptide,362.0729,1348677.0
2026-09-13T12:46:08+00:00,TSLAx,TSLA,False,10000,27.49552619,9989.7618,10.24,0.4228,0.0,Riptide + Whirlpool + BinaryFi,Riptide,362.0729,1348677.0
2026-09-13T12:46:08+00:00,NVDAx,NVDA,False,100,0.46505021,99.9513,4.87,0.0474,0.0013,TesseraV + Raydium CLMM,Raydium CLMM,214.5132,1854054.0
2026-09-13T12:46:08+00:00,NVDAx,NVDA,False,1000,4.6499466,999.253,7.47,0.0594,0.0153,TesseraV + Raydium CLMM,Raydium CLMM,214.5132,1854054.0
2026-09-13T12:46:08+00:00,NVDAx,NVDA,False,10000,46.48556355,9988.8707,11.13,0.0892,0.0221,Riptide + TesseraV + Raydium CLMM + Whirlpool,Raydium CLMM + Riptide,214.5132,1854054.0
2026-09-13T12:46:08+00:00,SPYx,SPY,False,100,0.13079433,99.9961,0.39,0.0,0.0493,Byreal,Raydium CLMM,760.3812,3814490.0
2026-09-13T12:46:08+00:00,SPYx,SPY,False,1000,1.30793249,999.8654,1.35,0.0,0.058,Riptide,Whirlpool + Raydium CLMM,760.3812,3814490.0
2026-09-13T12:46:08+00:00,SPYx,SPY,False,10000,13.07932602,9994.9976,5.0,0.0,0.0945,Byreal + Riptide,Byreal + Raydium CLMM + Riptide,760.3812,3814490.0
2026-09-13T12:46:08+00:00,MSTRx,MSTR,False,100,0.78098566,99.9805,1.95,0.0,0.0557,Riptide,Byreal,128.0595,713583.0
2026-09-13T12:46:08+00:00,MSTRx,MSTR,False,1000,7.80985663,999.1794,8.21,0.0,0.1182,Riptide,Riptide + Whirlpool + Byreal,128.0595,713583.0
2026-09-13T12:46:08+00:00,MSTRx,MSTR,False,10000,78.07642542,9985.3161,14.68,0.0,0.1546,Riptide,Raydium CLMM + Byreal + Riptide,128.0595,713583.0
2026-09-13T12:46:08+00:00,METAx,META,False,100,0.15521669,99.669,33.1,0.3251,0.0059,Whirlpool,Whirlpool,640.5627,203689.0
2026-09-13T12:46:08+00:00,METAx,META,False,1000,1.55136797,995.6226,43.77,0.3764,0.0615,Whirlpool,Whirlpool,640.5627,203689.0
2026-09-13T12:46:08+00:00,METAx,META,False,10000,15.47063564,9902.9779,97.02,0.6528,0.3195,Byreal + Raydium CLMM + Whirlpool,Byreal + Whirlpool + Raydium CLMM,640.5627,203689.0
2026-09-13T12:46:08+00:00,GOOGLx,GOOGL,False,100,0.29470471,99.7539,24.61,0.3177,0.0,Deriverse + BisonFi + Meteora DLMM,Whirlpool,337.3632,302526.0
2026-09-13T12:46:08+00:00,GOOGLx,GOOGL,False,1000,2.94700537,997.0624,29.38,0.3191,0.0,TesseraV + Meteora DLMM,Byreal,337.3632,302526.0
2026-09-13T12:46:08+00:00,GOOGLx,GOOGL,False,10000,29.41515065,9938.7768,61.22,0.5048,0.1079,Raydium CLMM + Whirlpool + TesseraV + Meteora DLMM,Raydium CLMM + Byreal + Whirlpool,337.3632,302526.0
2026-09-13T12:46:08+00:00,AMZNx,AMZN,False,100,0.39227647,99.5943,40.57,0.4025,0.0032,Byreal,Byreal,253.8365,199153.0
2026-09-13T12:46:08+00:00,AMZNx,AMZN,False,1000,3.92169933,995.3995,46.0,0.4296,0.0306,Byreal,Byreal,253.8365,199153.0
2026-09-13T12:46:08+00:00,AMZNx,AMZN,False,10000,39.14952892,9914.9729,85.03,0.6009,0.2509,Byreal + Raydium CLMM,Byreal + Raydium CLMM + Flux,253.8365,199153.0
2026-09-13T12:51:47+00:00,AAPLx,AAPL,False,100,0.30088766,99.7842,21.58,1.1676,0.0,Raydium CLMM,Byreal,327.3185,840231.0
2026-09-13T12:51:47+00:00,AAPLx,AAPL,False,1000,3.00601889,996.7803,32.2,1.2615,0.0,Raydium CLMM,Raydium CLMM,327.3185,840231.0
2026-09-13T12:51:47+00:00,AAPLx,AAPL,False,10000,30.02727811,9952.7903,47.21,1.3696,0.0,Byreal + Whirlpool + Raydium CLMM,Whirlpool + Raydium CLMM + Byreal,327.3185,840231.0
2026-09-13T12:51:47+00:00,TSLAx,TSLA,False,100,0.27485908,99.946,5.4,0.4916,0.0,Raydium CLMM,Riptide,363.7203,1348563.0
2026-09-13T12:51:47+00:00,TSLAx,TSLA,False,1000,2.74822073,999.3258,6.74,0.0717,0.0,Raydium CLMM,Riptide,363.7203,1348563.0
2026-09-13T12:51:47+00:00,TSLAx,TSLA,False,10000,27.47437645,9990.4104,9.59,0.1002,0.0,Raydium CLMM + Whirlpool + Riptide,Riptide,363.7203,1348563.0
2026-09-13T12:51:47+00:00,NVDAx,NVDA,False,100,0.4648654,99.9,10.0,0.0208,0.0791,Riptide,Riptide,214.5622,1852916.0
2026-09-13T12:51:47+00:00,NVDAx,NVDA,False,1000,4.64865409,999.1314,8.69,0.0208,0.066,Riptide,Riptide,214.5622,1852916.0
2026-09-13T12:51:47+00:00,NVDAx,NVDA,False,10000,46.47070959,9987.9111,12.09,0.0549,0.066,HumidiFi + Raydium CLMM + Riptide,Riptide,214.5622,1852916.0
2026-09-13T12:51:47+00:00,SPYx,SPY,False,100,0.13078258,99.989,1.1,0.0024,0.0086,Byreal,Raydium CLMM,760.0779,3793711.0
2026-09-13T12:51:47+00:00,SPYx,SPY,False,1000,1.30771503,999.7127,2.87,0.0109,0.0179,Riptide,Raydium CLMM,760.0779,3793711.0
2026-09-13T12:51:47+00:00,SPYx,SPY,False,10000,13.07717872,9994.5921,5.41,0.0,0.0837,Whirlpool + Byreal + Riptide,Riptide + Raydium CLMM + Byreal,760.0779,3793711.0
2026-09-13T12:51:47+00:00,MSTRx,MSTR,False,100,0.78041466,99.9162,8.38,0.0443,0.0395,Riptide,Riptide,128.0491,713548.0
2026-09-13T12:51:47+00:00,MSTRx,MSTR,False,1000,7.80288595,999.0005,10.0,0.0605,0.0395,Riptide,Riptide,128.0491,713548.0
2026-09-13T12:51:47+00:00,METAx,META,False,100,0.15525258,99.669,33.1,0.0057,0.3253,Whirlpool,Whirlpool,642.4419,202781.0
2026-09-13T12:51:47+00:00,METAx,META,False,1000,1.55173871,995.6091,43.91,0.0564,0.3829,Whirlpool,Whirlpool,642.4419,202781.0
2026-09-13T12:51:47+00:00,METAx,META,False,10000,15.47375873,9902.3116,97.69,0.3374,0.6416,Whirlpool + Byreal + Raydium CLMM,Raydium CLMM + Whirlpool + Byreal,642.4419,202781.0
2026-09-13T12:51:47+00:00,GOOGLx,GOOGL,False,100,0.29456303,99.6854,31.46,0.3083,0.0064,Quay + Whirlpool + Meteora DLMM,Byreal,337.5547,302757.0
2026-09-13T12:51:47+00:00,GOOGLx,GOOGL,False,1000,2.94558001,996.3878,36.12,0.31,0.0514,Whirlpool + Meteora DLMM,Byreal,337.5547,302757.0
2026-09-13T12:51:47+00:00,GOOGLx,GOOGL,False,10000,29.40456954,9934.2453,65.75,0.4834,0.175,Raydium CLMM + Whirlpool + Quantum + Meteora DLMM,Byreal + Meteora DLMM + HumidiFi + Raydium CLMM,337.5547,302757.0
2026-09-13T12:51:47+00:00,AMZNx,AMZN,False,100,0.39228089,99.5943,40.57,0.4028,0.0029,Byreal,Byreal,253.8309,198779.0
2026-09-13T12:51:47+00:00,AMZNx,AMZN,False,1000,3.92174284,995.3993,46.01,0.4299,0.0303,Byreal,Byreal,253.8309,198779.0
2026-09-13T12:51:47+00:00,AMZNx,AMZN,False,10000,39.1512334,9914.6502,85.35,0.5979,0.2571,Raydium CLMM + Byreal,Byreal + Raydium CLMM + HumidiFi,253.8309,198779.0
2026-09-13T12:57:25+00:00,AAPLx,AAPL,False,100,0.30073382,99.7738,22.62,0.0199,0.2063,Raydium CLMM,Raydium CLMM,331.2954,840613.0
2026-09-13T12:57:25+00:00,AAPLx,AAPL,False,1000,3.00530604,996.544,34.56,0.0875,0.2584,Whirlpool,Raydium CLMM,331.2954,840613.0
2026-09-13T12:57:25+00:00,AAPLx,AAPL,False,10000,30.02565788,9952.2257,47.77,0.1786,0.2997,Byreal + Raydium CLMM + Whirlpool,Byreal + Whirlpool + Raydium CLMM,331.2954,840613.0
2026-09-13T12:57:25+00:00,TSLAx,TSLA,False,100,0.27478815,99.9315,6.85,0.0,0.0782,Riptide,Whirlpool,363.8698,1353730.0
2026-09-13T12:57:25+00:00,TSLAx,TSLA,False,1000,2.74788152,999.0015,9.99,0.1788,0.1114,Riptide,Riptide,363.8698,1353730.0
2026-09-13T12:57:25+00:00,NVDAx,NVDA,False,100,0.46504689,99.9053,9.47,0.0798,0.0148,Whirlpool,Byreal,214.4469,1852156.0
2026-09-13T12:57:25+00:00,NVDAx,NVDA,False,1000,4.65032748,999.0005,10.0,0.0829,0.0812,Riptide,Riptide,214.4469,1852156.0
2026-09-13T12:57:25+00:00,NVDAx,NVDA,False,10000,46.49240543,9987.6937,12.31,0.0,0.1795,Whirlpool + Riptide,Riptide + Whirlpool,214.4469,1852156.0
2026-09-13T12:57:25+00:00,SPYx,SPY,False,100,0.13067,99.9932,0.68,0.0,0.0174,Scorch,Raydium CLMM,760.8459,3897455.0
2026-09-13T12:57:25+00:00,SPYx,SPY,False,1000,1.30641103,999.625,3.75,0.0116,0.0259,Riptide,Raydium CLMM,760.8459,3897455.0
2026-09-13T12:57:25+00:00,SPYx,SPY,False,10000,13.06346849,9993.9168,6.08,0.0165,0.0443,Riptide + Raydium CLMM,Byreal + Raydium CLMM + Riptide,760.8459,3897455.0
2026-09-13T12:57:25+00:00,MSTRx,MSTR,False,100,0.78005118,99.9,10.0,0.0,0.1229,Riptide,Riptide,128.1971,713557.0
2026-09-13T12:57:25+00:00,MSTRx,MSTR,False,1000,7.80051184,998.9974,10.03,0.0,0.1232,Riptide,Riptide,128.1971,713557.0
2026-09-13T12:57:25+00:00,MSTRx,MSTR,False,10000,77.99522681,9984.8683,15.13,0.0,0.1616,Riptide,Riptide + Byreal,128.1971,713557.0
2026-09-13T12:57:25+00:00,METAx,META,False,100,0.15518104,99.6691,33.09,0.3253,0.0056,Whirlpool,Whirlpool,640.6944,203699.0
2026-09-13T12:57:25+00:00,METAx,META,False,1000,1.5509994,995.639,43.61,0.3774,0.0589,Whirlpool,Whirlpool,640.6944,203699.0
2026-09-13T12:57:25+00:00,METAx,META,False,10000,15.48285979,9914.6075,85.39,0.5517,0.3039,Byreal + Whirlpool + Raydium CLMM,Whirlpool + Raydium CLMM + Byreal,640.6944,203699.0
2026-09-13T12:57:25+00:00,GOOGLx,GOOGL,False,100,0.29452007,99.6692,33.08,0.3252,0.0056,Whirlpool,Byreal,337.5522,302394.0
2026-09-13T12:57:25+00:00,GOOGLx,GOOGL,False,1000,2.94508993,996.206,37.94,0.3289,0.0506,Quantum + Meteora DLMM,Byreal,337.5522,302394.0
2026-09-13T12:57:25+00:00,GOOGLx,GOOGL,False,10000,29.40690714,9935.4356,64.56,0.4778,0.1686,TesseraV + Meteora DLMM + Whirlpool + Raydium CLMM,Meteora DLMM + HumidiFi + Byreal + Raydium CLMM,337.5522,302394.0
2026-09-13T12:57:25+00:00,AMZNx,AMZN,False,100,0.39229221,99.5944,40.56,0.4003,0.0053,Byreal,Byreal,253.834,198650.0
2026-09-13T12:57:25+00:00,AMZNx,AMZN,False,1000,3.92186702,995.4062,45.94,0.4271,0.0324,Byreal,Byreal,253.834,198650.0
2026-09-13T12:57:25+00:00,AMZNx,AMZN,False,10000,39.15319773,9914.9521,85.05,0.5933,0.2587,Raydium CLMM + Byreal + Flux,Raydium CLMM + HumidiFi + Byreal,253.834,198650.0
2026-09-13T13:03:03+00:00,AAPLx,AAPL,False,100,0.30073851,99.7738,22.62,0.2718,0.0,Raydium CLMM,Raydium CLMM,330.4582,838023.0
2026-09-13T13:03:03+00:00,AAPLx,AAPL,False,1000,3.00530223,996.4731,35.27,0.3409,0.0119,Whirlpool,Whirlpool,330.4582,838023.0
2026-09-13T13:03:03+00:00,AAPLx,AAPL,False,10000,30.02556305,9951.6795,48.32,0.4318,0.0517,Byreal + Whirlpool + Raydium CLMM,Byreal + Whirlpool + Raydium CLMM,330.4582,838023.0
2026-09-13T13:03:03+00:00,TSLAx,TSLA,False,100,0.27474256,99.9332,6.68,0.3844,0.0,Riptide,Whirlpool,362.4982,1352299.0
2026-09-13T13:03:03+00:00,TSLAx,TSLA,False,1000,2.74742568,999.0341,9.66,0.3844,0.2116,Riptide,Riptide + Whirlpool,362.4982,1352299.0
2026-09-13T13:03:03+00:00,NVDAx,NVDA,False,100,0.46499371,99.9,10.0,0.0,0.1577,Riptide,Riptide,214.7682,1851271.0
2026-09-13T13:03:03+00:00,NVDAx,NVDA,False,1000,4.64993717,999.0005,10.0,0.0,0.0292,Riptide,Riptide,214.7682,1851271.0
2026-09-13T13:03:03+00:00,NVDAx,NVDA,False,10000,46.48852198,9987.674,12.33,0.0941,0.0292,Whirlpool + Riptide,Riptide,214.7682,1851271.0
2026-09-13T13:03:03+00:00,SPYx,SPY,False,100,0.13067,99.9818,1.82,0.0164,0.0019,Scorch,Raydium CLMM,760.6461,3995606.0
2026-09-13T13:03:03+00:00,SPYx,SPY,False,1000,1.30653987,999.6096,3.9,0.0286,0.0104,Raydium CLMM,Raydium CLMM,760.6461,3995606.0
2026-09-13T13:03:03+00:00,SPYx,SPY,False,10000,13.06406577,9994.3215,5.68,0.0388,0.018,Riptide + Byreal + Raydium CLMM,Riptide + Raydium CLMM + AlphaQ,760.6461,3995606.0
2026-09-13T13:03:03+00:00,MSTRx,MSTR,False,100,0.78062947,99.9292,7.08,0.0,0.0711,Riptide,Byreal,128.0739,712693.0
2026-09-13T13:03:03+00:00,MSTRx,MSTR,False,1000,7.80629478,999.0005,10.0,0.0,0.1002,Riptide,Riptide,128.0739,712693.0
2026-09-13T13:03:03+00:00,MSTRx,MSTR,False,10000,78.0408999,9984.9716,15.03,0.028,0.1223,Riptide,Riptide + Byreal,128.0739,712693.0
2026-09-13T13:03:03+00:00,METAx,META,False,100,0.15520476,99.6691,33.09,0.0065,0.3244,Whirlpool,Whirlpool,642.6491,203483.0
2026-09-13T13:03:03+00:00,METAx,META,False,1000,1.55124564,995.6306,43.69,0.0582,0.379,Whirlpool,Whirlpool,642.6491,203483.0
2026-09-13T13:03:03+00:00,METAx,META,False,10000,15.48375276,9914.3303,85.67,0.2431,0.6151,Whirlpool + Byreal + Raydium CLMM,Byreal + Raydium CLMM + Whirlpool,642.6491,203483.0
2026-09-13T13:03:03+00:00,GOOGLx,GOOGL,False,100,0.29451983,99.6692,33.08,0.3507,0.0,Whirlpool,Byreal,337.468,304901.0
2026-09-13T13:03:03+00:00,GOOGLx,GOOGL,False,1000,2.94444301,996.0289,39.71,0.3763,0.0209,SolFi V2 + GoonFi V2 + Meteora DLMM,Raydium CLMM,337.468,304901.0
2026-09-13T13:03:03+00:00,GOOGLx,GOOGL,False,10000,29.3924424,9933.9947,66.01,0.5522,0.1085,Whirlpool + Raydium CLMM + BinaryFi + Meteora DLMM,Raydium CLMM + Meteora DLMM + HumidiFi + Byreal,337.468,304901.0
2026-09-13T13:03:03+00:00,AMZNx,AMZN,False,100,0.39233917,99.5944,40.56,0.0679,0.3379,Byreal,Byreal,254.6523,197694.0
2026-09-13T13:03:03+00:00,AMZNx,AMZN,False,1000,3.92233068,995.4047,45.95,0.0949,0.3649,Byreal,Byreal,254.6523,197694.0
2026-09-13T13:03:03+00:00,AMZNx,AMZN,False,10000,39.15765937,9913.7137,86.29,0.2621,0.6023,Byreal + Raydium CLMM,Raydium CLMM + Byreal + Quantum,254.6523,197694.0
2026-09-13T13:08:41+00:00,AAPLx,AAPL,False,100,0.30089329,99.7743,22.57,0.2118,0.0139,Raydium CLMM,Whirlpool,330.4884,831462.0
2026-09-13T13:08:41+00:00,AAPLx,AAPL,False,1000,3.00675652,996.9278,30.72,0.284,0.0233,HumidiFi + Whirlpool,Raydium CLMM,330.4884,831462.0
2026-09-13T13:08:41+00:00,AAPLx,AAPL,False,10000,30.03528671,9954.3554,45.64,0.391,0.0657,Raydium CLMM + HumidiFi + Whirlpool,Byreal + Whirlpool + Raydium CLMM,330.4884,831462.0
2026-09-13T13:08:41+00:00,TSLAx,TSLA,False,100,0.27487992,99.9214,7.86,0.0581,0.0205,Whirlpool,Riptide,363.9665,1355553.0
2026-09-13T13:08:41+00:00,TSLAx,TSLA,False,1000,2.74821116,999.0005,10.0,0.0795,0.0517,Riptide,Riptide,363.9665,1355553.0
2026-09-13T13:08:41+00:00,TSLAx,TSLA,False,10000,27.48073265,9989.5037,10.5,0.0532,0.0517,BinaryFi + Riptide,Riptide,363.9665,1355553.0
2026-09-13T13:08:41+00:00,NVDAx,NVDA,False,100,0.46524494,99.92,8.0,0.0453,0.0347,Whirlpool,Riptide,214.4324,1851394.0
2026-09-13T13:08:41+00:00,NVDAx,NVDA,False,1000,4.65151865,999.014,9.86,0.0653,0.0333,Riptide,Riptide,214.4324,1851394.0
2026-09-13T13:08:41+00:00,NVDAx,NVDA,False,10000,46.50357176,9987.6456,12.35,0.0902,0.0333,Whirlpool + Riptide + Raydium CLMM,Riptide,214.4324,1851394.0
2026-09-13T13:08:41+00:00,SPYx,SPY,False,100,0.1307186,99.9962,0.38,0.0012,0.0026,Raydium CLMM,Riptide,760.4836,3946340.0
2026-09-13T13:08:41+00:00,SPYx,SPY,False,1000,1.30707318,999.8758,1.24,0.0098,0.0026,Raydium CLMM,Riptide,760.4836,3946340.0
2026-09-13T13:08:41+00:00,SPYx,SPY,False,10000,13.06616987,9995.268,4.73,0.0447,0.0026,Raydium CLMM + Riptide + Byreal,Riptide,760.4836,3946340.0
2026-09-13T13:08:41+00:00,MSTRx,MSTR,False,100,0.78086655,99.9348,6.52,0.0,0.0952,Riptide,Byreal,128.0739,712693.0
2026-09-13T13:08:41+00:00,MSTRx,MSTR,False,1000,7.80866557,999.0393,9.61,0.0,0.1261,Riptide,Byreal + Riptide,128.0739,712693.0
2026-09-13T13:08:41+00:00,MSTRx,MSTR,False,10000,78.06444161,9984.9791,15.02,0.0,0.1518,Riptide,Byreal + Riptide,128.0739,712693.0
2026-09-13T13:08:41+00:00,METAx,META,False,100,0.15515867,99.6692,33.08,0.3201,0.0107,Whirlpool,Whirlpool,640.8281,204112.0
2026-09-13T13:08:41+00:00,METAx,META,False,1000,1.55078236,995.6645,43.35,0.3718,0.062,Whirlpool,Whirlpool,640.8281,204112.0
2026-09-13T13:08:41+00:00,METAx,META,False,10000,15.48229247,9915.095,84.91,0.5343,0.3164,Byreal + Whirlpool + Raydium CLMM,Byreal + Raydium CLMM + Whirlpool,640.8281,204112.0
2026-09-13T13:08:41+00:00,GOOGLx,GOOGL,False,100,0.29451683,99.6774,32.26,0.324,0.0,Whirlpool,Meteora DLMM + TesseraV,337.559,304928.0
2026-09-13T13:08:41+00:00,GOOGLx,GOOGL,False,1000,2.94353582,996.23,37.7,0.3793,0.0,Whirlpool,Meteora DLMM + TesseraV,337.559,304928.0
2026-09-13T13:08:41+00:00,GOOGLx,GOOGL,False,10000,29.39182254,9934.7883,65.21,0.5266,0.1262,HumidiFi + Meteora DLMM + Whirlpool + Raydium CLMM,Raydium CLMM + Meteora DLMM + HumidiFi + Byreal,337.559,304928.0
2026-09-13T13:08:41+00:00,AMZNx,AMZN,False,100,0.39237907,99.5944,40.56,0.4025,0.0032,Byreal,Byreal,253.7718,197334.0
2026-09-13T13:08:41+00:00,AMZNx,AMZN,False,1000,3.92272646,995.4021,45.98,0.4295,0.0305,Byreal,Byreal,253.7718,197334.0
2026-09-13T13:08:41+00:00,AMZNx,AMZN,False,10000,39.16088222,9913.6313,86.37,0.598,0.2673,Raydium CLMM + Byreal + Quantum,Byreal + Raydium CLMM + Flux,253.7718,197334.0
2026-09-13T13:14:18+00:00,AAPLx,AAPL,False,100,0.3010955,99.916,8.4,0.0356,0.0484,HumidiFi + Whirlpool,Raydium CLMM,330.8508,830809.0
2026-09-13T13:14:18+00:00,AAPLx,AAPL,False,1000,3.00935163,997.7881,22.12,0.0888,0.1325,HumidiFi + Whirlpool,Raydium CLMM,330.8508,830809.0
2026-09-13T13:14:18+00:00,AAPLx,AAPL,False,10000,30.04103462,9956.2594,43.74,0.2631,0.1748,TesseraV + Whirlpool + Raydium CLMM,Byreal + Raydium CLMM + Whirlpool,330.8508,830809.0
2026-09-13T13:14:18+00:00,TSLAx,TSLA,False,100,0.27483661,99.9158,8.42,0.0,0.138,Whirlpool,Riptide,363.9445,1352014.0
2026-09-13T13:14:18+00:00,TSLAx,TSLA,False,1000,2.74808368,999.0005,10.0,0.0399,0.0643,Riptide,Riptide,363.9445,1352014.0
2026-09-13T13:14:18+00:00,NVDAx,NVDA,False,100,0.4652048,99.9342,6.58,0.091,0.021,Whirlpool,Riptide,214.3536,1850012.0
2026-09-13T13:14:18+00:00,NVDAx,NVDA,False,1000,4.6504591,999.0005,10.0,0.0789,0.021,Riptide,Riptide,214.3536,1850012.0
2026-09-13T13:14:18+00:00,NVDAx,NVDA,False,10000,46.49344144,9987.6318,12.37,0.0579,0.0658,Riptide + Raydium CLMM,Riptide + Whirlpool,214.3536,1850012.0
2026-09-13T13:14:18+00:00,SPYx,SPY,False,100,0.13073294,99.9869,1.31,0.0,0.0134,Raydium CLMM,Byreal,760.4137,3894919.0
2026-09-13T13:14:18+00:00,SPYx,SPY,False,1000,1.30731659,999.6882,3.12,0.0007,0.0305,Riptide,Byreal,760.4137,3894919.0
2026-09-13T13:14:18+00:00,SPYx,SPY,False,10000,13.07315833,9995.4502,4.55,0.0008,0.0447,Raydium CLMM + AlphaQ + Riptide,Byreal + Raydium CLMM,760.4137,3894919.0
2026-09-13T13:14:18+00:00,MSTRx,MSTR,False,100,0.77954293,99.9,10.0,0.0907,0.0092,Riptide,Riptide,128.1369,712652.0
2026-09-13T13:14:18+00:00,MSTRx,MSTR,False,1000,7.7954293,998.8691,11.31,0.0907,0.0224,Riptide,Riptide,128.1369,712652.0
2026-09-13T13:14:18+00:00,MSTRx,MSTR,False,10000,77.94252479,9984.8435,15.16,0.1058,0.0458,Riptide,Riptide,128.1369,712652.0
2026-09-13T13:14:18+00:00,METAx,META,False,100,0.15513963,99.6692,33.08,0.0053,0.3255,Whirlpool,Whirlpool,642.9328,204455.0
2026-09-13T13:14:18+00:00,METAx,META,False,1000,1.55059572,995.6784,43.22,0.0569,0.3754,Whirlpool,Whirlpool,642.9328,204455.0
2026-09-13T13:14:18+00:00,METAx,META,False,10000,15.48139785,9915.3803,84.62,0.2152,0.6323,Byreal + Raydium CLMM + Whirlpool,Raydium CLMM + Whirlpool + Byreal,642.9328,204455.0
2026-09-13T13:14:18+00:00,GOOGLx,GOOGL,False,100,0.29450754,99.7289,27.11,0.0068,0.2643,Whirlpool,Meteora DLMM + HumidiFi,338.6502,304994.0
2026-09-13T13:14:18+00:00,GOOGLx,GOOGL,False,1000,2.943443,996.7647,32.35,0.0622,0.2615,Whirlpool,Meteora DLMM + Quantum,338.6502,304994.0
2026-09-13T13:14:18+00:00,GOOGLx,GOOGL,False,10000,29.38870332,9934.8317,65.17,0.2175,0.4352,Raydium CLMM + Byreal + Whirlpool,Byreal + Meteora DLMM + Quantum + Raydium CLMM,338.6502,304994.0
2026-09-13T13:14:18+00:00,AMZNx,AMZN,False,100,0.39237907,99.5944,40.56,0.3721,0.0336,Byreal,Byreal,253.8538,197216.0
2026-09-13T13:14:18+00:00,AMZNx,AMZN,False,1000,3.92272646,995.4021,45.98,0.3991,0.0609,Byreal,Byreal,253.8538,197216.0
2026-09-13T13:14:18+00:00,AMZNx,AMZN,False,10000,39.16093149,9913.6199,86.38,0.5675,0.298,Byreal + HumidiFi + Raydium CLMM,Raydium CLMM + TesseraV + Byreal,253.8538,197216.0
2026-09-13T13:19:59+00:00,AAPLx,AAPL,False,100,0.30058019,99.7832,21.68,0.2043,0.0124,Raydium CLMM,Raydium CLMM,330.8564,836503.0
2026-09-13T13:19:59+00:00,AAPLx,AAPL,False,1000,3.00532197,996.4973,35.03,0.2203,0.1303,Whirlpool,Raydium CLMM,330.8564,836503.0
2026-09-13T13:19:59+00:00,AAPLx,AAPL,False,10000,30.02528935,9951.3946,48.61,0.313,0.1736,Byreal + Whirlpool + TesseraV,Raydium CLMM + Byreal + Whirlpool,330.8564,836503.0
2026-09-13T13:19:59+00:00,TSLAx,TSLA,False,100,0.27500275,99.9203,7.97,0.2114,0.0,Riptide,Whirlpool,362.7852,1345401.0
2026-09-13T13:19:59+00:00,TSLAx,TSLA,False,1000,2.75002475,999.0005,10.0,0.2114,0.0,Riptide,Riptide,362.7852,1345401.0
2026-09-13T13:19:59+00:00,TSLAx,TSLA,False,10000,27.49862933,9989.4374,10.56,0.2173,0.0,BinaryFi + Riptide,Whirlpool + Riptide,362.7852,1345401.0
2026-09-13T13:19:59+00:00,NVDAx,NVDA,False,100,0.46519108,99.9,10.0,0.0232,0.0767,Riptide,Riptide,214.5038,1844283.0
2026-09-13T13:19:59+00:00,NVDAx,NVDA,False,1000,4.65191087,999.0219,9.78,0.0232,0.0746,Riptide,Riptide,214.5038,1844283.0
2026-09-13T13:19:59+00:00,NVDAx,NVDA,False,10000,46.50688073,9987.5934,12.41,0.0495,0.0746,Riptide + Whirlpool,Riptide,214.5038,1844283.0
2026-09-13T13:19:59+00:00,SPYx,SPY,False,100,0.13073371,99.9802,1.98,0.018,0.0018,Byreal,Byreal,760.2645,3860374.0
2026-09-13T13:19:59+00:00,SPYx,SPY,False,1000,1.30722363,999.606,3.94,0.0267,0.0127,Raydium CLMM,Raydium CLMM,760.2645,3860374.0
2026-09-13T13:19:59+00:00,SPYx,SPY,False,10000,13.07052826,9994.3497,5.65,0.0398,0.0167,Raydium CLMM + Riptide + Byreal,Byreal + Riptide + Raydium CLMM,760.2645,3860374.0
2026-09-13T13:19:59+00:00,MSTRx,MSTR,False,100,0.7806954,99.9129,8.71,0.0076,0.0795,Riptide,Byreal,128.0533,712651.0
2026-09-13T13:19:59+00:00,MSTRx,MSTR,False,1000,7.80811237,999.0005,10.0,0.0,0.1072,Riptide,Riptide,128.0533,712651.0
2026-09-13T13:19:59+00:00,MSTRx,MSTR,False,10000,78.05898356,9984.9592,15.04,0.0211,0.1293,Riptide,Byreal + Riptide,128.0533,712651.0
2026-09-13T13:19:59+00:00,METAx,META,False,100,0.15515087,99.6692,33.08,0.0,0.3839,Whirlpool,Whirlpool,643.2586,204143.0
2026-09-13T13:19:59+00:00,METAx,META,False,1000,1.55070525,995.6698,43.3,0.0,0.4345,Whirlpool,Whirlpool,643.2586,204143.0
2026-09-13T13:19:59+00:00,METAx,META,False,10000,15.48186773,9915.3924,84.61,0.1609,0.6862,Raydium CLMM + Whirlpool + Byreal,Byreal + Raydium CLMM + Whirlpool,643.2586,204143.0
2026-09-13T13:19:59+00:00,GOOGLx,GOOGL,False,100,0.29438172,99.7624,23.76,0.376,0.0,Flux + Meteora DLMM,Whirlpool,337.5417,305606.0
2026-09-13T13:19:59+00:00,GOOGLx,GOOGL,False,1000,2.94367369,997.0229,29.77,0.3808,0.0,Quantum + Meteora DLMM,Whirlpool,337.5417,305606.0
2026-09-13T13:19:59+00:00,GOOGLx,GOOGL,False,10000,29.39774553,9938.6263,61.37,0.5128,0.1015,BisonFi + Meteora DLMM + Byreal + Raydium CLMM,Whirlpool + Byreal + Raydium CLMM,337.5417,305606.0
2026-09-13T13:19:59+00:00,AMZNx,AMZN,False,100,0.39237907,99.5944,40.56,0.0119,0.3938,Byreal,Byreal,254.7699,197205.0
2026-09-13T13:19:59+00:00,AMZNx,AMZN,False,1000,3.92272646,995.4021,45.98,0.039,0.421,Byreal,Byreal,254.7699,197205.0
2026-09-13T13:19:59+00:00,AMZNx,AMZN,False,10000,39.1616201,9913.4987,86.5,0.5966,0.27,Raydium CLMM + BisonFi + Byreal,Raydium CLMM + HumidiFi + Byreal,254.7699,197205.0
2026-09-13T13:25:37+00:00,AAPLx,AAPL,False,100,0.30090125,99.809,19.1,0.1855,0.0056,Quay + GoonFi V2 + Whirlpool,Raydium CLMM,330.5693,836967.0
2026-09-13T13:25:37+00:00,AAPLx,AAPL,False,1000,3.00742537,997.1704,28.3,0.2381,0.0449,GoonFi V2 + BisonFi + Whirlpool,Whirlpool,330.5693,836967.0
2026-09-13T13:25:37+00:00,AAPLx,AAPL,False,10000,30.03667868,9955.1673,44.83,0.3628,0.0859,Raydium CLMM + BisonFi + Whirlpool,Whirlpool + Raydium CLMM + Byreal,330.5693,836967.0
2026-09-13T13:25:37+00:00,TSLAx,TSLA,False,100,0.27510794,99.9362,6.38,0.0204,0.0434,Riptide,Whirlpool,363.3427,1347597.0
2026-09-13T13:25:37+00:00,TSLAx,TSLA,False,1000,2.75107941,999.0005,10.0,0.0204,0.0796,Riptide,Riptide,363.3427,1347597.0
2026-09-13T13:25:37+00:00,TSLAx,TSLA,False,10000,27.5093076,9989.6603,10.34,0.0258,0.4119,BinaryFi + Riptide,Riptide + Whirlpool,363.3427,1347597.0
2026-09-13T13:25:37+00:00,NVDAx,NVDA,False,100,0.46555526,99.9331,6.69,0.0652,0.0017,Riptide,Raydium CLMM,214.2474,1846024.0
2026-09-13T13:25:37+00:00,NVDAx,NVDA,False,1000,4.65532872,999.1344,8.66,0.07,0.0166,Riptide,Raydium CLMM,214.2474,1846024.0
2026-09-13T13:25:37+00:00,NVDAx,NVDA,False,10000,46.54152626,9987.6022,12.4,0.0952,0.0288,Riptide + Whirlpool + Meteora DLMM + Raydium CLMM,Riptide + Raydium CLMM,214.2474,1846024.0
2026-09-13T13:25:37+00:00,SPYx,SPY,False,100,0.13081789,99.9993,0.07,0.0,0.3671,Riptide,Raydium CLMM,759.9213,3720569.0
2026-09-13T13:25:37+00:00,SPYx,SPY,False,1000,1.30817891,999.9124,0.88,0.0,0.3752,Riptide,Byreal + Raydium CLMM + PancakeSwap,759.9213,3720569.0
2026-09-13T13:25:37+00:00,SPYx,SPY,False,10000,13.08178399,9995.2302,4.77,0.0,0.414,Riptide,Riptide + Byreal + Raydium CLMM,759.9213,3720569.0
2026-09-13T13:25:37+00:00,MSTRx,MSTR,False,100,0.78228067,99.9662,3.38,0.0188,0.015,Riptide,Raydium CLMM,127.7803,712602.0
2026-09-13T13:25:37+00:00,MSTRx,MSTR,False,1000,7.82280673,999.2142,7.86,0.0188,0.0593,Riptide,Raydium CLMM,127.7803,712602.0
2026-09-13T13:25:37+00:00,MSTRx,MSTR,False,10000,78.20915688,9985.702,14.3,0.0435,0.0996,Riptide,Riptide + Raydium CLMM + Byreal,127.7803,712602.0
2026-09-13T13:25:37+00:00,METAx,META,False,100,0.15532917,99.7619,23.81,0.0,0.3193,Kipseli + Meteora DLMM,Whirlpool,642.7082,203581.0
2026-09-13T13:25:37+00:00,METAx,META,False,1000,1.55104778,995.6507,43.49,0.0632,0.372,Whirlpool,Whirlpool,642.7082,203581.0
2026-09-13T13:25:37+00:00,METAx,META,False,10000,15.48315283,9914.96,85.04,0.2392,0.6126,Byreal + Raydium CLMM + Whirlpool,Raydium CLMM + Byreal + Whirlpool,642.7082,203581.0
2026-09-13T13:25:37+00:00,GOOGLx,GOOGL,False,100,0.29498109,99.9364,6.36,0.0461,0.0175,HumidiFi + Meteora DLMM,Whirlpool,337.9753,305170.0
2026-09-13T13:25:37+00:00,GOOGLx,GOOGL,False,1000,2.94989844,998.8294,11.71,0.0431,0.074,HumidiFi + Meteora DLMM,Whirlpool,337.9753,305170.0
2026-09-13T13:25:37+00:00,GOOGLx,GOOGL,False,10000,29.42657773,9947.4815,52.52,0.2885,0.2374,TesseraV + Meteora DLMM + Byreal + Whirlpool,Raydium CLMM + Whirlpool + Byreal,337.9753,305170.0
2026-09-13T13:25:37+00:00,AMZNx,AMZN,False,100,0.3929544,99.7182,28.18,0.2792,0.0026,Flux + Raydium CLMM,Byreal,253.7195,198687.0
2026-09-13T13:25:37+00:00,AMZNx,AMZN,False,1000,3.92359953,995.3637,46.36,0.4301,0.0337,Byreal,Byreal,253.7195,198687.0
2026-09-13T13:25:37+00:00,AMZNx,AMZN,False,10000,39.17195277,9916.5082,83.49,0.5926,0.2437,Raydium CLMM + Byreal + Quantum,Raydium CLMM + Flux + Byreal,253.7195,198687.0
2026-09-13T13:31:20+00:00,AAPLx,AAPL,False,100,0.30096321,99.7948,20.52,0.2018,0.0035,Raydium CLMM,Byreal,330.4365,826532.0
2026-09-13T13:31:20+00:00,AAPLx,AAPL,False,1000,3.00797608,997.2064,27.94,0.2567,0.0227,Raydium CLMM,Whirlpool,330.4365,826532.0
2026-09-13T13:31:20+00:00,AAPLx,AAPL,False,10000,30.0407276,9951.0358,48.96,0.3861,0.1039,Raydium CLMM + Whirlpool,Byreal + Raydium CLMM + Whirlpool,330.4365,826532.0
2026-09-13T13:31:20+00:00,TSLAx,TSLA,False,100,0.27521504,99.9184,8.16,0.2787,0.0,Whirlpool,Riptide,362.2528,1342910.0
2026-09-13T13:31:20+00:00,TSLAx,TSLA,False,1000,2.75164431,999.0005,10.0,0.297,0.0,Riptide,Riptide,362.2528,1342910.0
2026-09-13T13:31:20+00:00,TSLAx,TSLA,False,10000,27.51562839,9989.6693,10.33,0.3,0.0,Whirlpool + Raydium CLMM + Riptide,Riptide,362.2528,1342910.0
2026-09-13T13:31:20+00:00,NVDAx,NVDA,False,100,0.46567361,99.9374,6.26,0.1098,0.0,Riptide,Byreal,214.098,1842394.0
2026-09-13T13:31:20+00:00,NVDAx,NVDA,False,1000,4.65673611,999.0887,9.11,0.1098,0.0,Riptide,Byreal,214.098,1842394.0
2026-09-13T13:31:20+00:00,NVDAx,NVDA,False,10000,46.55565591,9987.623,12.38,0.1359,0.0,Whirlpool + Riptide + Quantum + Raydium CLMM,Byreal + Riptide,214.098,1842394.0
2026-09-13T13:31:20+00:00,SPYx,SPY,False,100,0.13083538,99.999,0.1,0.0001,0.0009,Riptide,Raydium CLMM,759.7934,3659787.0
2026-09-13T13:31:20+00:00,SPYx,SPY,False,1000,1.30835384,999.8976,1.02,0.0001,0.0101,Riptide,Raydium CLMM,759.7934,3659787.0
2026-09-13T13:31:20+00:00,MSTRx,MSTR,False,100,0.78299331,99.958,4.2,0.0,0.0541,Riptide,Raydium CLMM,127.6999,712373.0
2026-09-13T13:31:20+00:00,MSTRx,MSTR,False,1000,7.82827324,999.0005,10.0,0.009,0.0909,Riptide,Riptide,127.6999,712373.0
2026-09-13T13:31:20+00:00,MSTRx,MSTR,False,10000,78.25688644,9985.1954,14.8,0.042,0.106,Riptide,Raydium CLMM + TesseraV + Riptide,127.6999,712373.0
2026-09-13T13:31:20+00:00,METAx,META,False,100,0.15519854,99.6692,33.08,0.3206,0.0102,Whirlpool,Whirlpool,640.6229,203472.0
2026-09-13T13:31:20+00:00,METAx,META,False,1000,1.55118969,995.6459,43.54,0.3717,0.064,Whirlpool,Whirlpool,640.6229,203472.0
2026-09-13T13:31:20+00:00,METAx,META,False,10000,15.48367565,9914.8395,85.16,0.5529,0.3003,Whirlpool + Raydium CLMM + Byreal,Byreal + Whirlpool + Raydium CLMM,640.6229,203472.0
2026-09-13T13:31:20+00:00,GOOGLx,GOOGL,False,100,0.29467748,99.8006,19.94,0.0,0.4251,Flux + Meteora DLMM,Whirlpool,339.2352,308031.0
2026-09-13T13:31:20+00:00,GOOGLx,GOOGL,False,1000,2.94667813,997.5275,24.72,0.0,0.4696,HumidiFi + Meteora DLMM,Whirlpool + Raydium CLMM,339.2352,308031.0
2026-09-13T13:31:20+00:00,GOOGLx,GOOGL,False,10000,29.40132687,9940.3616,59.64,0.0,0.5971,Whirlpool + Byreal + Meteora DLMM,Byreal + Whirlpool + Raydium CLMM,339.2352,308031.0
2026-09-13T13:31:20+00:00,AMZNx,AMZN,False,100,0.39250743,99.6001,39.99,0.3909,0.009,BisonFi + Raydium CLMM,Byreal,253.7155,198564.0
2026-09-13T13:31:20+00:00,AMZNx,AMZN,False,1000,3.92378617,995.3508,46.49,0.4236,0.0415,Byreal,Byreal,253.7155,198564.0
2026-09-13T13:31:20+00:00,AMZNx,AMZN,False,10000,39.17166506,9916.2158,83.78,0.5916,0.2477,Byreal + HumidiFi + Raydium CLMM,Byreal + Raydium CLMM + Quantum,253.7155,198564.0
2026-09-13T13:36:57+00:00,AAPLx,AAPL,False,100,0.3006682,99.7879,21.21,0.1894,0.0227,Raydium CLMM,Raydium CLMM,330.8103,831050.0
2026-09-13T13:36:57+00:00,AAPLx,AAPL,False,1000,3.0052976,996.8719,31.28,0.2353,0.0776,Whirlpool,Raydium CLMM,330.8103,831050.0
2026-09-13T13:36:57+00:00,AAPLx,AAPL,False,10000,30.03306366,9951.2643,48.74,0.3015,0.1865,Raydium CLMM + Whirlpool,Whirlpool + Raydium CLMM + Byreal,330.8103,831050.0
2026-09-13T13:36:57+00:00,TSLAx,TSLA,False,100,0.27519217,99.9358,6.42,0.0441,0.0202,Whirlpool,Riptide,363.1447,1341884.0
2026-09-13T13:36:57+00:00,TSLAx,TSLA,False,1000,2.7509385,999.0005,10.0,0.0798,0.024,Riptide,Riptide,363.1447,1341884.0
2026-09-13T13:36:57+00:00,TSLAx,TSLA,False,10000,27.50862224,9989.728,10.27,0.0787,0.024,Riptide + Raydium CLMM,Riptide,363.1447,1341884.0
2026-09-13T13:36:57+00:00,NVDAx,NVDA,False,100,0.46553488,99.9257,7.43,0.0274,0.0469,Riptide,Whirlpool,214.3373,1829926.0
2026-09-13T13:36:57+00:00,NVDAx,NVDA,False,1000,4.65534886,999.0,10.0,0.0274,0.0726,Riptide,Riptide,214.3373,1829926.0
2026-09-13T13:36:57+00:00,NVDAx,NVDA,False,10000,46.54313865,9987.8048,12.2,0.0496,0.0723,Raydium CLMM + Riptide,Whirlpool + Riptide,214.3373,1829926.0
2026-09-13T13:36:57+00:00,SPYx,SPY,False,100,0.13092512,99.9978,0.22,0.0,0.0,Riptide,Raydium CLMM,762.7528,3645254.0
2026-09-13T13:36:57+00:00,SPYx,SPY,False,1000,1.30917782,999.9164,0.84,0.0824,0.0423,Riptide,Byreal + Whirlpool + Raydium CLMM,762.7528,3645254.0
2026-09-13T13:36:57+00:00,SPYx,SPY,False,10000,13.09112199,9995.0291,4.97,0.0,0.0749,Riptide,Riptide + Raydium CLMM + Byreal,762.7528,3645254.0
2026-09-13T13:36:57+00:00,MSTRx,MSTR,False,100,0.78123345,99.9,10.0,0.2625,0.0,Riptide,Riptide,127.6394,712272.0
2026-09-13T13:36:57+00:00,MSTRx,MSTR,False,1000,7.81233457,998.853,11.47,0.2625,0.0,Riptide,Riptide,127.6394,712272.0
2026-09-13T13:36:57+00:00,MSTRx,MSTR,False,10000,78.10917691,9984.5288,15.47,0.2806,0.0,Riptide,Riptide,127.6394,712272.0
2026-09-13T13:36:57+00:00,METAx,META,False,100,0.15522668,99.6692,33.08,0.3256,0.0052,Whirlpool,Whirlpool,640.5122,203024.0
2026-09-13T13:36:57+00:00,METAx,META,False,1000,1.55149055,995.6412,43.59,0.3755,0.0606,Whirlpool,Whirlpool,640.5122,203024.0
2026-09-13T13:36:57+00:00,METAx,META,False,10000,15.48475508,9914.5151,85.48,0.5691,0.2874,Whirlpool + Byreal + Raydium CLMM,Raydium CLMM + Byreal + Whirlpool,640.5122,203024.0
2026-09-13T13:36:57+00:00,GOOGLx,GOOGL,False,100,0.29450445,99.6855,31.45,0.0052,0.3093,Byreal,Whirlpool,338.6583,309628.0
2026-09-13T13:36:57+00:00,GOOGLx,GOOGL,False,1000,2.94363654,995.9551,40.45,0.3565,0.0481,Byreal,Meteora DLMM + HumidiFi,338.6583,309628.0
2026-09-13T13:36:57+00:00,GOOGLx,GOOGL,False,10000,29.39928918,9936.3096,63.69,0.482,0.1556,Byreal + Whirlpool + Raydium CLMM,Whirlpool + Meteora DLMM + HumidiFi + Raydium CLMM,338.6583,309628.0
2026-09-13T13:36:57+00:00,AMZNx,AMZN,False,100,0.39248528,99.5944,40.56,0.4268,0.0,Byreal,Byreal,253.645,198454.0
2026-09-13T13:36:57+00:00,AMZNx,AMZN,False,1000,3.92378828,995.3506,46.49,0.4538,0.0112,Byreal,Byreal,253.645,198454.0
2026-09-13T13:36:57+00:00,AMZNx,AMZN,False,10000,39.17113312,9916.1224,83.88,0.6231,0.217,Flux + Raydium CLMM + Byreal,Raydium CLMM + HumidiFi + Byreal,253.645,198454.0
2026-09-13T13:43:15+00:00,AAPLx,AAPL,False,100,0.30057334,99.8381,16.19,0.0023,0.1596,Whirlpool,Raydium CLMM,331.5387,832532.0
2026-09-13T13:43:15+00:00,AAPLx,AAPL,False,1000,3.00528598,997.6837,23.16,0.0172,0.2145,Whirlpool,Raydium CLMM,331.5387,832532.0
2026-09-13T13:43:15+00:00,AAPLx,AAPL,False,10000,30.03062626,9952.5401,47.46,0.0911,0.3838,Raydium CLMM + Whirlpool + Byreal,Byreal + Whirlpool + Raydium CLMM,331.5387,832532.0
2026-09-13T13:43:15+00:00,TSLAx,TSLA,False,100,0.27502089,100.0255,-2.55,0.0277,0.0,Riptide,Raydium CLMM + Flux,363.436,1343505.0
2026-09-13T13:43:15+00:00,TSLAx,TSLA,False,1000,2.75019245,999.5205,4.8,0.1768,0.0,Riptide,Raydium CLMM + GoonFi V2 + Quay,363.436,1343505.0
2026-09-13T13:43:15+00:00,TSLAx,TSLA,False,10000,27.50099755,9989.7948,10.21,0.1802,0.0,Raydium CLMM + Riptide,Raydium CLMM + Scorch + HumidiFi + Riptide,363.436,1343505.0
2026-09-13T13:43:15+00:00,NVDAx,NVDA,False,100,0.46524028,99.987,1.3,0.2506,0.0,Raydium CLMM,Whirlpool + Kipseli,213.9965,1831339.0
2026-09-13T13:43:15+00:00,NVDAx,NVDA,False,1000,4.65171038,999.38,6.2,0.2655,0.0,Raydium CLMM,Riptide,213.9965,1831339.0
2026-09-13T13:43:15+00:00,NVDAx,NVDA,False,10000,46.49645132,9989.386,10.61,0.3516,0.0,Whirlpool + Raydium CLMM + Riptide,Riptide + Whirlpool + HumidiFi,213.9965,1831339.0
2026-09-13T13:43:15+00:00,SPYx,SPY,False,100,0.13074997,99.9943,0.57,0.0061,0.0,Riptide,Byreal,760.3501,3726272.0
2026-09-13T13:43:15+00:00,SPYx,SPY,False,1000,1.30749979,999.802,1.98,0.0061,0.0137,Riptide,Raydium CLMM,760.3501,3726272.0
2026-09-13T13:43:15+00:00,SPYx,SPY,False,10000,13.07474998,9994.834,5.17,0.0,0.3328,Riptide + Raydium CLMM,Byreal + Raydium CLMM + Riptide,760.3501,3726272.0
2026-09-13T13:43:15+00:00,MSTRx,MSTR,False,100,0.78009164,99.9175,8.25,0.067,0.0155,Byreal,Riptide,128.0782,712268.0
2026-09-13T13:43:15+00:00,MSTRx,MSTR,False,1000,7.79955069,999.0005,10.0,0.0845,0.0155,Riptide,Riptide,128.0782,712268.0
2026-09-13T13:43:15+00:00,MSTRx,MSTR,False,10000,77.97252719,9984.8217,15.18,0.1139,0.0379,Riptide + Raydium CLMM + Byreal,Raydium CLMM + Kipseli + Riptide,128.0782,712268.0
2026-09-13T13:43:15+00:00,METAx,META,False,100,0.15525169,99.6692,33.08,0.011,0.3198,Whirlpool,Whirlpool,642.3589,202167.0
2026-09-13T13:43:15+00:00,METAx,META,False,1000,1.55174244,995.627,43.73,0.0609,0.3766,Whirlpool,Whirlpool,642.3589,202167.0
2026-09-13T13:43:15+00:00,METAx,META,False,10000,15.48705229,9913.6726,86.33,0.2565,0.6083,Raydium CLMM + Whirlpool + Byreal,Raydium CLMM + Whirlpool + Byreal,642.3589,202167.0
2026-09-13T13:43:15+00:00,GOOGLx,GOOGL,False,100,0.29452474,99.6758,32.42,0.2921,0.0322,Whirlpool,Meteora DLMM + Whirlpool + HumidiFi,337.4779,317271.0
2026-09-13T13:43:15+00:00,GOOGLx,GOOGL,False,1000,2.94370209,995.7689,42.31,0.3449,0.0784,Whirlpool,Raydium CLMM,337.4779,317271.0
2026-09-13T13:43:15+00:00,GOOGLx,GOOGL,False,10000,29.39184299,9932.0482,67.95,0.6379,0.0292,Whirlpool + Raydium CLMM + Byreal,Byreal + Whirlpool + Raydium CLMM,337.4779,317271.0
2026-09-13T13:43:15+00:00,AMZNx,AMZN,False,100,0.39254039,99.6235,37.65,0.4336,0.0,Byreal,Raydium CLMM + BisonFi,253.5963,197206.0
2026-09-13T13:43:15+00:00,AMZNx,AMZN,False,1000,3.92433922,995.2952,47.05,0.4606,0.01,Byreal,Byreal,253.5963,197206.0
2026-09-13T13:43:15+00:00,AMZNx,AMZN,False,10000,39.17815869,9915.4159,84.58,0.626,0.2212,HumidiFi + Raydium CLMM + Byreal,Byreal + Raydium CLMM + Flux,253.5963,197206.0
2026-09-13T13:49:17+00:00,AAPLx,AAPL,False,100,0.30062127,99.7879,21.21,0.2058,0.0063,Raydium CLMM,Raydium CLMM,330.8068,832138.0
2026-09-13T13:49:17+00:00,AAPLx,AAPL,False,1000,3.00493027,996.9056,30.94,0.2483,0.0612,Whirlpool,Raydium CLMM,330.8068,832138.0
2026-09-13T13:49:17+00:00,AAPLx,AAPL,False,10000,30.03080547,9951.5779,48.42,0.3097,0.175,Raydium CLMM + Whirlpool,Raydium CLMM + Byreal + Whirlpool,330.8068,832138.0
2026-09-13T13:49:17+00:00,TSLAx,TSLA,False,100,0.27486106,99.9185,8.15,0.0492,0.0322,Riptide,Whirlpool,363.5625,1344088.0
2026-09-13T13:49:17+00:00,TSLAx,TSLA,False,1000,2.74862422,999.0005,10.0,0.0487,0.0512,Riptide,Riptide,363.5625,1344088.0
2026-09-13T13:49:17+00:00,TSLAx,TSLA,False,10000,27.48554554,9989.7708,10.23,0.0513,0.051,Raydium CLMM + Riptide,Whirlpool + Riptide,363.5625,1344088.0
2026-09-13T13:49:17+00:00,NVDAx,NVDA,False,100,0.46470902,99.9013,9.87,0.0545,0.0442,Riptide,Whirlpool,214.6595,1833105.0
2026-09-13T13:49:17+00:00,NVDAx,NVDA,False,1000,4.64709021,999.0005,10.0,0.0545,0.0455,Riptide,Riptide,214.6595,1833105.0
2026-09-13T13:49:17+00:00,NVDAx,NVDA,False,10000,46.46080647,9987.8359,12.16,0.0762,0.0455,Riptide + Raydium CLMM,Riptide + Whirlpool,214.6595,1833105.0
2026-09-13T13:49:17+00:00,SPYx,SPY,False,100,0.13065455,99.9853,1.47,0.0132,0.0016,Byreal,Raydium CLMM,760.8851,3911110.0
2026-09-13T13:49:17+00:00,SPYx,SPY,False,1000,1.30650107,999.7868,2.13,0.0166,0.0048,Raydium CLMM,Riptide,760.8851,3911110.0
2026-09-13T13:49:17+00:00,SPYx,SPY,False,10000,13.0646571,9997.6004,2.4,0.0193,0.0047,Raydium CLMM + Byreal + AlphaQ,Raydium CLMM + BisonFi + Riptide,760.8851,3911110.0
2026-09-13T13:49:17+00:00,MSTRx,MSTR,False,100,0.7783674,99.9,10.0,0.1002,0.0,Riptide,Riptide,128.3175,714949.0
2026-09-13T13:49:17+00:00,MSTRx,MSTR,False,1000,7.78278506,999.0005,10.0,0.1116,0.0,Riptide,Riptide,128.3175,714949.0
2026-09-13T13:49:17+00:00,MSTRx,MSTR,False,10000,77.80777887,9985.2249,14.78,0.1374,0.0104,Riptide + Raydium CLMM,Riptide,128.3175,714949.0
2026-09-13T13:49:17+00:00,METAx,META,False,100,0.15542924,99.6689,33.11,0.0051,0.3259,Whirlpool,Whirlpool,641.7327,209402.0
2026-09-13T13:49:17+00:00,METAx,META,False,1000,1.553566,995.6927,43.07,0.0519,0.3791,Raydium CLMM,Whirlpool,641.7327,209402.0
2026-09-13T13:49:17+00:00,METAx,META,False,10000,15.51589879,9919.5346,80.47,0.179,0.6268,Whirlpool + Raydium CLMM + Byreal,Byreal + Whirlpool + Raydium CLMM,641.7327,209402.0
2026-09-13T13:49:17+00:00,GOOGLx,GOOGL,False,100,0.29419414,99.7001,29.99,0.3848,0.0,Whirlpool,Meteora DLMM + GoonFi V2 + Deriverse,337.7277,318263.0
2026-09-13T13:49:17+00:00,GOOGLx,GOOGL,False,1000,2.94117869,995.9343,40.66,0.4106,0.0,Raydium CLMM,Meteora DLMM + BisonFi,337.7277,318263.0
2026-09-13T13:49:17+00:00,GOOGLx,GOOGL,False,10000,29.38275609,9932.0056,67.99,0.1081,0.5724,Whirlpool + Raydium CLMM + Byreal,Meteora DLMM + HumidiFi + Raydium CLMM + Byreal,337.7277,318263.0
2026-09-13T13:49:17+00:00,AMZNx,AMZN,False,100,0.39256245,99.6029,39.71,0.4739,0.0,Raydium CLMM,Byreal,253.4746,195629.0
2026-09-13T13:49:17+00:00,AMZNx,AMZN,False,1000,3.9242233,995.3085,46.92,0.5094,0.0,Byreal,Byreal,253.4746,195629.0
2026-09-13T13:49:17+00:00,AMZNx,AMZN,False,10000,39.18644561,9914.6351,85.36,0.6508,0.2041,Byreal + Quantum + Raydium CLMM,Byreal + Raydium CLMM + HumidiFi,253.4746,195629.0
2026-09-13T13:54:54+00:00,AAPLx,AAPL,False,100,0.30054835,99.7879,21.21,0.2029,0.0092,Raydium CLMM,Raydium CLMM,330.9002,833127.0
2026-09-13T13:54:54+00:00,AAPLx,AAPL,False,1000,3.00493027,997.1474,28.53,0.2213,0.0641,Whirlpool,Raydium CLMM,330.9002,833127.0
2026-09-13T13:54:54+00:00,AAPLx,AAPL,False,10000,30.02959217,9951.7453,48.25,0.2867,0.1964,Raydium CLMM + Whirlpool,Whirlpool + Byreal + Raydium CLMM,330.9002,833127.0
2026-09-13T13:54:54+00:00,TSLAx,TSLA,False,100,0.2749751,99.9592,4.08,0.0021,0.0387,Riptide,Whirlpool,363.5869,1337740.0
2026-09-13T13:54:54+00:00,TSLAx,TSLA,False,1000,2.74975101,999.0027,9.97,0.0021,0.0976,Riptide,Riptide,363.5869,1337740.0
2026-09-13T13:54:54+00:00,TSLAx,TSLA,False,10000,27.49624312,9989.6256,10.37,0.0067,0.097,Riptide + BinaryFi,Riptide + Whirlpool,363.5869,1337740.0
2026-09-13T13:54:54+00:00,NVDAx,NVDA,False,100,0.46459751,99.9283,7.17,0.0273,0.0444,Riptide,Whirlpool,214.7717,1831946.0
2026-09-13T13:54:54+00:00,NVDAx,NVDA,False,1000,4.64599033,999.0005,10.0,0.0282,0.0718,Riptide,Riptide,214.7717,1831946.0
2026-09-13T13:54:54+00:00,NVDAx,NVDA,False,10000,46.45158739,9988.2455,11.75,0.0461,0.0715,Raydium CLMM + Riptide,Riptide + Whirlpool,214.7717,1831946.0
2026-09-13T13:54:54+00:00,SPYx,SPY,False,100,0.13061903,99.99,1.0,0.0013,0.0087,Whirlpool,Raydium CLMM,761.1629,4052612.0
2026-09-13T13:54:54+00:00,SPYx,SPY,False,1000,1.30597779,999.8374,1.63,0.0176,0.0,Whirlpool,Whirlpool,761.1629,4052612.0
2026-09-13T13:54:54+00:00,SPYx,SPY,False,10000,13.05621528,9994.5474,5.45,0.0448,0.0097,Byreal + Raydium CLMM,Whirlpool + Riptide,761.1629,4052612.0
2026-09-13T13:54:54+00:00,MSTRx,MSTR,False,100,0.7783365,99.9001,9.99,0.0,0.2215,Riptide,Riptide,128.6109,716603.0
2026-09-13T13:54:54+00:00,MSTRx,MSTR,False,1000,7.78335896,999.0005,10.0,0.0,0.2215,Riptide,Riptide,128.6109,716603.0
2026-09-13T13:54:54+00:00,METAx,META,False,100,0.15544407,99.6689,33.11,0.3256,0.0055,Whirlpool,Whirlpool,641.6745,208903.0
2026-09-13T13:54:54+00:00,METAx,META,False,1000,1.553566,995.8315,41.68,0.3816,0.3662,Raydium CLMM,Whirlpool,641.6745,208903.0
2026-09-13T13:54:54+00:00,METAx,META,False,10000,15.51537644,9919.8829,80.12,0.1814,0.6209,Raydium CLMM + Byreal + Whirlpool,Raydium CLMM + Whirlpool + Byreal,641.6745,208903.0
2026-09-13T13:54:54+00:00,GOOGLx,GOOGL,False,100,0.29440211,99.7613,23.87,0.0,0.2715,Quantum + Meteora DLMM,Whirlpool,338.9121,322199.0
2026-09-13T13:54:54+00:00,GOOGLx,GOOGL,False,1000,2.94028957,995.7982,42.02,0.0938,0.3267,Byreal,Whirlpool,338.9121,322199.0
2026-09-13T13:54:54+00:00,GOOGLx,GOOGL,False,10000,29.36443633,9931.4768,68.52,0.2245,0.4618,Whirlpool + Byreal + Raydium CLMM,Byreal + Raydium CLMM + Whirlpool,338.9121,322199.0
2026-09-13T13:54:54+00:00,AMZNx,AMZN,False,100,0.39256579,99.5997,40.03,0.3982,0.0021,Raydium CLMM,Byreal,253.671,195304.0
2026-09-13T13:54:54+00:00,AMZNx,AMZN,False,1000,3.92438389,995.2898,47.1,0.4305,0.0407,Byreal,Byreal,253.671,195304.0
2026-09-13T13:54:54+00:00,AMZNx,AMZN,False,10000,39.18774731,9914.3855,85.61,0.5728,0.285,Byreal + HumidiFi + Raydium CLMM,Byreal + Raydium CLMM + Flux,253.671,195304.0
2026-09-13T14:00:32+00:00,AAPLx,AAPL,False,100,0.30057543,99.7879,21.21,0.2044,0.0078,Raydium CLMM,Raydium CLMM,330.8685,833416.0
2026-09-13T14:00:32+00:00,AAPLx,AAPL,False,1000,3.00455238,996.9323,30.68,0.2443,0.0627,Whirlpool,Raydium CLMM,330.8685,833416.0
2026-09-13T14:00:32+00:00,AAPLx,AAPL,False,10000,30.02811504,9951.7631,48.24,0.3021,0.1808,Raydium CLMM + Whirlpool,Byreal + Raydium CLMM + Whirlpool,330.8685,833416.0
2026-09-13T14:00:32+00:00,TSLAx,TSLA,False,100,0.27495003,99.9576,4.24,0.2303,0.0,Whirlpool,Riptide,364.6161,1334146.0
2026-09-13T14:00:32+00:00,TSLAx,TSLA,False,1000,2.74791792,999.0005,10.0,0.2877,0.0,Riptide,Riptide,364.6161,1334146.0
2026-09-13T14:00:32+00:00,TSLAx,TSLA,False,10000,27.47938872,9990.0772,9.92,0.2109,0.0484,Raydium CLMM + Whirlpool + Riptide,Whirlpool + Riptide,364.6161,1334146.0
2026-09-13T14:00:32+00:00,NVDAx,NVDA,False,100,0.46462418,99.9244,7.56,0.2038,0.0,Whirlpool,Whirlpool,214.3823,1831307.0
2026-09-13T14:00:32+00:00,NVDAx,NVDA,False,1000,4.64599623,999.0005,10.0,0.209,0.0,Riptide,Riptide,214.3823,1831307.0
2026-09-13T14:00:32+00:00,NVDAx,NVDA,False,10000,46.45091854,9987.9536,12.05,0.2285,0.0,Riptide + Raydium CLMM,Whirlpool + Riptide,214.3823,1831307.0
2026-09-13T14:00:32+00:00,SPYx,SPY,False,100,0.13063586,99.9948,0.52,0.0912,0.0,Riptide,Raydium CLMM,760.294,4161061.0
2026-09-13T14:00:32+00:00,SPYx,SPY,False,1000,1.30635861,999.8617,1.38,0.0912,0.0,Riptide,Raydium CLMM,760.294,4161061.0
2026-09-13T14:00:32+00:00,MSTRx,MSTR,False,100,0.77823948,99.8287,17.13,0.0356,0.1357,Riptide,Raydium CLMM + TesseraV,128.4248,718504.0
2026-09-13T14:00:32+00:00,MSTRx,MSTR,False,1000,7.78239482,999.0005,10.0,0.0356,0.0644,Riptide,Riptide,128.4248,718504.0
2026-09-13T14:00:32+00:00,MSTRx,MSTR,False,10000,77.79886871,9984.5936,15.41,0.0678,0.0863,Riptide + Byreal,Riptide,128.4248,718504.0
2026-09-13T14:00:32+00:00,METAx,META,False,100,0.15544082,99.6692,33.08,0.3244,0.0065,Whirlpool,Whirlpool,639.649,208615.0
2026-09-13T14:00:32+00:00,METAx,META,False,1000,1.55359823,995.6409,43.59,0.3763,0.0598,Whirlpool,Whirlpool,639.649,208615.0
2026-09-13T14:00:32+00:00,METAx,META,False,10000,15.51235746,9916.9903,83.01,0.2089,0.6225,Whirlpool + Byreal + Raydium CLMM,Byreal + Whirlpool + Raydium CLMM,639.649,208615.0
2026-09-13T14:00:32+00:00,GOOGLx,GOOGL,False,100,0.2943626,99.7915,20.85,0.0023,0.2077,Raydium CLMM,Meteora DLMM + BisonFi,338.837,323757.0
2026-09-13T14:00:32+00:00,GOOGLx,GOOGL,False,1000,2.94307721,997.0056,29.94,0.0195,0.28,Raydium CLMM,Byreal,338.837,323757.0
2026-09-13T14:00:32+00:00,GOOGLx,GOOGL,False,10000,29.38704856,9937.627,62.37,0.168,0.4565,Whirlpool + Raydium CLMM + Byreal,Meteora DLMM + BisonFi + Byreal + Whirlpool,338.837,323757.0
2026-09-13T14:00:32+00:00,AMZNx,AMZN,False,100,0.39257499,99.5942,40.58,0.4003,0.0055,Byreal,Byreal,253.6553,195102.0
2026-09-13T14:00:32+00:00,AMZNx,AMZN,False,1000,3.92468506,995.2505,47.5,0.4273,0.0479,Byreal,Byreal,253.6553,195102.0
2026-09-13T14:00:32+00:00,AMZNx,AMZN,False,10000,39.18953764,9913.2871,86.71,0.5727,0.2961,Byreal + HumidiFi + Raydium CLMM,Byreal + Raydium CLMM,253.6553,195102.0
2026-09-13T14:06:16+00:00,AAPLx,AAPL,False,100,0.30064963,99.7879,21.21,0.0093,0.2028,Raydium CLMM,Raydium CLMM,331.4482,832763.0
2026-09-13T14:06:16+00:00,AAPLx,AAPL,False,1000,3.00484285,996.7827,32.17,0.0643,0.2576,Raydium CLMM,Raydium CLMM,331.4482,832763.0
2026-09-13T14:06:16+00:00,AAPLx,AAPL,False,10000,30.02941665,9951.6478,48.35,0.1275,0.3565,Whirlpool + Raydium CLMM,Raydium CLMM + Byreal + Whirlpool,331.4482,832763.0
2026-09-13T14:06:16+00:00,TSLAx,TSLA,False,100,0.27480116,99.9182,8.18,0.0638,0.018,Whirlpool,Riptide,363.6122,1334426.0
2026-09-13T14:06:16+00:00,TSLAx,TSLA,False,1000,2.74751205,999.0005,10.0,0.0819,0.018,Riptide,Riptide,363.6122,1334426.0
2026-09-13T14:06:16+00:00,TSLAx,TSLA,False,10000,27.47477957,9989.881,10.12,0.1809,0.0,Whirlpool + Raydium CLMM + Riptide,Riptide,363.6122,1334426.0
2026-09-13T14:06:16+00:00,NVDAx,NVDA,False,100,0.46444709,99.9453,5.47,0.0561,0.0,Whirlpool,Riptide,214.791,1832705.0
2026-09-13T14:06:16+00:00,NVDAx,NVDA,False,1000,4.64372742,999.2927,7.07,0.0722,0.0,Raydium CLMM,Riptide,214.791,1832705.0
2026-09-13T14:06:16+00:00,NVDAx,NVDA,False,10000,46.42414416,9989.8275,10.17,0.1005,0.0013,Byreal + Raydium CLMM + Riptide,Riptide,214.791,1832705.0
2026-09-13T14:06:16+00:00,SPYx,SPY,False,100,0.13061126,99.9988,0.12,0.0,0.0189,Riptide,Whirlpool,761.2994,4150341.0
2026-09-13T14:06:16+00:00,SPYx,SPY,False,1000,1.30611262,999.942,0.58,0.0,0.0248,Riptide,Byreal + Whirlpool + Raydium CLMM,761.2994,4150341.0
2026-09-13T14:06:16+00:00,SPYx,SPY,False,10000,13.06078085,9995.0733,4.93,0.0,0.0656,Byreal + Raydium CLMM + Riptide,Raydium CLMM + Riptide + Whirlpool,761.2994,4150341.0
2026-09-13T14:06:16+00:00,MSTRx,MSTR,False,100,0.77791385,99.9,10.0,0.1573,0.0,Riptide,Riptide,128.3273,718697.0
2026-09-13T14:06:16+00:00,MSTRx,MSTR,False,1000,7.77913858,999.0005,10.0,0.1573,0.0,Riptide,Riptide,128.3273,718697.0
2026-09-13T14:06:16+00:00,MSTRx,MSTR,False,10000,77.76657587,9984.6269,15.37,0.1891,0.0,Riptide + ZeroFi + Raydium CLMM,Riptide,128.3273,718697.0
2026-09-13T14:06:16+00:00,METAx,META,False,100,0.15543395,99.6692,33.08,0.0,0.343,Whirlpool,Whirlpool,641.8662,211072.0
2026-09-13T14:06:16+00:00,METAx,META,False,1000,1.55370479,995.7573,42.43,0.0286,0.3958,Raydium CLMM,Whirlpool,641.8662,211072.0
2026-09-13T14:06:16+00:00,METAx,META,False,10000,15.51603231,9922.1097,77.89,0.1638,0.6161,Byreal + Whirlpool + Raydium CLMM,Raydium CLMM + Byreal + Whirlpool,641.8662,211072.0
2026-09-13T14:06:16+00:00,GOOGLx,GOOGL,False,100,0.2941153,99.7963,20.37,0.0295,0.1743,Flux + Meteora DLMM,Whirlpool,339.045,338960.0
2026-09-13T14:06:16+00:00,GOOGLx,GOOGL,False,1000,2.93946491,996.8242,31.76,0.0868,0.2309,HumidiFi + Meteora DLMM,Whirlpool,339.045,338960.0
2026-09-13T14:06:16+00:00,GOOGLx,GOOGL,False,10000,29.35271432,9940.0122,59.99,0.2294,0.3713,Raydium CLMM + HumidiFi + Meteora DLMM + Byreal,Raydium CLMM + Whirlpool + Byreal,339.045,338960.0
2026-09-13T14:06:16+00:00,AMZNx,AMZN,False,100,0.39270669,99.5908,40.92,0.232,0.1776,Byreal,Byreal,254.0136,193815.0
2026-09-13T14:06:16+00:00,AMZNx,AMZN,False,1000,3.92569011,995.1197,48.8,0.267,0.2216,Byreal,Byreal,254.0136,193815.0
2026-09-13T14:06:16+00:00,AMZNx,AMZN,False,10000,39.19619984,9913.3222,86.68,0.4212,0.4475,Raydium CLMM + HumidiFi + Byreal,Byreal + Raydium CLMM + Quantum,254.0136,193815.0
2026-09-13T14:12:06+00:00,AAPLx,AAPL,False,100,0.30054469,99.7879,21.21,0.4449,0.0,Raydium CLMM,Raydium CLMM,330.1117,833434.0
2026-09-13T14:12:06+00:00,AAPLx,AAPL,False,1000,3.00440344,997.2526,27.47,0.0347,0.0,Whirlpool,Raydium CLMM,330.1117,833434.0
2026-09-13T14:12:06+00:00,AAPLx,AAPL,False,10000,30.02647247,9952.416,47.58,0.6038,0.0,Whirlpool + Raydium CLMM + Byreal,Byreal + Raydium CLMM + Whirlpool,330.1117,833434.0
2026-09-13T14:12:06+00:00,TSLAx,TSLA,False,100,0.27469603,99.9,10.0,0.0,0.2306,Riptide,Riptide,364.4517,1336525.0
2026-09-13T14:12:06+00:00,TSLAx,TSLA,False,1000,2.74696035,999.0005,10.0,0.0,0.0947,Riptide,Riptide,364.4517,1336525.0
2026-09-13T14:12:06+00:00,TSLAx,TSLA,False,10000,27.4693065,9989.9257,10.07,0.0063,0.0944,Byreal + Riptide + Raydium CLMM,Riptide + Whirlpool,364.4517,1336525.0
2026-09-13T14:12:06+00:00,NVDAx,NVDA,False,100,0.46416209,99.9711,2.89,0.0194,0.0095,Whirlpool,Riptide,214.9967,1832056.0
2026-09-13T14:12:06+00:00,NVDAx,NVDA,False,1000,4.63828228,999.0005,10.0,0.0913,0.0087,Riptide,Riptide,214.9967,1832056.0
2026-09-13T14:12:06+00:00,NVDAx,NVDA,False,10000,46.37600337,9988.5362,11.46,0.106,0.0087,Raydium CLMM + Riptide + Whirlpool,Riptide,214.9967,1832056.0
2026-09-13T14:12:06+00:00,SPYx,SPY,False,100,0.1305963,99.9816,1.84,0.0021,0.4325,Whirlpool,Raydium CLMM,761.2182,4095871.0
2026-09-13T14:12:06+00:00,SPYx,SPY,False,1000,1.30580341,999.6559,3.44,0.0,0.4413,Raydium CLMM,Whirlpool + Byreal + Raydium CLMM,761.2182,4095871.0
2026-09-13T14:12:06+00:00,SPYx,SPY,False,10000,13.05574956,9994.4478,5.55,0.0,0.4449,Byreal + Riptide + Raydium CLMM,Riptide + Byreal + Raydium CLMM,761.2182,4095871.0
2026-09-13T14:12:06+00:00,MSTRx,MSTR,False,100,0.77749235,99.9,10.0,0.211,0.0,Riptide,Riptide,128.3247,719157.0
2026-09-13T14:12:06+00:00,MSTRx,MSTR,False,1000,7.77492353,999.0005,10.0,0.211,0.0,Riptide,Riptide,128.3247,719157.0
2026-09-13T14:12:06+00:00,MSTRx,MSTR,False,10000,77.72599731,9984.8666,15.13,0.2408,0.0,Raydium CLMM + Riptide,Raydium CLMM + TesseraV + Riptide,128.3247,719157.0
2026-09-13T14:12:06+00:00,METAx,META,False,100,0.15525027,99.7217,27.83,0.0,0.2922,Byreal,Whirlpool,642.6209,214278.0
2026-09-13T14:12:06+00:00,METAx,META,False,1000,1.55135429,995.9526,40.47,0.0601,0.3448,Raydium CLMM,Whirlpool,642.6209,214278.0
2026-09-13T14:12:06+00:00,METAx,META,False,10000,15.49378205,9923.782,76.22,0.1874,0.5758,Raydium CLMM + Byreal + Whirlpool,Whirlpool + Byreal + Raydium CLMM,642.6209,214278.0
2026-09-13T14:12:06+00:00,GOOGLx,GOOGL,False,100,0.29404162,99.6558,34.42,0.0,0.3751,Whirlpool,Manifest,339.3273,333798.0
2026-09-13T14:12:06+00:00,GOOGLx,GOOGL,False,1000,2.93881049,995.4026,45.97,0.0236,0.4363,TesseraV + Meteora DLMM,Whirlpool,339.3273,333798.0
2026-09-13T14:12:06+00:00,GOOGLx,GOOGL,False,10000,29.36457925,9935.3721,64.63,0.1036,0.5432,Whirlpool + Raydium CLMM + TesseraV + Meteora DLMM,Byreal + Raydium CLMM + Whirlpool,339.3273,333798.0
2026-09-13T14:12:06+00:00,AMZNx,AMZN,False,100,0.39250348,99.5952,40.48,0.3999,0.0049,Raydium CLMM,Byreal,253.7116,195676.0
2026-09-13T14:12:06+00:00,AMZNx,AMZN,False,1000,3.92393837,995.3375,46.63,0.4277,0.0387,Byreal,Byreal,253.7116,195676.0
2026-09-13T14:12:06+00:00,AMZNx,AMZN,False,10000,39.18219732,9913.953,86.05,0.5728,0.2893,Raydium CLMM + Byreal,Raydium CLMM + Byreal,253.7116,195676.0
2026-09-13T14:17:49+00:00,AAPLx,AAPL,False,100,0.30048506,99.8984,10.16,0.0042,0.0974,Whirlpool,Meteora DLMM + Flux,331.653,833612.0
2026-09-13T14:17:49+00:00,AAPLx,AAPL,False,1000,3.00440341,997.2936,27.06,0.019,0.2517,Whirlpool,Raydium CLMM,331.653,833612.0
2026-09-13T14:17:49+00:00,AAPLx,AAPL,False,10000,30.02622439,9952.4402,47.56,0.0783,0.3976,Raydium CLMM + Byreal + Whirlpool,Whirlpool + Raydium CLMM + Byreal,331.653,833612.0
2026-09-13T14:17:49+00:00,TSLAx,TSLA,False,100,0.27481041,99.9388,6.12,0.0163,0.0449,Riptide,Whirlpool,363.481,1335049.0
2026-09-13T14:17:49+00:00,TSLAx,TSLA,False,1000,2.74810418,999.0005,10.0,0.0163,0.0837,Riptide,Riptide,363.481,1335049.0
2026-09-13T14:17:49+00:00,TSLAx,TSLA,False,10000,27.4807851,9989.9504,10.05,0.0172,0.0833,Riptide + BinaryFi,Riptide + Whirlpool,363.481,1335049.0
2026-09-13T14:17:49+00:00,NVDAx,NVDA,False,100,0.46357256,99.9307,6.93,0.0,0.0863,Riptide,Whirlpool,215.3576,1832976.0
2026-09-13T14:17:49+00:00,NVDAx,NVDA,False,1000,4.63548868,999.0005,10.0,0.0,0.1118,Riptide,Riptide,215.3576,1832976.0
2026-09-13T14:17:49+00:00,NVDAx,NVDA,False,10000,46.34853075,9988.6971,11.3,0.0018,0.1112,Riptide + Byreal + Raydium CLMM,Whirlpool + Riptide + TesseraV,215.3576,1832976.0
2026-09-13T14:17:49+00:00,SPYx,SPY,False,100,0.13056886,99.9943,0.57,0.011,0.0,Raydium CLMM,Byreal,761.4478,4109017.0
2026-09-13T14:17:49+00:00,SPYx,SPY,False,1000,1.30559557,999.7119,2.88,0.0085,0.0203,Raydium CLMM,Riptide,761.4478,4109017.0
2026-09-13T14:17:49+00:00,SPYx,SPY,False,10000,13.05400225,9995.7026,4.3,0.0235,0.0195,Raydium CLMM + AlphaQ,Whirlpool + Byreal + Riptide,761.4478,4109017.0
2026-09-13T14:17:49+00:00,MSTRx,MSTR,False,100,0.77625589,99.9,10.0,0.0293,0.0706,Riptide,Riptide,128.7654,722559.0
2026-09-13T14:17:49+00:00,MSTRx,MSTR,False,1000,7.76255895,999.1277,8.72,0.0293,0.0579,Riptide,Riptide,128.7654,722559.0
2026-09-13T14:17:49+00:00,MSTRx,MSTR,False,10000,77.59164531,9984.715,15.28,0.0731,0.0799,ZeroFi + Raydium CLMM + Riptide,Riptide,128.7654,722559.0
2026-09-13T14:17:49+00:00,METAx,META,False,100,0.15521622,99.6929,30.71,0.301,0.0061,Byreal,Whirlpool,640.7493,216394.0
2026-09-13T14:17:49+00:00,METAx,META,False,1000,1.55130169,995.8521,41.48,0.3563,0.0587,Raydium CLMM,Whirlpool,640.7493,216394.0
2026-09-13T14:17:49+00:00,METAx,META,False,10000,15.49371935,9924.5674,75.43,0.4803,0.2754,Whirlpool + Byreal + Raydium CLMM,Whirlpool + Raydium CLMM + Meteora DLMM + BisonFi,640.7493,216394.0
2026-09-13T14:17:49+00:00,GOOGLx,GOOGL,False,100,0.29470359,99.8399,16.01,0.3962,0.0,Quantum + Meteora DLMM,Whirlpool,337.1248,328426.0
2026-09-13T14:17:49+00:00,GOOGLx,GOOGL,False,1000,2.94198644,996.1374,38.63,0.5669,0.0,HumidiFi + Meteora DLMM,Whirlpool,337.1248,328426.0
2026-09-13T14:17:49+00:00,GOOGLx,GOOGL,False,10000,29.37929435,9936.4906,63.51,0.704,0.0,Whirlpool + Raydium CLMM + BisonFi + Meteora DLMM,Byreal + Raydium CLMM + Whirlpool,337.1248,328426.0
2026-09-13T14:17:49+00:00,AMZNx,AMZN,False,100,0.39278639,99.5908,40.92,0.2265,0.1831,Byreal,Byreal,253.9746,192440.0
2026-09-13T14:17:49+00:00,AMZNx,AMZN,False,1000,3.92631712,995.0562,49.44,0.2658,0.2292,Byreal,Byreal,253.9746,192440.0
2026-09-13T14:17:49+00:00,AMZNx,AMZN,False,10000,39.20469137,9912.5621,87.44,0.4144,0.4619,Quantum + Raydium CLMM + Byreal,Raydium CLMM + Byreal + TesseraV,253.9746,192440.0
2026-09-13T14:23:25+00:00,AAPLx,AAPL,False,100,0.3003648,99.79,21.0,0.0,0.2115,Byreal,Raydium CLMM,331.7952,836885.0
2026-09-13T14:23:25+00:00,AAPLx,AAPL,False,1000,3.0032706,997.2271,27.73,0.011,0.2663,Raydium CLMM,Raydium CLMM,331.7952,836885.0
2026-09-13T14:23:25+00:00,AAPLx,AAPL,False,10000,30.02069194,9953.8944,46.11,0.051,0.2049,Raydium CLMM + Byreal + Whirlpool,Raydium CLMM + Whirlpool + Byreal,331.7952,836885.0
2026-09-13T14:23:25+00:00,TSLAx,TSLA,False,100,0.27479569,99.9326,6.74,0.0087,0.0587,Raydium CLMM,Riptide,363.1132,1329536.0
2026-09-13T14:23:25+00:00,TSLAx,TSLA,False,1000,2.74758689,999.1889,8.11,0.0222,0.0,Raydium CLMM,Riptide,363.1132,1329536.0
2026-09-13T14:23:25+00:00,TSLAx,TSLA,False,10000,27.47121372,9990.2369,9.76,0.0754,0.0223,Riptide + Raydium CLMM,Riptide,363.1132,1329536.0
2026-09-13T14:23:25+00:00,NVDAx,NVDA,False,100,0.46334437,99.9464,5.36,0.0,0.2777,Byreal,TaurusFi,215.8802,1838881.0
2026-09-13T14:23:25+00:00,NVDAx,NVDA,False,1000,4.63239054,998.9781,10.22,0.0,0.3035,Raydium CLMM,Riptide + Whirlpool,215.8802,1838881.0
2026-09-13T14:23:25+00:00,NVDAx,NVDA,False,10000,46.32072436,9989.0943,10.91,0.0,0.0551,Riptide + Byreal + Raydium CLMM,Riptide,215.8802,1838881.0
2026-09-13T14:23:25+00:00,SPYx,SPY,False,100,0.13060764,99.9963,0.37,0.1483,0.0031,Raydium CLMM,Whirlpool,760.0491,4157275.0
2026-09-13T14:23:25+00:00,SPYx,SPY,False,1000,1.30600681,999.7854,2.15,0.0,0.4043,Raydium CLMM,Whirlpool + Raydium CLMM + Byreal,760.0491,4157275.0
2026-09-13T14:23:25+00:00,SPYx,SPY,False,10000,13.05768207,9994.6375,5.36,0.0,0.0309,Byreal + Raydium CLMM + Riptide,Raydium CLMM + Whirlpool + Riptide,760.0491,4157275.0
2026-09-13T14:23:25+00:00,MSTRx,MSTR,False,100,0.77511144,99.9034,9.66,0.4169,0.0,Raydium CLMM,Riptide,128.4798,727428.0
2026-09-13T14:23:25+00:00,MSTRx,MSTR,False,1000,7.75105031,999.0005,10.0,0.4082,0.0,Riptide,Riptide,128.4798,727428.0
2026-09-13T14:23:25+00:00,MSTRx,MSTR,False,10000,77.48789873,9984.9083,15.09,0.4603,0.0,HumidiFi + Raydium CLMM + Riptide,Riptide,128.4798,727428.0
2026-09-13T14:23:25+00:00,METAx,META,False,100,0.15520044,99.669,33.1,0.3242,0.0068,Whirlpool,Whirlpool,640.6589,216220.0
2026-09-13T14:23:25+00:00,METAx,META,False,1000,1.55130173,995.7028,42.97,0.3693,0.0606,Raydium CLMM,Whirlpool,640.6589,216220.0
2026-09-13T14:23:25+00:00,METAx,META,False,10000,15.49419179,9924.1414,75.86,0.4902,0.2697,Whirlpool + Byreal + Raydium CLMM,Meteora DLMM + GoonFi V2 + Raydium CLMM + Whirlpool,640.6589,216220.0
2026-09-13T14:23:25+00:00,GOOGLx,GOOGL,False,100,0.29543818,99.7551,24.49,0.0,0.3619,GoonFi V2 + Meteora DLMM,Byreal,336.812,322273.0
2026-09-13T14:23:25+00:00,GOOGLx,GOOGL,False,1000,2.95037219,996.0612,39.39,0.0184,0.3755,Quantum + Meteora DLMM,Raydium CLMM,336.812,322273.0
2026-09-13T14:23:25+00:00,GOOGLx,GOOGL,False,10000,29.45535519,9936.3986,63.6,0.5409,0.6556,BisonFi + Meteora DLMM + Byreal + Raydium CLMM,Raydium CLMM + Byreal + Meteora DLMM + HumidiFi,336.812,322273.0
2026-09-13T14:23:25+00:00,AMZNx,AMZN,False,100,0.39275873,99.5908,40.92,0.0051,0.4041,Byreal,Byreal,254.5534,192608.0
2026-09-13T14:23:25+00:00,AMZNx,AMZN,False,1000,3.92609236,995.0777,49.22,0.0432,0.4492,Byreal,Byreal,254.5534,192608.0
2026-09-13T14:23:25+00:00,AMZNx,AMZN,False,10000,39.20398952,9912.6309,87.37,0.1882,0.6868,Byreal + Raydium CLMM + Quantum,Byreal + Raydium CLMM + HumidiFi,254.5534,192608.0
2026-09-13T14:29:32+00:00,AAPLx,AAPL,False,100,0.30056966,99.7879,21.21,0.0073,0.2048,Raydium CLMM,Raydium CLMM,330.8727,838502.0
2026-09-13T14:29:32+00:00,AAPLx,AAPL,False,1000,3.0040438,996.7828,32.17,0.0623,0.2596,Raydium CLMM,Raydium CLMM,330.8727,838502.0
2026-09-13T14:29:32+00:00,AAPLx,AAPL,False,10000,30.01721828,9951.1082,48.89,0.1395,0.3499,Raydium CLMM + Whirlpool,Whirlpool + Byreal + Raydium CLMM,330.8727,838502.0
2026-09-13T14:29:32+00:00,TSLAx,TSLA,False,100,0.27482511,99.9111,8.89,0.0348,0.0541,Whirlpool,Riptide,363.6831,1325752.0
2026-09-13T14:29:32+00:00,TSLAx,TSLA,False,1000,2.7479461,999.0005,10.0,0.0458,0.0541,Riptide,Riptide,363.6831,1325752.0
2026-09-13T14:29:32+00:00,TSLAx,TSLA,False,10000,27.47945183,9989.9824,10.02,0.0459,0.0543,Riptide + Whirlpool + Raydium CLMM,Riptide,363.6831,1325752.0
2026-09-13T14:29:32+00:00,NVDAx,NVDA,False,100,0.4632748,99.9075,9.25,0.0441,0.0483,TaurusFi,Whirlpool + GoonFi V2,215.3584,1842622.0
2026-09-13T14:29:32+00:00,NVDAx,NVDA,False,1000,4.63257205,999.0005,10.0,0.0479,0.052,Riptide,Riptide,215.3584,1842622.0
2026-09-13T14:29:32+00:00,NVDAx,NVDA,False,10000,46.31946006,9988.6315,11.37,0.0508,0.0629,Raydium CLMM + Riptide + Byreal,Riptide + Whirlpool,215.3584,1842622.0
2026-09-13T14:29:32+00:00,SPYx,SPY,False,100,0.13057545,99.9966,0.34,0.0,0.0201,Riptide,Raydium CLMM,759.421,4194443.0
2026-09-13T14:29:32+00:00,SPYx,SPY,False,1000,1.30575452,999.9398,0.6,0.0,0.0227,Riptide,Raydium CLMM + AlphaQ + Byreal,759.421,4194443.0
2026-09-13T14:29:32+00:00,SPYx,SPY,False,10000,13.05699114,9995.4879,4.51,0.0,0.0576,Raydium CLMM + Riptide,Whirlpool + Byreal + Raydium CLMM,759.421,4194443.0
2026-09-13T14:29:32+00:00,MSTRx,MSTR,False,100,0.77442995,99.8865,11.35,0.0019,0.1116,Riptide,Riptide,129.1041,724947.0
2026-09-13T14:29:32+00:00,MSTRx,MSTR,False,1000,7.74534969,999.0005,10.0,0.0,0.1116,Riptide,Riptide,129.1041,724947.0
2026-09-13T14:29:32+00:00,MSTRx,MSTR,False,10000,77.43043465,9984.241,15.76,0.0181,0.1395,Raydium CLMM + ZeroFi + Riptide,Riptide,129.1041,724947.0
2026-09-13T14:29:32+00:00,METAx,META,False,100,0.15519586,99.775,22.5,0.2253,0.0,Byreal,Whirlpool,641.3183,219159.0
2026-09-13T14:29:32+00:00,METAx,META,False,1000,1.54970645,995.6901,43.1,0.3701,0.0611,Whirlpool,Whirlpool,641.3183,219159.0
2026-09-13T14:29:32+00:00,METAx,META,False,10000,15.47875176,9925.8351,74.16,0.4879,0.255,Byreal + Whirlpool + Raydium CLMM,Meteora DLMM + TesseraV + Whirlpool + Raydium CLMM,641.3183,219159.0
2026-09-13T14:29:32+00:00,GOOGLx,GOOGL,False,100,0.29547884,99.7366,26.34,0.1008,0.1625,BisonFi + Meteora DLMM,Byreal,336.7576,318294.0
2026-09-13T14:29:32+00:00,GOOGLx,GOOGL,False,1000,2.95401679,996.7592,32.41,0.1272,0.1971,HumidiFi + Meteora DLMM,Byreal,336.7576,318294.0
2026-09-13T14:29:32+00:00,GOOGLx,GOOGL,False,10000,29.4774085,9936.9457,63.05,0.3394,0.2921,Raydium CLMM + HumidiFi + Meteora DLMM + Byreal,Whirlpool + Raydium CLMM + Byreal,336.7576,318294.0
2026-09-13T14:29:32+00:00,AMZNx,AMZN,False,100,0.39278843,99.6218,37.82,0.4014,0.0,Byreal,Raydium CLMM + TesseraV,253.5284,192483.0
2026-09-13T14:29:32+00:00,AMZNx,AMZN,False,1000,3.92633395,995.0547,49.45,0.4407,0.0541,Byreal,Byreal,253.5284,192483.0
2026-09-13T14:29:32+00:00,AMZNx,AMZN,False,10000,39.20416647,9912.7956,87.2,0.5907,0.283,Raydium CLMM + Byreal + Flux,Raydium CLMM + GoonFi V2 + Byreal,253.5284,192483.0
2026-09-13T14:35:14+00:00,AAPLx,AAPL,False,100,0.30029517,99.7879,21.21,0.0067,0.2055,Raydium CLMM,Raydium CLMM,331.8424,854174.0
2026-09-13T14:35:14+00:00,AAPLx,AAPL,False,1000,3.00133648,996.7951,32.05,0.0604,0.2602,Whirlpool,Raydium CLMM,331.8424,854174.0
2026-09-13T14:35:14+00:00,AAPLx,AAPL,False,10000,29.99790071,9951.4332,48.57,0.1119,0.3742,Byreal + Raydium CLMM + Whirlpool,Whirlpool + Raydium CLMM + HumidiFi,331.8424,854174.0
2026-09-13T14:35:14+00:00,TSLAx,TSLA,False,100,0.27491437,99.9038,9.62,0.0013,0.0149,Whirlpool,Riptide,363.5568,1308318.0
2026-09-13T14:35:14+00:00,TSLAx,TSLA,False,1000,2.74904135,999.0018,9.98,0.0344,0.388,Riptide,Riptide + Whirlpool,363.5568,1308318.0
2026-09-13T14:35:14+00:00,TSLAx,TSLA,False,10000,27.49044104,9990.0126,9.99,0.0846,0.0757,Riptide,Riptide + Whirlpool,363.5568,1308318.0
2026-09-13T14:35:14+00:00,NVDAx,NVDA,False,100,0.46337174,99.9412,5.88,0.0403,0.0186,Whirlpool,TaurusFi,214.8688,1839911.0
2026-09-13T14:35:14+00:00,NVDAx,NVDA,False,1000,4.63193086,999.0005,10.0,0.0788,0.0212,Riptide,Riptide,214.8688,1839911.0
2026-09-13T14:35:14+00:00,NVDAx,NVDA,False,10000,46.31321252,9988.6928,11.31,0.0919,0.0211,Raydium CLMM + Riptide,TaurusFi + Riptide,214.8688,1839911.0
2026-09-13T14:35:14+00:00,SPYx,SPY,False,100,0.13054,99.9924,0.76,0.0,0.0219,Scorch,Raydium CLMM,761.6758,4229089.0
2026-09-13T14:35:14+00:00,SPYx,SPY,False,1000,1.30526201,999.7652,2.35,0.0,0.0272,Riptide,Raydium CLMM,761.6758,4229089.0
2026-09-13T14:35:14+00:00,SPYx,SPY,False,10000,13.052473,9994.7948,5.21,0.0,0.0546,Riptide + Byreal + Raydium CLMM,Byreal + Riptide + Raydium CLMM,761.6758,4229089.0
2026-09-13T14:35:14+00:00,MSTRx,MSTR,False,100,0.77442464,99.9241,7.59,0.1649,0.0,Raydium CLMM,Riptide,128.8934,724665.0
2026-09-13T14:35:14+00:00,MSTRx,MSTR,False,1000,7.74238547,999.0005,10.0,0.1889,0.0,Riptide,Riptide,128.8934,724665.0
2026-09-13T14:35:14+00:00,MSTRx,MSTR,False,10000,77.4048032,9985.4976,14.5,0.2135,0.0,Raydium CLMM + Riptide,Riptide,128.8934,724665.0
2026-09-13T14:35:14+00:00,METAx,META,False,100,0.15500917,99.6717,32.83,0.0047,0.3237,Whirlpool,Whirlpool,643.505,220104.0
2026-09-13T14:35:14+00:00,METAx,META,False,1000,1.54950609,995.8439,41.56,0.0424,0.3733,Whirlpool,Whirlpool,643.505,220104.0
2026-09-13T14:35:14+00:00,METAx,META,False,10000,15.47601834,9926.1648,73.84,0.1653,0.574,Byreal + Whirlpool + Raydium CLMM,Raydium CLMM + Whirlpool + Meteora DLMM + HumidiFi,643.505,220104.0
2026-09-13T14:35:14+00:00,GOOGLx,GOOGL,False,100,0.29557927,99.6857,31.43,0.3644,0.0,Byreal,Meteora DLMM + BisonFi,336.2294,320451.0
2026-09-13T14:35:14+00:00,GOOGLx,GOOGL,False,1000,2.95471881,996.6327,33.67,0.4006,0.0,Byreal,Meteora DLMM + BisonFi,336.2294,320451.0
2026-09-13T14:35:14+00:00,GOOGLx,GOOGL,False,10000,29.50807331,9933.8849,66.12,0.5325,0.1293,Byreal + Whirlpool + Raydium CLMM,Meteora DLMM + Flux + Whirlpool + Raydium CLMM,336.2294,320451.0
2026-09-13T14:35:14+00:00,AMZNx,AMZN,False,100,0.39269694,99.5928,40.72,0.0043,0.4029,Raydium CLMM,Byreal,254.5952,192754.0
2026-09-13T14:35:14+00:00,AMZNx,AMZN,False,1000,3.92556102,995.1342,48.66,0.0402,0.4466,Byreal,Byreal,254.5952,192754.0
2026-09-13T14:35:14+00:00,AMZNx,AMZN,False,10000,39.20001758,9912.3008,87.7,0.1817,0.6965,Raydium CLMM + HumidiFi + Byreal,Byreal + Raydium CLMM,254.5952,192754.0
2026-09-13T14:40:56+00:00,AAPLx,AAPL,False,100,0.30062612,99.8255,17.45,0.2001,0.0,Raydium CLMM,Whirlpool,330.8406,849659.0
2026-09-13T14:40:56+00:00,AAPLx,AAPL,False,1000,3.00460802,997.5224,24.78,0.2549,0.0,Raydium CLMM,Whirlpool,330.8406,849659.0
2026-09-13T14:40:56+00:00,AAPLx,AAPL,False,10000,30.00261666,9950.9451,49.05,0.3992,0.0917,Raydium CLMM + Whirlpool,Byreal + Whirlpool + HumidiFi,330.8406,849659.0
2026-09-13T14:40:56+00:00,TSLAx,TSLA,False,100,0.27495164,99.9314,6.86,0.0969,0.0,Whirlpool,Riptide,363.0433,1309903.0
2026-09-13T14:40:56+00:00,TSLAx,TSLA,False,1000,2.74871535,999.0232,9.77,0.126,0.4681,Raydium CLMM,Riptide,363.0433,1309903.0
2026-09-13T14:40:56+00:00,TSLAx,TSLA,False,10000,27.48675237,9990.0859,9.91,0.0,0.4841,Riptide + Raydium CLMM + Whirlpool,Riptide,363.0433,1309903.0
2026-09-13T14:40:56+00:00,NVDAx,NVDA,False,100,0.46318429,99.9345,6.55,0.0,0.0823,TaurusFi,Whirlpool,215.5319,1831709.0
2026-09-13T14:40:56+00:00,NVDAx,NVDA,False,1000,4.63172579,998.9884,10.12,0.0,0.1154,Riptide,Riptide,215.5319,1831709.0
2026-09-13T14:40:56+00:00,NVDAx,NVDA,False,10000,46.31226293,9988.8453,11.15,0.0,0.115,Byreal + Raydium CLMM + Riptide,Whirlpool + Riptide + TaurusFi,215.5319,1831709.0
2026-09-13T14:40:56+00:00,SPYx,SPY,False,100,0.13058768,99.9868,1.32,0.043,0.0,Raydium CLMM,Byreal,760.9696,4377465.0
2026-09-13T14:40:56+00:00,SPYx,SPY,False,1000,1.30580444,999.8092,1.91,0.0485,0.0131,Raydium CLMM,Riptide,760.9696,4377465.0
2026-09-13T14:40:56+00:00,SPYx,SPY,False,10000,13.05429421,9995.2123,4.79,0.0347,0.0132,Raydium CLMM + Whirlpool + Riptide,Riptide + Byreal,760.9696,4377465.0
2026-09-13T14:40:56+00:00,MSTRx,MSTR,False,100,0.77366439,99.9045,9.55,0.1358,0.0,Riptide,Riptide,129.0589,726399.0
2026-09-13T14:40:56+00:00,MSTRx,MSTR,False,1000,7.73630263,999.0005,10.0,0.1402,0.0,Riptide,Riptide,129.0589,726399.0
2026-09-13T14:40:56+00:00,MSTRx,MSTR,False,10000,77.33771763,9984.6861,15.31,0.1729,0.0,Riptide + ZeroFi + Raydium CLMM,Riptide,129.0589,726399.0
2026-09-13T14:40:56+00:00,METAx,META,False,100,0.15501051,99.6859,31.41,0.3211,0.0,Whirlpool,Meteora DLMM + GoonFi V2 + Quay,641.4693,220214.0
2026-09-13T14:40:56+00:00,METAx,META,False,1000,1.54951945,995.848,41.52,0.3588,0.0566,Whirlpool,Whirlpool,641.4693,220214.0
2026-09-13T14:40:56+00:00,METAx,META,False,10000,15.47605965,9926.8572,73.14,0.4818,0.2508,Raydium CLMM + Byreal + Whirlpool,Meteora DLMM + GoonFi V2 + Raydium CLMM + Whirlpool,641.4693,220214.0
2026-09-13T14:40:56+00:00,GOOGLx,GOOGL,False,100,0.29632407,99.9734,2.66,0.3217,0.0,AlphaQ + BisonFi + Meteora DLMM,Whirlpool,338.2374,318125.0
2026-09-13T14:40:56+00:00,GOOGLx,GOOGL,False,1000,2.96141021,998.1409,18.59,0.3833,0.0,AlphaQ + BisonFi + Meteora DLMM,Whirlpool,338.2374,318125.0
2026-09-13T14:40:56+00:00,GOOGLx,GOOGL,False,10000,29.51624249,9934.4453,65.55,0.7125,0.0,AlphaQ + BisonFi + Meteora DLMM + Raydium CLMM,Byreal + Whirlpool + Raydium CLMM,338.2374,318125.0
2026-09-13T14:40:56+00:00,AMZNx,AMZN,False,100,0.39269763,99.5942,40.58,0.3307,0.0754,Raydium CLMM,Raydium CLMM + Quantum + GoonFi V2,253.7664,192655.0
2026-09-13T14:40:56+00:00,AMZNx,AMZN,False,1000,3.9255823,995.15,48.5,0.366,0.1194,Byreal,Byreal,253.7664,192655.0
2026-09-13T14:40:56+00:00,AMZNx,AMZN,False,10000,39.20025128,9913.4938,86.51,0.5071,0.3598,HumidiFi + Raydium CLMM + Byreal,Raydium CLMM + Byreal + Quantum,253.7664,192655.0
2026-09-13T14:46:38+00:00,AAPLx,AAPL,False,100,0.30027412,99.8136,18.64,0.0568,0.1297,Raydium CLMM,Whirlpool + Flux + JupLend AMM,331.7061,850937.0
2026-09-13T14:46:38+00:00,AAPLx,AAPL,False,1000,3.00136948,997.1595,28.4,0.1024,0.1818,Whirlpool,Whirlpool + BisonFi,331.7061,850937.0
2026-09-13T14:46:38+00:00,AAPLx,AAPL,False,10000,29.99779529,9954.2249,45.78,0.1554,0.3029,Byreal + Whirlpool + Raydium CLMM,Whirlpool + TesseraV + Raydium CLMM,331.7061,850937.0
2026-09-13T14:46:38+00:00,TSLAx,TSLA,False,100,0.27486609,99.9564,4.36,0.5271,0.0198,Riptide,Whirlpool,362.1717,1314571.0
2026-09-13T14:46:38+00:00,TSLAx,TSLA,False,1000,2.74854098,999.0005,10.0,0.1641,0.0,Riptide,Riptide,362.1717,1314571.0
2026-09-13T14:46:38+00:00,TSLAx,TSLA,False,10000,27.48537372,9990.052,9.95,0.0258,0.0737,GoonFi V2 + Whirlpool + Raydium CLMM + Riptide,Riptide + Whirlpool,362.1717,1314571.0
2026-09-13T14:46:38+00:00,NVDAx,NVDA,False,100,0.46311041,99.9114,8.86,0.0,0.4044,Riptide,Whirlpool,215.1332,1839392.0
2026-09-13T14:46:38+00:00,NVDAx,NVDA,False,1000,4.6311143,999.0005,10.0,0.181,0.0,Riptide,Riptide,215.1332,1839392.0
2026-09-13T14:46:38+00:00,NVDAx,NVDA,False,10000,46.30359417,9988.416,11.58,0.0,0.109,Raydium CLMM + Riptide,Riptide + Whirlpool + TaurusFi,215.1332,1839392.0
2026-09-13T14:46:38+00:00,SPYx,SPY,False,100,0.13054047,99.9812,1.88,0.018,0.0007,Byreal,Raydium CLMM,761.4453,4428851.0
2026-09-13T14:46:38+00:00,SPYx,SPY,False,1000,1.30530723,999.6826,3.17,0.1413,0.006,Raydium CLMM,Raydium CLMM,761.4453,4428851.0
2026-09-13T14:46:38+00:00,SPYx,SPY,False,10000,13.05097292,9994.3231,5.68,0.0419,0.0146,Raydium CLMM + Byreal + Riptide,Riptide + Raydium CLMM,761.4453,4428851.0
2026-09-13T14:46:38+00:00,MSTRx,MSTR,False,100,0.77323429,99.9089,9.11,0.012,0.0791,Riptide,Riptide,129.2902,720403.0
2026-09-13T14:46:38+00:00,MSTRx,MSTR,False,1000,7.73165535,999.0005,10.0,0.0209,0.0791,Riptide,Riptide,129.2902,720403.0
2026-09-13T14:46:38+00:00,MSTRx,MSTR,False,10000,77.29714297,9984.9524,15.05,0.046,0.1046,Byreal + Riptide + Raydium CLMM,Riptide,129.2902,720403.0
2026-09-13T14:46:38+00:00,METAx,META,False,100,0.15495211,99.6719,32.81,0.0,0.3367,Whirlpool,Whirlpool,643.8309,221878.0
2026-09-13T14:46:38+00:00,METAx,META,False,1000,1.54893582,995.9443,40.56,0.0291,0.3766,Whirlpool,Whirlpool,643.8309,221878.0
2026-09-13T14:46:38+00:00,METAx,META,False,10000,15.47044771,9925.9441,74.06,0.1512,0.5903,Byreal + Whirlpool + Raydium CLMM,Whirlpool + Meteora DLMM + HumidiFi + Raydium CLMM,643.8309,221878.0
2026-09-13T14:46:38+00:00,GOOGLx,GOOGL,False,100,0.29556453,99.8273,17.27,0.0,0.4235,BisonFi + Meteora DLMM,Whirlpool,338.3278,336637.0
2026-09-13T14:46:38+00:00,GOOGLx,GOOGL,False,1000,2.95107866,996.2573,37.43,0.0,0.4708,Quantum + Meteora DLMM,Whirlpool + Byreal,338.3278,336637.0
2026-09-13T14:46:38+00:00,GOOGLx,GOOGL,False,10000,29.47595778,9939.8035,60.2,0.0212,0.5809,Raydium CLMM + BisonFi + Meteora DLMM + Byreal,Byreal + Raydium CLMM + Whirlpool,338.3278,336637.0
2026-09-13T14:46:38+00:00,AMZNx,AMZN,False,100,0.39272173,99.591,40.9,0.4002,0.0088,Byreal,Byreal,253.5725,192252.0
2026-09-13T14:46:38+00:00,AMZNx,AMZN,False,1000,3.92582373,995.1237,48.76,0.4356,0.0523,Byreal,Byreal,253.5725,192252.0
2026-09-13T14:46:38+00:00,AMZNx,AMZN,False,10000,39.2024301,9912.4609,87.54,0.5771,0.3,Quantum + Raydium CLMM + Byreal,Raydium CLMM + Byreal,253.5725,192252.0
2026-09-13T14:52:35+00:00,AAPLx,AAPL,False,100,0.30028196,99.7879,21.21,0.4233,0.0,Raydium CLMM,Raydium CLMM,330.4773,855866.0
2026-09-13T14:52:35+00:00,AAPLx,AAPL,False,1000,3.00116924,997.0174,29.83,0.4781,0.0,Raydium CLMM,Whirlpool,330.4773,855866.0
2026-09-13T14:52:35+00:00,AAPLx,AAPL,False,10000,29.9932828,9953.6508,46.35,0.5391,0.0,Raydium CLMM + Byreal,Raydium CLMM + Byreal + Whirlpool,330.4773,855866.0
2026-09-13T14:52:35+00:00,TSLAx,TSLA,False,100,0.27502794,99.9233,7.67,0.0456,0.0311,Whirlpool,Riptide,362.0999,1313278.0
2026-09-13T14:52:35+00:00,TSLAx,TSLA,False,1000,2.74963841,999.0005,10.0,0.0689,0.0311,Riptide,Riptide,362.0999,1313278.0
2026-09-13T14:52:35+00:00,TSLAx,TSLA,False,10000,27.49644822,9990.0283,9.97,0.0686,0.0,Whirlpool + Riptide,Riptide,362.0999,1313278.0
2026-09-13T14:52:35+00:00,NVDAx,NVDA,False,100,0.46279558,99.9369,6.31,0.4114,0.0,BisonFi + Raydium CLMM,Riptide,214.7899,1849952.0
2026-09-13T14:52:35+00:00,NVDAx,NVDA,False,1000,4.62797625,999.3845,6.16,0.0,0.1503,Scorch + Raydium CLMM,TaurusFi + Riptide,214.7899,1849952.0
2026-09-13T14:52:35+00:00,NVDAx,NVDA,False,10000,46.26137223,9989.9108,10.09,0.0,0.1499,Riptide + HumidiFi + Raydium CLMM,Whirlpool + Riptide,214.7899,1849952.0
2026-09-13T14:52:35+00:00,SPYx,SPY,False,100,0.13062621,99.9957,0.43,0.1037,0.0,Raydium CLMM,Riptide,760.2827,4383164.0
2026-09-13T14:52:35+00:00,SPYx,SPY,False,1000,1.30619252,999.9077,0.92,0.109,0.0,Raydium CLMM,Riptide,760.2827,4383164.0
2026-09-13T14:52:35+00:00,SPYx,SPY,False,10000,13.05753085,9995.7699,4.23,0.1426,0.0,Whirlpool + Byreal + Raydium CLMM,Riptide + Scorch + Flux,760.2827,4383164.0
2026-09-13T14:52:35+00:00,MSTRx,MSTR,False,100,0.77344003,99.9,10.0,0.3934,0.0,Riptide,Riptide,128.7634,720135.0
2026-09-13T14:52:35+00:00,MSTRx,MSTR,False,1000,7.73423883,999.0005,10.0,0.3955,0.0,Riptide,Riptide,128.7634,720135.0
2026-09-13T14:52:35+00:00,MSTRx,MSTR,False,10000,77.34569252,9985.012,14.99,0.3912,0.0,Riptide + Byreal,Riptide,128.7634,720135.0
2026-09-13T14:52:35+00:00,METAx,META,False,100,0.15495976,99.6745,32.55,0.3213,0.0042,Whirlpool,Whirlpool,643.7461,222080.0
2026-09-13T14:52:35+00:00,METAx,META,False,1000,1.54919174,996.223,37.77,0.3474,0.0304,Whirlpool,Whirlpool,643.7461,222080.0
2026-09-13T14:52:35+00:00,METAx,META,False,10000,15.47396465,9929.5413,70.46,0.1437,0.5617,Whirlpool + Byreal + Raydium CLMM,Whirlpool + Byreal + Raydium CLMM,643.7461,222080.0
2026-09-13T14:52:35+00:00,GOOGLx,GOOGL,False,100,0.29487601,99.6528,34.72,0.2501,0.0974,Byreal,Whirlpool,337.4176,344343.0
2026-09-13T14:52:35+00:00,GOOGLx,GOOGL,False,1000,2.94826889,995.5155,44.84,0.2667,0.1822,Raydium CLMM,Whirlpool,337.4176,344343.0
2026-09-13T14:52:35+00:00,GOOGLx,GOOGL,False,10000,29.46217878,9938.5041,61.5,0.3361,0.5273,BisonFi + Meteora DLMM + Raydium CLMM + Byreal,Meteora DLMM + BisonFi + Raydium CLMM + Byreal,337.4176,344343.0
2026-09-13T14:52:35+00:00,AMZNx,AMZN,False,100,0.39272815,99.5943,40.57,0.4958,0.0,Byreal,Byreal,253.3234,192617.0
2026-09-13T14:52:35+00:00,AMZNx,AMZN,False,1000,3.92619918,995.3937,46.06,0.5232,0.0,Byreal,Byreal,253.3234,192617.0
2026-09-13T14:52:35+00:00,AMZNx,AMZN,False,10000,39.2030837,9914.4779,85.52,0.6724,0.184,Raydium CLMM + Byreal + GoonFi V2,Byreal + Raydium CLMM,253.3234,192617.0
2026-09-13T14:58:18+00:00,AAPLx,AAPL,False,100,0.30037258,99.7911,20.89,0.0074,0.2015,Raydium CLMM,Whirlpool,331.7589,852512.0
2026-09-13T14:58:18+00:00,AAPLx,AAPL,False,1000,3.00207468,997.2142,27.86,0.0624,0.2163,Raydium CLMM,Whirlpool,331.7589,852512.0
2026-09-13T14:58:18+00:00,AAPLx,AAPL,False,10000,29.9947809,9952.8678,47.13,0.1488,0.323,Raydium CLMM + Byreal,Raydium CLMM + Byreal + Whirlpool,331.7589,852512.0
2026-09-13T14:58:18+00:00,TSLAx,TSLA,False,100,0.27509804,99.9683,3.17,0.1179,0.0,Riptide,Whirlpool,363.0218,1311417.0
2026-09-13T14:58:18+00:00,TSLAx,TSLA,False,1000,2.75098048,999.0005,10.0,0.1179,0.097,Riptide,Riptide,363.0218,1311417.0
2026-09-13T14:58:18+00:00,TSLAx,TSLA,False,10000,27.50980489,9990.1543,9.85,0.0029,0.0955,Riptide,Whirlpool + Riptide,363.0218,1311417.0
2026-09-13T14:58:18+00:00,NVDAx,NVDA,False,100,0.46271831,99.9138,8.62,0.0,0.1913,TaurusFi,Whirlpool,215.6189,1854360.0
2026-09-13T14:58:18+00:00,NVDAx,NVDA,False,1000,4.62682428,999.0198,9.8,0.0,0.1954,Riptide,Riptide + TaurusFi + Whirlpool,215.6189,1854360.0
2026-09-13T14:58:18+00:00,NVDAx,NVDA,False,10000,46.26193047,9988.6618,11.34,0.0,0.1971,Raydium CLMM + Riptide,Whirlpool + Riptide,215.6189,1854360.0
2026-09-13T14:58:18+00:00,SPYx,SPY,False,100,0.13060937,99.983,1.7,0.0151,0.136,Raydium CLMM,Byreal,761.058,4408354.0
2026-09-13T14:58:18+00:00,SPYx,SPY,False,1000,1.30602595,999.7203,2.8,0.0,0.0226,Raydium CLMM,Riptide,761.058,4408354.0
2026-09-13T14:58:18+00:00,SPYx,SPY,False,10000,13.05709874,9994.7973,5.2,0.0296,0.0224,Raydium CLMM + Whirlpool + Riptide,Byreal + Scorch + GoonFi V2 + Riptide,761.058,4408354.0
2026-09-13T14:58:18+00:00,MSTRx,MSTR,False,100,0.77322472,99.8995,10.05,0.1781,0.0,Riptide,Riptide,129.0781,720131.0
2026-09-13T14:58:18+00:00,MSTRx,MSTR,False,1000,7.7322891,999.0005,10.0,0.1776,0.0,Riptide,Riptide,129.0781,720131.0
2026-09-13T14:58:18+00:00,MSTRx,MSTR,False,10000,77.30329125,9985.082,14.92,0.2029,0.0,Raydium CLMM + Riptide + Byreal,Riptide,129.0781,720131.0
2026-09-13T14:58:18+00:00,METAx,META,False,100,0.15497533,99.677,32.3,0.3224,0.0006,Whirlpool,Whirlpool,641.6091,222406.0
2026-09-13T14:58:18+00:00,METAx,META,False,1000,1.54952369,996.4746,35.25,0.3372,0.0154,Whirlpool,Whirlpool,641.6091,222406.0
2026-09-13T14:58:18+00:00,METAx,META,False,10000,15.48038238,9935.774,64.23,0.4327,0.2105,Whirlpool + Raydium CLMM + Byreal,Raydium CLMM + Whirlpool + Byreal,641.6091,222406.0
2026-09-13T14:58:18+00:00,GOOGLx,GOOGL,False,100,0.29513521,99.6716,32.84,0.3227,0.0057,Whirlpool,Whirlpool,338.001,339465.0
2026-09-13T14:58:18+00:00,GOOGLx,GOOGL,False,1000,2.95045247,996.1658,38.34,0.3531,0.4378,Byreal,Meteora DLMM + BisonFi + Whirlpool,338.001,339465.0
2026-09-13T14:58:18+00:00,GOOGLx,GOOGL,False,10000,29.47734877,9941.6335,58.37,0.0375,0.5464,Raydium CLMM + Byreal + Whirlpool,Meteora DLMM + BisonFi + Whirlpool + Raydium CLMM,338.001,339465.0
2026-09-13T14:58:18+00:00,AMZNx,AMZN,False,100,0.39275333,99.6079,39.21,0.014,0.3781,Raydium CLMM,Byreal,254.5374,192468.0
2026-09-13T14:58:18+00:00,AMZNx,AMZN,False,1000,3.92599782,995.4154,45.85,0.0531,0.4055,Raydium CLMM,Byreal,254.5374,192468.0
2026-09-13T14:58:18+00:00,AMZNx,AMZN,False,10000,39.203259,9914.4997,85.5,0.1975,0.6588,GoonFi V2 + Raydium CLMM + Byreal,Raydium CLMM + Byreal,254.5374,192468.0
2026-09-13T15:04:00+00:00,AAPLx,AAPL,False,100,0.30040691,99.7888,21.12,0.206,0.0052,Raydium CLMM,Whirlpool,331.0628,851867.0
2026-09-13T15:04:00+00:00,AAPLx,AAPL,False,1000,3.00241768,997.1918,28.08,0.2609,0.02,Raydium CLMM,Whirlpool,331.0628,851867.0
2026-09-13T15:04:00+00:00,AAPLx,AAPL,False,10000,29.99460987,9951.6905,48.31,0.3591,0.1245,Raydium CLMM + Byreal,Byreal + Raydium CLMM + Whirlpool,331.0628,851867.0
2026-09-13T15:04:00+00:00,TSLAx,TSLA,False,100,0.2751848,99.9426,5.74,0.0,0.1193,GoonFi V2 + Raydium CLMM,Riptide,363.4831,1310410.0
2026-09-13T15:04:00+00:00,TSLAx,TSLA,False,1000,2.75131362,999.2318,7.68,0.107,0.0,AlphaQ + Flux + Raydium CLMM,Riptide,363.4831,1310410.0
2026-09-13T15:04:00+00:00,TSLAx,TSLA,False,10000,27.50704648,9990.1063,9.89,0.1291,0.0174,HumidiFi + Raydium CLMM + Riptide,Riptide,363.4831,1310410.0
2026-09-13T15:04:00+00:00,NVDAx,NVDA,False,100,0.46293615,99.9623,3.77,0.0,0.0777,HumidiFi + Whirlpool,Riptide,215.6998,1850190.0
2026-09-13T15:04:00+00:00,NVDAx,NVDA,False,1000,4.62940211,999.6317,3.68,0.0,0.0777,HumidiFi + Raydium CLMM,Riptide,215.6998,1850190.0
2026-09-13T15:04:00+00:00,NVDAx,NVDA,False,10000,46.26938154,9990.6165,9.38,0.0124,0.0815,Riptide + Raydium CLMM + HumidiFi,Riptide,215.6998,1850190.0
2026-09-13T15:04:00+00:00,SPYx,SPY,False,100,0.13060477,99.9805,1.95,0.328,0.0,Raydium CLMM,Riptide,758.7079,4347148.0
2026-09-13T15:04:00+00:00,SPYx,SPY,False,1000,1.30597986,999.7531,2.47,0.3332,0.0,Raydium CLMM,Riptide,758.7079,4347148.0
2026-09-13T15:04:00+00:00,SPYx,SPY,False,10000,13.05644998,9994.9673,5.03,0.3588,0.0,Byreal + Riptide + Raydium CLMM,Riptide,758.7079,4347148.0
2026-09-13T15:04:00+00:00,MSTRx,MSTR,False,100,0.77390737,99.9,10.0,0.0,0.254,Riptide,Riptide,129.3948,722038.0
2026-09-13T15:04:00+00:00,MSTRx,MSTR,False,1000,7.73907379,999.0005,10.0,0.0,0.254,Riptide,Riptide,129.3948,722038.0
2026-09-13T15:04:00+00:00,MSTRx,MSTR,False,10000,77.36143834,9985.1306,14.87,0.0,0.2649,Riptide + HumidiFi + Raydium CLMM,Riptide,129.3948,722038.0
2026-09-13T15:04:00+00:00,METAx,META,False,100,0.15503542,99.7446,25.54,0.2539,0.0015,Quantum + Meteora DLMM,Whirlpool,641.8054,223665.0
2026-09-13T15:04:00+00:00,METAx,META,False,1000,1.54907287,996.4746,35.25,0.3363,0.0162,Whirlpool,Whirlpool,641.8054,223665.0
2026-09-13T15:04:00+00:00,METAx,META,False,10000,15.47858375,9938.1166,61.88,0.4145,0.2052,HumidiFi + Meteora DLMM + Raydium CLMM + Whirlpool,Raydium CLMM + Whirlpool + Byreal,641.8054,223665.0
2026-09-13T15:04:00+00:00,GOOGLx,GOOGL,False,100,0.29560387,99.7958,20.42,0.2013,0.003,Manifest,Byreal,336.7589,342871.0
2026-09-13T15:04:00+00:00,GOOGLx,GOOGL,False,1000,2.95156173,996.1781,38.22,0.3524,0.0299,Whirlpool,Byreal,336.7589,342871.0
2026-09-13T15:04:00+00:00,GOOGLx,GOOGL,False,10000,29.48997929,9945.6737,54.33,0.439,0.1048,TesseraV + Meteora DLMM + Byreal + Whirlpool,Raydium CLMM + Byreal + Whirlpool,336.7589,342871.0
2026-09-13T15:04:00+00:00,AMZNx,AMZN,False,100,0.39317445,99.7059,29.41,0.0,0.3206,Flux + Raydium CLMM,Byreal,254.3699,192216.0
2026-09-13T15:04:00+00:00,AMZNx,AMZN,False,1000,3.92625641,995.393,46.07,0.113,0.3481,Byreal,Byreal,254.3699,192216.0
2026-09-13T15:04:00+00:00,AMZNx,AMZN,False,10000,39.20714177,9914.716,85.28,0.254,0.6004,Raydium CLMM + HumidiFi + Byreal,Raydium CLMM + Byreal,254.3699,192216.0
2026-09-13T15:09:42+00:00,AAPLx,AAPL,False,100,0.30017709,99.791,20.9,0.2017,0.0073,Byreal,Raydium CLMM,331.3368,853800.0
2026-09-13T15:09:42+00:00,AAPLx,AAPL,False,1000,3.00104512,997.1217,28.78,0.2258,0.0621,Byreal,Raydium CLMM,331.3368,853800.0
2026-09-13T15:09:42+00:00,AAPLx,AAPL,False,10000,29.99407222,9952.7947,47.21,0.2803,0.1923,Byreal + Raydium CLMM + Whirlpool,Raydium CLMM + Whirlpool + Byreal,331.3368,853800.0
2026-09-13T15:09:42+00:00,TSLAx,TSLA,False,100,0.27526838,99.9068,9.32,0.0142,0.079,Riptide,Whirlpool,362.9281,1311530.0
2026-09-13T15:09:42+00:00,TSLAx,TSLA,False,1000,2.7526808,999.0005,10.0,0.0143,0.0857,Riptide,Riptide,362.9281,1311530.0
2026-09-13T15:09:42+00:00,TSLAx,TSLA,False,10000,27.52680809,9990.0116,9.99,0.0143,0.0856,Riptide,Riptide + Whirlpool,362.9281,1311530.0
2026-09-13T15:09:42+00:00,NVDAx,NVDA,False,100,0.46306434,99.9045,9.55,0.137,0.0,Whirlpool,Riptide,215.2616,1836238.0
2026-09-13T15:09:42+00:00,NVDAx,NVDA,False,1000,4.63031378,999.0005,10.0,0.1441,0.0,Riptide,Riptide,215.2616,1836238.0
2026-09-13T15:09:42+00:00,NVDAx,NVDA,False,10000,46.29869745,9989.047,10.95,0.1537,0.0,Riptide + GoonFi V2 + Raydium CLMM + Whirlpool,Riptide,215.2616,1836238.0
2026-09-13T15:09:42+00:00,SPYx,SPY,False,100,0.13068524,99.9814,1.86,0.0179,0.0007,Byreal,Scorch + Quay,760.6107,4178257.0
2026-09-13T15:09:42+00:00,SPYx,SPY,False,1000,1.30674436,999.7239,2.76,0.0262,0.0014,Raydium CLMM,Riptide,760.6107,4178257.0
2026-09-13T15:09:42+00:00,SPYx,SPY,False,10000,13.06434469,9994.8703,5.13,0.0499,0.0,Raydium CLMM + Byreal + Riptide,Scorch + Riptide,760.6107,4178257.0
2026-09-13T15:09:42+00:00,MSTRx,MSTR,False,100,0.77390339,99.9444,5.56,0.0077,0.0493,Deriverse + Raydium CLMM,Riptide,129.1877,722149.0
2026-09-13T15:09:42+00:00,MSTRx,MSTR,False,1000,7.73715006,999.2004,8.0,0.0307,0.0493,Deriverse + Raydium CLMM,Riptide,129.1877,722149.0
2026-09-13T15:09:42+00:00,MSTRx,MSTR,False,10000,77.34298816,9985.9266,14.07,0.0675,0.0733,HumidiFi + Raydium CLMM + Riptide,Riptide,129.1877,722149.0
2026-09-13T15:09:42+00:00,METAx,META,False,100,0.15513219,99.7974,20.26,0.2002,0.0024,GoonFi V2 + Meteora DLMM,Whirlpool,641.7505,223869.0
2026-09-13T15:09:42+00:00,METAx,META,False,1000,1.54922002,996.4743,35.26,0.3354,0.0159,Whirlpool,Whirlpool,641.7505,223869.0
2026-09-13T15:09:42+00:00,METAx,META,False,10000,15.48004518,9937.8994,62.1,0.4149,0.2069,GoonFi V2 + Meteora DLMM + Whirlpool + Raydium CLMM,Raydium CLMM + Byreal + Whirlpool,641.7505,223869.0
2026-09-13T15:09:42+00:00,GOOGLx,GOOGL,False,100,0.29494921,99.6612,33.88,0.3351,0.0036,Byreal,Whirlpool,337.0544,355765.0
2026-09-13T15:09:42+00:00,GOOGLx,GOOGL,False,1000,2.94870618,996.1319,38.68,0.3617,0.0252,Byreal,Whirlpool,337.0544,355765.0
2026-09-13T15:09:42+00:00,GOOGLx,GOOGL,False,10000,29.46482442,9942.1509,57.85,0.4368,0.1423,Raydium CLMM + Whirlpool + Byreal,Raydium CLMM + Byreal + Whirlpool,337.0544,355765.0
2026-09-13T15:09:42+00:00,AMZNx,AMZN,False,100,0.39349712,99.7832,21.68,0.0,0.4032,Scorch + Meteora DLMM + Raydium CLMM,Byreal,254.5692,192112.0
2026-09-13T15:09:42+00:00,AMZNx,AMZN,False,1000,3.92643419,995.3925,46.07,0.0302,0.4307,Byreal,Byreal,254.5692,192112.0
2026-09-13T15:09:42+00:00,AMZNx,AMZN,False,10000,39.2089586,9914.9052,85.09,0.1712,0.6809,GoonFi V2 + Raydium CLMM + Byreal,Raydium CLMM + Flux + Byreal,254.5692,192112.0
2026-09-13T15:15:24+00:00,AAPLx,AAPL,False,100,0.30018029,99.7879,21.21,0.2015,0.0106,Raydium CLMM,Raydium CLMM,331.3249,854825.0
2026-09-13T15:15:24+00:00,AAPLx,AAPL,False,1000,3.00099323,997.0625,29.38,0.2284,0.0655,Byreal,Raydium CLMM,331.3249,854825.0
2026-09-13T15:15:24+00:00,AAPLx,AAPL,False,10000,29.99394891,9952.6842,47.32,0.2816,0.1921,Raydium CLMM + Whirlpool + Byreal,Raydium CLMM + Byreal + Whirlpool,331.3249,854825.0
2026-09-13T15:15:24+00:00,TSLAx,TSLA,False,100,0.27528458,99.9657,3.43,0.0,0.0759,Whirlpool,Riptide,363.3528,1305055.0
2026-09-13T15:15:24+00:00,TSLAx,TSLA,False,1000,2.75116736,999.0475,9.52,0.0194,0.0012,TesseraV + Raydium CLMM,Riptide,363.3528,1305055.0
2026-09-13T15:15:24+00:00,TSLAx,TSLA,False,10000,27.51087192,9990.1842,9.82,0.0969,0.0012,Riptide + Whirlpool + Quantum + Raydium CLMM,Riptide,363.3528,1305055.0
2026-09-13T15:15:24+00:00,NVDAx,NVDA,False,100,0.46301932,99.9114,8.86,0.0038,0.0847,Riptide,Whirlpool,215.5637,1832535.0
2026-09-13T15:15:24+00:00,NVDAx,NVDA,False,1000,4.63019324,999.0005,10.0,0.0038,0.0961,Riptide,Riptide,215.5637,1832535.0
2026-09-13T15:15:24+00:00,NVDAx,NVDA,False,10000,46.29716302,9988.9881,11.01,0.0161,0.0941,Whirlpool + Riptide + Quantum + Raydium CLMM,Riptide + Whirlpool,215.5637,1832535.0
2026-09-13T15:15:24+00:00,SPYx,SPY,False,100,0.13067338,99.9907,0.93,0.3015,0.0,Byreal,Riptide,760.0687,4084716.0
2026-09-13T15:15:24+00:00,SPYx,SPY,False,1000,1.30658993,999.7945,2.05,0.3221,0.0141,Raydium CLMM,Riptide,760.0687,4084716.0
2026-09-13T15:15:24+00:00,SPYx,SPY,False,10000,13.0623748,9995.2481,4.75,0.0334,0.0,Riptide + Byreal + Raydium CLMM,Riptide,760.0687,4084716.0
2026-09-13T15:15:24+00:00,MSTRx,MSTR,False,100,0.77377339,99.9171,8.29,0.0621,0.0208,BisonFi + Raydium CLMM,Riptide,129.1356,723074.0
2026-09-13T15:15:24+00:00,MSTRx,MSTR,False,1000,7.73641395,999.0005,10.0,0.0792,0.0208,Riptide,Riptide,129.1356,723074.0
2026-09-13T15:15:24+00:00,MSTRx,MSTR,False,10000,77.34739402,9985.5097,14.49,0.1008,0.0442,HumidiFi + Raydium CLMM + Riptide,Riptide,129.1356,723074.0
2026-09-13T15:15:24+00:00,METAx,META,False,100,0.15516316,99.7823,21.77,0.2128,0.005,Flux + Meteora DLMM,Whirlpool,641.5331,222023.0
2026-09-13T15:15:24+00:00,METAx,META,False,1000,1.5497639,996.4746,35.25,0.3329,0.0197,Whirlpool,Whirlpool,641.5331,222023.0
2026-09-13T15:15:24+00:00,METAx,META,False,10000,15.48274658,9935.4872,64.51,0.4286,0.2174,Whirlpool + Raydium CLMM + Quantum + Meteora DLMM,Byreal + Whirlpool + Raydium CLMM,641.5331,222023.0
2026-09-13T15:15:24+00:00,GOOGLx,GOOGL,False,100,0.29515045,99.715,28.5,0.2711,0.0139,Whirlpool,Meteora DLMM + HumidiFi,338.1882,350149.0
2026-09-13T15:15:24+00:00,GOOGLx,GOOGL,False,1000,2.9503409,996.1147,38.85,0.0394,0.3493,Whirlpool,Whirlpool,338.1882,350149.0
2026-09-13T15:15:24+00:00,GOOGLx,GOOGL,False,10000,29.47362661,9942.1175,57.88,0.1403,0.1681,Raydium CLMM + Byreal + Whirlpool,Raydium CLMM + Byreal + Whirlpool,338.1882,350149.0
2026-09-13T15:15:24+00:00,AMZNx,AMZN,False,100,0.39275706,99.5943,40.57,0.4021,0.0036,Byreal,Byreal,253.5455,192280.0
2026-09-13T15:15:24+00:00,AMZNx,AMZN,False,1000,3.92648514,995.392,46.08,0.4296,0.0313,Byreal,Byreal,253.5455,192280.0
2026-09-13T15:15:24+00:00,AMZNx,AMZN,False,10000,39.20611001,9914.6141,85.39,0.5786,0.2769,Byreal + Raydium CLMM + BisonFi + Meteora DLMM,Raydium CLMM + GoonFi V2 + Byreal,253.5455,192280.0
2026-09-13T15:21:00+00:00,AAPLx,AAPL,False,100,0.30059272,99.7879,21.21,0.0,0.3297,Raydium CLMM,Raydium CLMM,331.9379,851757.0
2026-09-13T15:21:00+00:00,AAPLx,AAPL,False,1000,3.00427426,997.2678,27.32,0.0,0.3359,Raydium CLMM,Whirlpool + Raydium CLMM,331.9379,851757.0
2026-09-13T15:21:00+00:00,AAPLx,AAPL,False,10000,30.00214731,9950.1596,49.84,0.0723,0.4264,Whirlpool + Raydium CLMM,Raydium CLMM + Byreal + Whirlpool,331.9379,851757.0
2026-09-13T15:21:00+00:00,TSLAx,TSLA,False,100,0.27534909,99.9206,7.94,0.0,0.1078,Riptide,Whirlpool,363.2292,1307307.0
2026-09-13T15:21:00+00:00,TSLAx,TSLA,False,1000,2.75348815,999.0005,10.0,0.0422,0.058,Riptide,Riptide,363.2292,1307307.0
2026-09-13T15:21:00+00:00,TSLAx,TSLA,False,10000,27.53488155,9990.025,9.98,0.042,0.0578,Riptide,Whirlpool + Riptide,363.2292,1307307.0
2026-09-13T15:21:00+00:00,NVDAx,NVDA,False,100,0.46311619,99.9177,8.23,0.5203,0.0,Riptide,Whirlpool,214.4105,1834780.0
2026-09-13T15:21:00+00:00,NVDAx,NVDA,False,1000,4.63125228,999.0005,10.0,0.012,0.088,Riptide,Riptide,214.4105,1834780.0
2026-09-13T15:21:00+00:00,NVDAx,NVDA,False,10000,46.30810984,9989.0759,10.92,0.0215,0.0878,Quantum + Raydium CLMM + Whirlpool + Riptide,Riptide + Whirlpool,214.4105,1834780.0
2026-09-13T15:21:00+00:00,SPYx,SPY,False,100,0.13070512,99.9972,0.28,0.4369,0.0,Riptide,Byreal,757.3051,3937493.0
2026-09-13T15:21:00+00:00,SPYx,SPY,False,1000,1.30705124,999.849,1.51,0.4402,0.0,Riptide,Raydium CLMM,757.3051,3937493.0
2026-09-13T15:21:00+00:00,SPYx,SPY,False,10000,13.07051244,9995.2084,4.79,0.4402,0.1049,Riptide,Byreal + Riptide + Raydium CLMM,757.3051,3937493.0
2026-09-13T15:21:00+00:00,MSTRx,MSTR,False,100,0.77469957,99.9,10.0,0.0,0.199,Riptide,Riptide,129.1925,724285.0
2026-09-13T15:21:00+00:00,MSTRx,MSTR,False,1000,7.7469957,999.0005,10.0,0.0,0.199,Riptide,Riptide,129.1925,724285.0
2026-09-13T15:21:00+00:00,MSTRx,MSTR,False,10000,77.44961986,9985.3903,14.61,0.0,0.2189,HumidiFi + Raydium CLMM + Riptide,Riptide,129.1925,724285.0
2026-09-13T15:21:00+00:00,METAx,META,False,100,0.1550611,99.7135,28.65,0.2846,0.0019,HumidiFi + Meteora DLMM,Whirlpool,641.5079,221818.0
2026-09-13T15:21:00+00:00,METAx,META,False,1000,1.54981315,996.4746,35.25,0.3359,0.0167,Whirlpool,Whirlpool,641.5079,221818.0
2026-09-13T15:21:00+00:00,METAx,META,False,10000,15.48370696,9935.3488,64.65,0.4287,0.2188,Raydium CLMM + Whirlpool + Quantum + Meteora DLMM,Byreal + Whirlpool + Raydium CLMM,641.5079,221818.0
2026-09-13T15:21:00+00:00,GOOGLx,GOOGL,False,100,0.29516537,99.687,31.3,0.4208,0.0,HumidiFi + Meteora DLMM,Whirlpool,336.5206,352932.0
2026-09-13T15:21:00+00:00,GOOGLx,GOOGL,False,1000,2.95162547,996.5673,34.33,0.4218,0.0,HumidiFi + Meteora DLMM,Whirlpool,336.5206,352932.0
2026-09-13T15:21:00+00:00,GOOGLx,GOOGL,False,10000,29.47860827,9944.1203,55.88,0.5488,0.0101,Byreal + TesseraV + Meteora DLMM + Whirlpool,Meteora DLMM + GoonFi V2 + Whirlpool + Raydium CLMM,336.5206,352932.0
2026-09-13T15:21:00+00:00,AMZNx,AMZN,False,100,0.39276039,99.5943,40.57,0.5004,0.0,Byreal,Byreal,253.2989,192272.0
2026-09-13T15:21:00+00:00,AMZNx,AMZN,False,1000,3.92651836,995.3914,46.09,0.5279,0.0,Byreal,Byreal,253.2989,192272.0
2026-09-13T15:21:00+00:00,AMZNx,AMZN,False,10000,39.20712119,9914.54,85.46,0.675,0.1808,Raydium CLMM + Flux + Byreal,Raydium CLMM + BisonFi + Byreal,253.2989,192272.0
2026-09-13T15:26:36+00:00,AAPLx,AAPL,False,100,0.30042986,99.7879,21.21,0.2061,0.006,Raydium CLMM,Raydium CLMM,331.0402,852684.0
2026-09-13T15:26:36+00:00,AAPLx,AAPL,False,1000,3.00264701,996.7706,32.29,0.2609,0.0616,Raydium CLMM,Raydium CLMM,331.0402,852684.0
2026-09-13T15:26:36+00:00,AAPLx,AAPL,False,10000,30.0007152,9949.6438,50.36,0.347,0.1571,Whirlpool + Raydium CLMM,Raydium CLMM + Byreal + Whirlpool,331.0402,852684.0
2026-09-13T15:26:36+00:00,TSLAx,TSLA,False,100,0.27530351,99.9045,9.55,0.001,0.0945,Riptide,Whirlpool,362.7008,1311340.0
2026-09-13T15:26:36+00:00,TSLAx,TSLA,False,1000,2.75303512,998.9939,10.06,0.001,0.0996,Riptide,Riptide,362.7008,1311340.0
2026-09-13T15:26:36+00:00,TSLAx,TSLA,False,10000,27.53053317,9990.0101,9.99,0.0004,0.0995,Riptide,Whirlpool + Riptide,362.7008,1311340.0
2026-09-13T15:26:36+00:00,NVDAx,NVDA,False,100,0.46303699,99.9578,4.22,0.0207,0.0214,Riptide,Whirlpool,215.5228,1834820.0
2026-09-13T15:26:36+00:00,NVDAx,NVDA,False,1000,4.63036995,999.0005,10.0,0.0207,0.0793,Riptide,Riptide,215.5228,1834820.0
2026-09-13T15:26:36+00:00,NVDAx,NVDA,False,10000,46.29850741,9988.9564,11.04,0.0319,0.0785,Whirlpool + Riptide,Riptide + Whirlpool,215.5228,1834820.0
2026-09-13T15:26:36+00:00,SPYx,SPY,False,100,0.13072577,99.9891,1.09,0.0,0.3048,Riptide,Whirlpool,762.7456,3953994.0
2026-09-13T15:26:36+00:00,SPYx,SPY,False,1000,1.30725772,999.8261,1.74,0.0,0.3113,Riptide,Raydium CLMM + Whirlpool + Byreal,762.7456,3953994.0
2026-09-13T15:26:36+00:00,MSTRx,MSTR,False,100,0.77284826,99.9,10.0,0.0,0.0,Riptide,Riptide,129.6377,741020.0
2026-09-13T15:26:36+00:00,MSTRx,MSTR,False,1000,7.72848267,999.0005,10.0,0.2919,0.0,Riptide,Riptide,129.6377,741020.0
2026-09-13T15:26:36+00:00,MSTRx,MSTR,False,10000,77.26098648,9984.806,15.19,0.0,0.1792,Riptide + ZeroFi + Raydium CLMM,Riptide,129.6377,741020.0
2026-09-13T15:26:36+00:00,METAx,META,False,100,0.15500018,99.677,32.3,0.3211,0.0019,Whirlpool,Whirlpool,641.5212,222134.0
2026-09-13T15:26:36+00:00,METAx,META,False,1000,1.54977207,996.4746,35.25,0.3359,0.0167,Whirlpool,Whirlpool,641.5212,222134.0
2026-09-13T15:26:36+00:00,METAx,META,False,10000,15.48237228,9934.8144,65.19,0.435,0.2178,Raydium CLMM + Byreal + Whirlpool,Raydium CLMM + Whirlpool + Byreal,641.5212,222134.0
2026-09-13T15:26:36+00:00,GOOGLx,GOOGL,False,100,0.29498682,99.699,30.1,0.0614,0.2397,Flux + Meteora DLMM,Whirlpool,337.939,357436.0
2026-09-13T15:26:36+00:00,GOOGLx,GOOGL,False,1000,2.9482455,996.0913,39.09,0.1164,0.2748,Whirlpool,Whirlpool,337.939,357436.0
2026-09-13T15:26:36+00:00,GOOGLx,GOOGL,False,10000,29.46075293,9940.5666,59.43,0.1899,0.4052,Byreal + Raydium CLMM + Whirlpool,Whirlpool + Meteora DLMM + HumidiFi + BisonFi + AlphaQ,337.939,357436.0
2026-09-13T15:26:36+00:00,AMZNx,AMZN,False,100,0.39279949,99.5979,40.21,0.4848,0.0,Byreal,Raydium CLMM + HumidiFi,253.5997,191951.0
2026-09-13T15:26:36+00:00,AMZNx,AMZN,False,1000,3.92690893,995.3766,46.23,0.5123,0.0,Byreal,Byreal,253.5997,191951.0
2026-09-13T15:26:36+00:00,AMZNx,AMZN,False,10000,39.20788264,9914.5488,85.45,0.6674,0.1884,Raydium CLMM + Byreal + Quantum + Meteora DLMM,Raydium CLMM + HumidiFi + Byreal,253.5997,191951.0
2026-09-13T15:32:19+00:00,AAPLx,AAPL,False,100,0.30049125,99.7879,21.21,0.0567,0.1555,Raydium CLMM,Raydium CLMM,331.4734,848101.0
2026-09-13T15:32:19+00:00,AAPLx,AAPL,False,1000,3.0037869,996.9576,30.42,0.0942,0.2103,Whirlpool,Raydium CLMM,331.4734,848101.0
2026-09-13T15:32:19+00:00,AAPLx,AAPL,False,10000,30.0098561,9950.1805,49.82,0.1873,0.3115,Raydium CLMM + Whirlpool + Byreal,Raydium CLMM + Whirlpool,331.4734,848101.0
2026-09-13T15:32:19+00:00,TSLAx,TSLA,False,100,0.27545108,99.919,8.1,0.0,0.1831,Whirlpool,Riptide,361.5467,1308390.0
2026-09-13T15:32:19+00:00,TSLAx,TSLA,False,1000,2.75398798,999.0005,10.0,0.0518,0.0482,Riptide,Riptide,361.5467,1308390.0
2026-09-13T15:32:19+00:00,TSLAx,TSLA,False,10000,27.53992683,9990.022,9.98,0.0516,0.0482,Whirlpool + Riptide,Riptide,361.5467,1308390.0
2026-09-13T15:32:19+00:00,NVDAx,NVDA,False,100,0.46315706,99.9408,5.92,0.4242,0.0,Riptide,Whirlpool,214.6022,1841162.0
2026-09-13T15:32:19+00:00,NVDAx,NVDA,False,1000,4.63157494,999.0005,10.0,0.4241,0.0,Riptide,Riptide,214.6022,1841162.0
2026-09-13T15:32:19+00:00,NVDAx,NVDA,False,10000,46.30983169,9988.7855,11.21,0.0559,0.0,Whirlpool + Riptide,Whirlpool + Riptide,214.6022,1841162.0
2026-09-13T15:32:19+00:00,SPYx,SPY,False,100,0.1307748,99.9802,1.98,0.2949,0.0,Byreal,Byreal,758.0065,3927977.0
2026-09-13T15:32:19+00:00,SPYx,SPY,False,1000,1.30762566,999.6656,3.34,0.3042,0.2275,Raydium CLMM,Byreal + AlphaQ + Raydium CLMM,758.0065,3927977.0
2026-09-13T15:32:19+00:00,SPYx,SPY,False,10000,13.07486303,9994.3293,5.67,0.3185,0.0,Riptide + Byreal + Raydium CLMM,Raydium CLMM + Riptide + Byreal,758.0065,3927977.0
2026-09-13T15:32:19+00:00,MSTRx,MSTR,False,100,0.7735688,99.9126,8.74,0.0,0.0,Riptide,Riptide,129.5047,746817.0
2026-09-13T15:32:19+00:00,MSTRx,MSTR,False,1000,7.73471824,999.0015,9.99,0.0,0.2871,Riptide,Riptide,129.5047,746817.0
2026-09-13T15:32:19+00:00,MSTRx,MSTR,False,10000,77.3210034,9984.6565,15.34,0.0338,0.0198,Riptide + ZeroFi + Raydium CLMM,Riptide,129.5047,746817.0
2026-09-13T15:32:19+00:00,METAx,META,False,100,0.15499911,99.677,32.3,0.321,0.002,Whirlpool,Whirlpool,641.5327,222127.0
2026-09-13T15:32:19+00:00,METAx,META,False,1000,1.54976146,996.4746,35.25,0.3358,0.0168,Whirlpool,Whirlpool,641.5327,222127.0
2026-09-13T15:32:19+00:00,METAx,META,False,10000,15.48230324,9934.8525,65.15,0.4342,0.2182,Whirlpool + Byreal + Raydium CLMM,Whirlpool + Raydium CLMM + Byreal,641.5327,222127.0
2026-09-13T15:32:19+00:00,GOOGLx,GOOGL,False,100,0.29513848,99.6757,32.43,0.0014,0.3229,Byreal,Whirlpool,337.9357,354288.0
2026-09-13T15:32:19+00:00,GOOGLx,GOOGL,False,1000,2.95059862,996.198,38.02,0.417,0.0,Byreal,Whirlpool,337.9357,354288.0
2026-09-13T15:32:19+00:00,GOOGLx,GOOGL,False,10000,29.48175017,9944.3517,55.65,0.4988,0.1069,Whirlpool + Byreal + TesseraV + Meteora DLMM,Meteora DLMM + GoonFi V2 + Raydium CLMM + Whirlpool,337.9357,354288.0
2026-09-13T15:32:19+00:00,AMZNx,AMZN,False,100,0.39283133,99.5943,40.57,0.4024,0.0034,Byreal,Byreal,253.5037,191684.0
2026-09-13T15:32:19+00:00,AMZNx,AMZN,False,1000,3.92722712,995.353,46.47,0.4299,0.035,Byreal,Byreal,253.5037,191684.0
2026-09-13T15:32:19+00:00,AMZNx,AMZN,False,10000,39.21054247,9913.4843,86.52,0.5864,0.2804,HumidiFi + Raydium CLMM + Byreal,Byreal + Raydium CLMM,253.5037,191684.0
2026-09-13T15:37:59+00:00,AAPLx,AAPL,False,100,0.30076082,99.7879,21.21,0.0084,0.2037,Raydium CLMM,Raydium CLMM,331.3349,846285.0
2026-09-13T15:37:59+00:00,AAPLx,AAPL,False,1000,3.00595383,997.1273,28.73,0.0635,0.224,Raydium CLMM,Whirlpool,331.3349,846285.0
2026-09-13T15:37:59+00:00,AAPLx,AAPL,False,10000,30.01740434,9951.9135,48.09,0.2035,0.2779,Byreal + Raydium CLMM + Whirlpool,Whirlpool + Raydium CLMM + Byreal,331.3349,846285.0
2026-09-13T15:37:59+00:00,TSLAx,TSLA,False,100,0.27546947,99.9198,8.02,0.0782,0.0,Whirlpool,Raydium CLMM,362.6849,1307204.0
2026-09-13T15:37:59+00:00,TSLAx,TSLA,False,1000,2.754196,999.0005,10.0,0.0984,0.0016,Riptide,Riptide,362.6849,1307204.0
2026-09-13T15:37:59+00:00,TSLAx,TSLA,False,10000,27.54200991,9990.0247,9.98,0.0982,0.0016,Riptide + Whirlpool,Riptide + Raydium CLMM,362.6849,1307204.0
2026-09-13T15:37:59+00:00,NVDAx,NVDA,False,100,0.46348562,99.967,3.3,0.0903,0.0,Whirlpool,Riptide,215.1716,1832156.0
2026-09-13T15:37:59+00:00,NVDAx,NVDA,False,1000,4.63175441,999.0014,9.99,0.1572,0.0,BisonFi + Raydium CLMM,Riptide,215.1716,1832156.0
2026-09-13T15:37:59+00:00,NVDAx,NVDA,False,10000,46.31531499,9989.5327,10.47,0.162,0.0,Riptide + Whirlpool + Quantum + Raydium CLMM,Riptide,215.1716,1832156.0
2026-09-13T15:37:59+00:00,SPYx,SPY,False,100,0.13076725,99.9802,1.98,0.0019,0.0179,Byreal,Byreal,761.7583,3894997.0
2026-09-13T15:37:59+00:00,SPYx,SPY,False,1000,1.30752431,999.6486,3.51,0.0132,0.2172,Raydium CLMM,Byreal + Raydium CLMM + AlphaQ,761.7583,3894997.0
2026-09-13T15:37:59+00:00,SPYx,SPY,False,10000,13.07442791,9994.3271,5.67,0.0,0.2325,Raydium CLMM + Byreal + Riptide,Raydium CLMM + Riptide + Byreal,761.7583,3894997.0
2026-09-13T15:37:59+00:00,MSTRx,MSTR,False,100,0.77360511,99.9,10.0,0.2809,0.0,Riptide,Riptide,128.8709,743798.0
2026-09-13T15:37:59+00:00,MSTRx,MSTR,False,1000,7.73605118,999.0005,10.0,0.2809,0.0,Riptide,Riptide,128.8709,743798.0
2026-09-13T15:37:59+00:00,MSTRx,MSTR,False,10000,77.33179313,9984.2708,15.73,0.318,0.0,Riptide,Riptide,128.8709,743798.0
2026-09-13T15:37:59+00:00,METAx,META,False,100,0.15513847,99.7489,25.11,0.25,0.0011,Flux + Meteora DLMM,Whirlpool,641.4282,220457.0
2026-09-13T15:37:59+00:00,METAx,META,False,1000,1.55003622,996.4126,35.87,0.3367,0.0221,Whirlpool,Whirlpool,641.4282,220457.0
2026-09-13T15:37:59+00:00,METAx,META,False,10000,15.48524596,9934.5868,65.41,0.4339,0.2212,Raydium CLMM + HumidiFi + Meteora DLMM + Whirlpool,Byreal + Whirlpool + Raydium CLMM,641.4282,220457.0
2026-09-13T15:37:59+00:00,GOOGLx,GOOGL,False,100,0.29527153,99.6943,30.57,0.0,0.3095,BisonFi + Meteora DLMM,Whirlpool,337.8433,365580.0
2026-09-13T15:37:59+00:00,GOOGLx,GOOGL,False,1000,2.95123034,996.1482,38.52,0.0465,0.3388,Whirlpool,Whirlpool,337.8433,365580.0
2026-09-13T15:37:59+00:00,GOOGLx,GOOGL,False,10000,29.48290844,9943.1961,56.8,0.1461,0.4226,Byreal + Whirlpool + Raydium CLMM,Whirlpool + Raydium CLMM + Byreal,337.8433,365580.0
2026-09-13T15:37:59+00:00,AMZNx,AMZN,False,100,0.39288379,99.5943,40.57,0.4043,0.0014,Byreal,Byreal,253.4711,191176.0
2026-09-13T15:37:59+00:00,AMZNx,AMZN,False,1000,3.92775153,995.2915,47.09,0.4318,0.0392,Byreal,Byreal,253.4711,191176.0
2026-09-13T15:37:59+00:00,AMZNx,AMZN,False,10000,39.21449952,9913.7911,86.21,0.5916,0.2721,Raydium CLMM + HumidiFi + Byreal,Raydium CLMM + HumidiFi + Byreal,253.4711,191176.0
2026-09-13T15:43:35+00:00,AAPLx,AAPL,False,100,0.30080684,99.7912,20.88,0.2055,0.0033,Raydium CLMM,Whirlpool,330.6308,845203.0
2026-09-13T15:43:35+00:00,AAPLx,AAPL,False,1000,3.00641367,997.2147,27.85,0.2604,0.0182,Raydium CLMM,Whirlpool,330.6308,845203.0
2026-09-13T15:43:35+00:00,AAPLx,AAPL,False,10000,30.02004225,9952.4219,47.58,0.4067,0.0694,Whirlpool + Byreal + Raydium CLMM,Whirlpool + Raydium CLMM + Byreal,330.6308,845203.0
2026-09-13T15:43:35+00:00,TSLAx,TSLA,False,100,0.27540666,99.9107,8.93,0.0457,0.0436,Riptide,Whirlpool,362.8847,1312069.0
2026-09-13T15:43:35+00:00,TSLAx,TSLA,False,1000,2.75406667,998.8597,11.4,0.0457,0.244,Riptide,BinaryFi + Riptide + Whirlpool,362.8847,1312069.0
2026-09-13T15:43:35+00:00,TSLAx,TSLA,False,10000,27.54066672,9990.021,9.98,0.0,0.2298,Riptide,Whirlpool + Riptide,362.8847,1312069.0
2026-09-13T15:43:35+00:00,NVDAx,NVDA,False,100,0.46343091,99.9423,5.77,0.0403,0.0174,Whirlpool,Riptide,215.2998,1840535.0
2026-09-13T15:43:35+00:00,NVDAx,NVDA,False,1000,4.63172374,999.0005,10.0,0.096,0.0039,Riptide,Riptide,215.2998,1840535.0
2026-09-13T15:43:35+00:00,NVDAx,NVDA,False,10000,46.31200431,9988.8763,11.12,0.1073,0.0039,Whirlpool + Riptide,Riptide,215.2998,1840535.0
2026-09-13T15:43:35+00:00,SPYx,SPY,False,100,0.13080443,99.988,1.2,0.0578,0.0,Whirlpool,Raydium CLMM,759.615,3837506.0
2026-09-13T15:43:35+00:00,SPYx,SPY,False,1000,1.30779435,999.5968,4.03,0.0769,0.0,Byreal,Raydium CLMM,759.615,3837506.0
2026-09-13T15:43:35+00:00,SPYx,SPY,False,10000,13.076391,9994.3738,5.63,0.0887,0.0,Raydium CLMM + Riptide + Byreal,Riptide + Byreal + Raydium CLMM,759.615,3837506.0
2026-09-13T15:43:35+00:00,MSTRx,MSTR,False,100,0.77310129,99.9,10.0,0.1268,0.0,Riptide,Riptide,129.1678,740935.0
2026-09-13T15:43:35+00:00,MSTRx,MSTR,False,1000,7.72793075,999.0005,10.0,0.1666,0.0,Riptide,Riptide,129.1678,740935.0
2026-09-13T15:43:35+00:00,MSTRx,MSTR,False,10000,77.25407976,9984.6591,15.34,0.1992,0.0,Riptide + Raydium CLMM,Riptide,129.1678,740935.0
2026-09-13T15:43:35+00:00,METAx,META,False,100,0.15501965,99.677,32.3,0.321,0.0021,Whirlpool,Whirlpool,641.4485,220774.0
2026-09-13T15:43:35+00:00,METAx,META,False,1000,1.54996677,996.4499,35.5,0.3357,0.0194,Whirlpool,Whirlpool,641.4485,220774.0
2026-09-13T15:43:35+00:00,METAx,META,False,10000,15.48400357,9934.3315,65.67,0.4364,0.2212,Whirlpool + TesseraV + Meteora DLMM + Raydium CLMM,Whirlpool + Raydium CLMM + Byreal,641.4485,220774.0
2026-09-13T15:43:35+00:00,GOOGLx,GOOGL,False,100,0.29539804,99.7338,26.62,0.0005,0.2657,Whirlpool,Meteora DLMM + GoonFi V2 + Quay,337.6764,368651.0
2026-09-13T15:43:35+00:00,GOOGLx,GOOGL,False,1000,2.95310325,996.9758,30.24,0.0302,0.2723,Whirlpool,Meteora DLMM + HumidiFi,337.6764,368651.0
2026-09-13T15:43:35+00:00,GOOGLx,GOOGL,False,10000,29.49902704,9949.7846,50.22,0.1361,0.362,Raydium CLMM + Byreal + Whirlpool,Raydium CLMM + Whirlpool + Meteora DLMM + HumidiFi,337.6764,368651.0
2026-09-13T15:43:35+00:00,AMZNx,AMZN,False,100,0.39292578,99.5943,40.57,0.4373,0.0,Byreal,Byreal,253.3478,191255.0
2026-09-13T15:43:35+00:00,AMZNx,AMZN,False,1000,3.92817128,995.2219,47.78,0.4649,0.013,Byreal,Byreal,253.3478,191255.0
2026-09-13T15:43:35+00:00,AMZNx,AMZN,False,10000,39.21327348,9913.9281,86.07,0.6383,0.2239,Byreal + Raydium CLMM + BisonFi,Raydium CLMM + Byreal + HumidiFi,253.3478,191255.0
2026-09-13T15:49:12+00:00,AAPLx,AAPL,False,100,0.30078817,99.79,21.0,0.5234,0.0,Whirlpool,Raydium CLMM,329.5983,838529.0
2026-09-13T15:49:12+00:00,AAPLx,AAPL,False,1000,3.00712796,997.2199,27.8,0.5483,0.0,Whirlpool,Byreal,329.5983,838529.0
2026-09-13T15:49:12+00:00,AAPLx,AAPL,False,10000,30.03699752,9955.9431,44.06,0.6617,0.0,Whirlpool + Raydium CLMM + Byreal,Byreal + Raydium CLMM,329.5983,838529.0
2026-09-13T15:49:12+00:00,TSLAx,TSLA,False,100,0.27543432,99.9,10.0,0.0327,0.0673,Riptide,Riptide,363.3606,1310499.0
2026-09-13T15:49:12+00:00,TSLAx,TSLA,False,1000,2.75434325,999.0005,10.0,0.0327,0.0673,Riptide,Riptide,363.3606,1310499.0
2026-09-13T15:49:12+00:00,TSLAx,TSLA,False,10000,27.54343259,9989.9995,10.0,0.0327,0.0674,Riptide,Riptide,363.3606,1310499.0
2026-09-13T15:49:12+00:00,NVDAx,NVDA,False,100,0.46301221,99.9193,8.07,0.0195,0.176,Whirlpool,Whirlpool,216.0076,1852118.0
2026-09-13T15:49:12+00:00,NVDAx,NVDA,False,1000,4.62996824,998.9963,10.04,0.106,0.0,Riptide,Riptide,216.0076,1852118.0
2026-09-13T15:49:12+00:00,NVDAx,NVDA,False,10000,46.29371037,9988.7095,11.29,0.0262,0.0,Whirlpool + Riptide,Whirlpool + Riptide,216.0076,1852118.0
2026-09-13T15:49:12+00:00,SPYx,SPY,False,100,0.13083555,99.9917,0.83,0.0,0.0179,Byreal,Whirlpool,759.9464,3746904.0
2026-09-13T15:49:12+00:00,SPYx,SPY,False,1000,1.30819409,999.6895,3.1,0.2841,0.0,Riptide,Raydium CLMM,759.9464,3746904.0
2026-09-13T15:49:12+00:00,SPYx,SPY,False,10000,13.08198873,9994.5285,5.47,0.2837,0.0,AlphaQ + Byreal + Riptide,Riptide + Byreal + Raydium CLMM,759.9464,3746904.0
2026-09-13T15:49:12+00:00,MSTRx,MSTR,False,100,0.7731159,99.9,10.0,0.0004,0.0996,Riptide,Riptide,129.329,737160.0
2026-09-13T15:49:12+00:00,MSTRx,MSTR,False,1000,7.73115908,999.0005,10.0,0.0004,0.0,Riptide,Riptide,129.329,737160.0
2026-09-13T15:49:12+00:00,MSTRx,MSTR,False,10000,77.28731426,9984.7605,15.24,0.1313,0.0211,Riptide + Quantum + Raydium CLMM,Riptide,129.329,737160.0
2026-09-13T15:49:12+00:00,METAx,META,False,100,0.15514352,99.7524,24.76,0.2476,0.0,Quantum + Meteora DLMM,Whirlpool,641.4329,220443.0
2026-09-13T15:49:12+00:00,METAx,META,False,1000,1.55003171,996.4155,35.85,0.3378,0.0207,Whirlpool,Whirlpool,641.4329,220443.0
2026-09-13T15:49:12+00:00,METAx,META,False,10000,15.48515337,9934.4921,65.51,0.4353,0.2207,Raydium CLMM + Quantum + Meteora DLMM + Whirlpool,Whirlpool + Raydium CLMM + Byreal,641.4329,220443.0
2026-09-13T15:49:12+00:00,GOOGLx,GOOGL,False,100,0.29545336,99.6792,32.08,0.3605,0.0,Quay + Flux + Meteora DLMM,Whirlpool,337.6914,368186.0
2026-09-13T15:49:12+00:00,GOOGLx,GOOGL,False,1000,2.95443872,996.3928,36.07,0.3803,0.0,AlphaQ + Quantum + Meteora DLMM,Whirlpool,337.6914,368186.0
2026-09-13T15:49:12+00:00,GOOGLx,GOOGL,False,10000,29.50590853,9946.2272,53.77,0.5101,0.4103,BisonFi + Meteora DLMM + Whirlpool + Byreal,Whirlpool + Meteora DLMM + TesseraV + Raydium CLMM,337.6914,368186.0
2026-09-13T15:49:12+00:00,AMZNx,AMZN,False,100,0.39293334,99.5943,40.57,0.4029,0.0028,Byreal,Byreal,253.4369,191223.0
2026-09-13T15:49:12+00:00,AMZNx,AMZN,False,1000,3.92824682,995.2075,47.93,0.4305,0.049,Byreal,Byreal,253.4369,191223.0
2026-09-13T15:49:12+00:00,AMZNx,AMZN,False,10000,39.2147202,9913.8276,86.17,0.6022,0.2611,Raydium CLMM + TesseraV + Byreal,Byreal + Raydium CLMM + Quantum,253.4369,191223.0
2026-09-13T15:54:48+00:00,AAPLx,AAPL,False,100,0.30057564,99.801,19.9,0.1929,0.0062,Whirlpool,Raydium CLMM,331.4195,841767.0
2026-09-13T15:54:48+00:00,AAPLx,AAPL,False,1000,3.00530899,997.313,26.87,0.2077,0.0611,Whirlpool,Raydium CLMM,331.4195,841767.0
2026-09-13T15:54:48+00:00,AAPLx,AAPL,False,10000,30.02135923,9952.0766,47.92,0.3131,0.1667,Whirlpool + Byreal + Raydium CLMM,Byreal + Raydium CLMM,331.4195,841767.0
2026-09-13T15:54:48+00:00,TSLAx,TSLA,False,100,0.27556259,99.9208,7.92,0.0764,0.0027,Whirlpool,Raydium CLMM,362.5707,1308199.0
2026-09-13T15:54:48+00:00,TSLAx,TSLA,False,1000,2.75520424,999.006,9.94,0.0917,0.0077,Riptide,Riptide,362.5707,1308199.0
2026-09-13T15:54:48+00:00,TSLAx,TSLA,False,10000,27.55192586,9990.0247,9.98,0.0921,0.0493,Whirlpool + Riptide,Riptide + Raydium CLMM,362.5707,1308199.0
2026-09-13T15:54:48+00:00,NVDAx,NVDA,False,100,0.46306384,99.9203,7.97,0.0141,0.0656,Riptide,Whirlpool,215.6994,1850426.0
2026-09-13T15:54:48+00:00,NVDAx,NVDA,False,1000,4.63062458,999.0005,10.0,0.0144,0.0855,Riptide,Riptide,215.6994,1850426.0
2026-09-13T15:54:48+00:00,NVDAx,NVDA,False,10000,46.30001155,9988.6846,11.32,0.0279,0.0853,Riptide + Whirlpool,Whirlpool + Riptide,215.6994,1850426.0
2026-09-13T15:54:48+00:00,SPYx,SPY,False,100,0.13072,99.9879,1.21,0.0,0.0,Scorch,Raydium CLMM,761.0403,3845774.0
2026-09-13T15:54:48+00:00,SPYx,SPY,False,1000,1.30709422,999.7064,2.94,0.0276,0.0017,Byreal,Raydium CLMM,761.0403,3845774.0
2026-09-13T15:54:48+00:00,SPYx,SPY,False,10000,13.07070925,9994.4967,5.5,0.0294,0.0256,Byreal + AlphaQ + Scorch + Riptide,Riptide + Raydium CLMM + Whirlpool,761.0403,3845774.0
2026-09-13T15:54:48+00:00,MSTRx,MSTR,False,100,0.7732306,99.8862,11.38,0.344,0.0,Quantum + Raydium CLMM,Riptide,128.8665,737099.0
2026-09-13T15:54:48+00:00,MSTRx,MSTR,False,1000,7.73450772,999.0005,10.0,0.3157,0.1066,Riptide,Riptide,128.8665,737099.0
2026-09-13T15:54:48+00:00,MSTRx,MSTR,False,10000,77.32383759,9985.1171,14.88,0.0208,0.128,Riptide + TesseraV + Raydium CLMM,Riptide,128.8665,737099.0
2026-09-13T15:54:48+00:00,METAx,META,False,100,0.15529376,99.8393,16.07,0.1592,0.0015,Flux + Meteora DLMM,Whirlpool,641.3614,219961.0
2026-09-13T15:54:48+00:00,METAx,META,False,1000,1.55018254,996.287,37.13,0.3363,0.0351,Whirlpool,Whirlpool,641.3614,219961.0
2026-09-13T15:54:48+00:00,METAx,META,False,10000,15.48692714,9934.4588,65.54,0.4321,0.2243,Raydium CLMM + GoonFi V2 + Meteora DLMM + Whirlpool,Byreal + Raydium CLMM + Whirlpool,641.3614,219961.0
2026-09-13T15:54:48+00:00,GOOGLx,GOOGL,False,100,0.29563594,99.682,31.8,0.3162,0.3077,Deriverse + GoonFi V2 + Meteora DLMM,Raydium CLMM,337.3744,358770.0
2026-09-13T15:54:48+00:00,GOOGLx,GOOGL,False,1000,2.95632487,996.6992,33.01,0.3191,0.011,Deriverse + GoonFi V2 + Meteora DLMM,Raydium CLMM,337.3744,358770.0
2026-09-13T15:54:48+00:00,GOOGLx,GOOGL,False,10000,29.52545862,9948.4173,51.58,0.4465,0.0696,Byreal + Whirlpool + BisonFi + Meteora DLMM,Raydium CLMM + Byreal + Whirlpool,337.3744,358770.0
2026-09-13T15:54:48+00:00,AMZNx,AMZN,False,100,0.39295097,99.5943,40.57,0.1261,0.28,Byreal,Byreal,253.4335,190518.0
2026-09-13T15:54:48+00:00,AMZNx,AMZN,False,1000,3.92841997,995.1677,48.32,0.1538,0.3299,Byreal,Byreal,253.4335,190518.0
2026-09-13T15:54:48+00:00,AMZNx,AMZN,False,10000,39.21938602,9913.277,86.72,0.3186,0.5504,Raydium CLMM + Byreal + GoonFi V2,Raydium CLMM + HumidiFi + Byreal,253.4335,190518.0
2026-09-13T16:00:26+00:00,AAPLx,AAPL,False,100,0.30061966,99.7879,21.21,0.7308,0.0,Raydium CLMM,Raydium CLMM,329.0919,840922.0
2026-09-13T16:00:26+00:00,AAPLx,AAPL,False,1000,3.00530899,997.0376,29.62,0.7601,0.0,Whirlpool,Raydium CLMM,329.0919,840922.0
2026-09-13T16:00:26+00:00,AAPLx,AAPL,False,10000,30.02289056,9952.0744,47.93,0.8598,0.0,Byreal + Raydium CLMM + Whirlpool,Byreal + Raydium CLMM,329.0919,840922.0
2026-09-13T16:00:26+00:00,TSLAx,TSLA,False,100,0.27556832,99.935,6.5,0.038,0.027,Whirlpool,Riptide,362.6963,1307251.0
2026-09-13T16:00:26+00:00,TSLAx,TSLA,False,1000,2.75471884,999.0005,10.0,0.073,0.027,Riptide,Riptide,362.6963,1307251.0
2026-09-13T16:00:26+00:00,TSLAx,TSLA,False,10000,27.54728488,9990.04,9.96,0.0726,0.027,Riptide + Whirlpool,Riptide,362.6963,1307251.0
2026-09-13T16:00:26+00:00,NVDAx,NVDA,False,100,0.46295519,99.9209,7.91,0.059,0.0201,Whirlpool,Whirlpool,215.4784,1846178.0
2026-09-13T16:00:26+00:00,NVDAx,NVDA,False,1000,4.62946218,999.0005,10.0,0.061,0.039,Riptide,Riptide,215.4784,1846178.0
2026-09-13T16:00:26+00:00,NVDAx,NVDA,False,10000,46.28984632,9988.8878,11.11,0.0713,0.0399,Raydium CLMM + Riptide,Riptide + Whirlpool,215.4784,1846178.0
2026-09-13T16:00:26+00:00,SPYx,SPY,False,100,0.13074408,99.9834,1.66,0.0618,0.0,Whirlpool,Raydium CLMM,760.0168,3858580.0
2026-09-13T16:00:26+00:00,SPYx,SPY,False,1000,1.30728299,999.6215,3.78,0.0,0.0,Riptide,Raydium CLMM,760.0168,3858580.0
2026-09-13T16:00:26+00:00,SPYx,SPY,False,10000,13.07288349,9994.4192,5.58,0.0811,0.0,Raydium CLMM + Byreal + Riptide,Byreal + Raydium CLMM + Riptide,760.0168,3858580.0
2026-09-13T16:00:26+00:00,MSTRx,MSTR,False,100,0.77342094,99.9087,9.13,0.0,0.0969,Whirlpool + Scorch + Raydium CLMM,Riptide,129.2843,737485.0
2026-09-13T16:00:26+00:00,MSTRx,MSTR,False,1000,7.7335374,999.0005,10.0,0.0031,0.0969,Riptide,Riptide,129.2843,737485.0
2026-09-13T16:00:26+00:00,MSTRx,MSTR,False,10000,77.31314291,9984.9231,15.08,0.0318,0.119,HumidiFi + Raydium CLMM + Riptide,Riptide,129.2843,737485.0
2026-09-13T16:00:26+00:00,METAx,META,False,100,0.15529083,99.8304,16.96,0.1674,0.0021,HumidiFi + Meteora DLMM,Whirlpool,641.3083,219591.0
2026-09-13T16:00:26+00:00,METAx,META,False,1000,1.55029098,996.1528,38.47,0.3357,0.0492,Whirlpool,Whirlpool,641.3083,219591.0
2026-09-13T16:00:26+00:00,METAx,META,False,10000,15.4875306,9933.9089,66.09,0.4346,0.2273,Raydium CLMM + Whirlpool + HumidiFi + Meteora DLMM,Byreal + Raydium CLMM + Whirlpool,641.3083,219591.0
2026-09-13T16:00:26+00:00,GOOGLx,GOOGL,False,100,0.29561339,99.6732,32.68,0.005,0.3219,Whirlpool,Whirlpool,336.3385,354001.0
2026-09-13T16:00:26+00:00,GOOGLx,GOOGL,False,1000,2.95519208,996.1323,38.68,0.0368,0.3501,Whirlpool,Whirlpool,336.3385,354001.0
2026-09-13T16:00:26+00:00,GOOGLx,GOOGL,False,10000,29.52133458,9945.7467,54.25,0.1702,0.373,Whirlpool + Raydium CLMM + Byreal,Meteora DLMM + BisonFi + Raydium CLMM + Whirlpool,336.3385,354001.0
2026-09-13T16:00:26+00:00,AMZNx,AMZN,False,100,0.3929721,99.5934,40.66,0.4025,0.0041,Byreal,Byreal,253.4102,190444.0
2026-09-13T16:00:26+00:00,AMZNx,AMZN,False,1000,3.92862319,995.1173,48.83,0.4303,0.0582,Byreal,Byreal,253.4102,190444.0
2026-09-13T16:00:26+00:00,AMZNx,AMZN,False,10000,39.22029813,9913.0767,86.92,0.5974,0.2734,TesseraV + Raydium CLMM + Byreal,Byreal + Raydium CLMM + Quantum,253.4102,190444.0
2026-09-13T16:06:03+00:00,AAPLx,AAPL,False,100,0.30060892,99.7879,21.21,0.203,0.0,Raydium CLMM,Raydium CLMM,330.847,841708.0
2026-09-13T16:06:03+00:00,AAPLx,AAPL,False,1000,3.0052024,997.0378,29.62,0.5898,0.0,Whirlpool,Raydium CLMM,330.847,841708.0
2026-09-13T16:06:03+00:00,AAPLx,AAPL,False,10000,30.0228049,9952.1065,47.89,0.6865,0.0,Byreal + Whirlpool + Raydium CLMM,Byreal + Raydium CLMM,330.847,841708.0
2026-09-13T16:06:03+00:00,TSLAx,TSLA,False,100,0.27558961,99.9721,2.79,0.3651,0.0,Whirlpool,Riptide,361.4838,1305124.0
2026-09-13T16:06:03+00:00,TSLAx,TSLA,False,1000,2.75390976,999.0005,10.0,0.4369,0.0,Riptide,Riptide,361.4838,1305124.0
2026-09-13T16:06:03+00:00,TSLAx,TSLA,False,10000,27.53929625,9990.8484,9.15,0.4362,0.0,Whirlpool + Riptide,Riptide,361.4838,1305124.0
2026-09-13T16:06:03+00:00,NVDAx,NVDA,False,100,0.46320478,99.9704,2.96,0.1838,0.0103,Whirlpool,Riptide,215.0948,1853589.0
2026-09-13T16:06:03+00:00,NVDAx,NVDA,False,1000,4.62878638,999.0005,10.0,0.0852,0.3324,Riptide,Riptide,215.0948,1853589.0
2026-09-13T16:06:03+00:00,NVDAx,NVDA,False,10000,46.28303256,9988.9623,11.04,0.0,0.0199,Whirlpool + Riptide + Raydium CLMM,Riptide,215.0948,1853589.0
2026-09-13T16:06:03+00:00,SPYx,SPY,False,100,0.13064023,99.9832,1.68,0.0,0.4645,Raydium CLMM,Byreal,764.4297,3937489.0
2026-09-13T16:06:03+00:00,SPYx,SPY,False,1000,1.30633448,999.721,2.79,0.0,0.0078,Raydium CLMM,Riptide,764.4297,3937489.0
2026-09-13T16:06:03+00:00,SPYx,SPY,False,10000,13.06071004,9995.2096,4.79,0.0403,0.0076,Whirlpool + Raydium CLMM,Riptide + Scorch + Manifest + Byreal,764.4297,3937489.0
2026-09-13T16:06:03+00:00,MSTRx,MSTR,False,100,0.77272559,99.9,10.0,0.1184,0.0,Riptide,Riptide,129.2411,737133.0
2026-09-13T16:06:03+00:00,MSTRx,MSTR,False,1000,7.72647954,999.0005,10.0,0.1284,0.0,Riptide,Riptide,129.2411,737133.0
2026-09-13T16:06:03+00:00,MSTRx,MSTR,False,10000,77.24287935,9984.9869,15.01,0.1568,0.0,Byreal + Raydium CLMM + Riptide,Riptide,129.2411,737133.0
2026-09-13T16:06:03+00:00,METAx,META,False,100,0.15505839,99.6774,32.26,0.321,0.0016,Kipseli + Meteora DLMM,Whirlpool,641.2859,219460.0
2026-09-13T16:06:03+00:00,METAx,META,False,1000,1.55034711,996.0695,39.3,0.3362,0.057,Whirlpool,Whirlpool,641.2859,219460.0
2026-09-13T16:06:03+00:00,METAx,META,False,10000,15.48666959,9932.8618,67.14,0.4442,0.2282,HumidiFi + Meteora DLMM + Whirlpool + Raydium CLMM,Byreal + Raydium CLMM + Whirlpool,641.2859,219460.0
2026-09-13T16:06:03+00:00,GOOGLx,GOOGL,False,100,0.2958359,99.8419,15.81,0.0,0.181,BisonFi + Meteora DLMM,Whirlpool,337.2543,349692.0
2026-09-13T16:06:03+00:00,GOOGLx,GOOGL,False,1000,2.95741601,997.7881,22.12,0.0091,0.2119,GoonFi V2 + Meteora DLMM,Whirlpool,337.2543,349692.0
2026-09-13T16:06:03+00:00,GOOGLx,GOOGL,False,10000,29.5239116,9950.6176,49.38,0.1792,0.3152,Byreal + Whirlpool + TesseraV + Meteora DLMM,Byreal + Raydium CLMM + Whirlpool,337.2543,349692.0
2026-09-13T16:06:03+00:00,AMZNx,AMZN,False,100,0.39298939,99.5901,40.99,0.0,0.4599,Byreal,Byreal,254.5526,190253.0
2026-09-13T16:06:03+00:00,AMZNx,AMZN,False,1000,3.9287918,995.2843,47.16,0.0,0.4937,Byreal,Raydium CLMM + HumidiFi + Byreal,254.5526,190253.0
2026-09-13T16:06:03+00:00,AMZNx,AMZN,False,10000,39.22031659,9913.1684,86.83,0.1499,0.7195,Raydium CLMM + Byreal + Flux,Raydium CLMM + HumidiFi + Byreal,254.5526,190253.0
2026-09-13T16:11:42+00:00,AAPLx,AAPL,False,100,0.30062697,99.7879,21.21,0.0169,0.1952,Raydium CLMM,Raydium CLMM,331.4577,840496.0
2026-09-13T16:11:42+00:00,AAPLx,AAPL,False,1000,3.00518251,996.9714,30.29,0.053,0.25,Whirlpool,Raydium CLMM,331.4577,840496.0
2026-09-13T16:11:42+00:00,AAPLx,AAPL,False,10000,30.02302207,9951.9419,48.06,0.1488,0.3322,Byreal + Raydium CLMM + Whirlpool,Whirlpool + Byreal + Raydium CLMM,331.4577,840496.0
2026-09-13T16:11:42+00:00,TSLAx,TSLA,False,100,0.27525645,99.9154,8.46,0.0512,0.0334,Raydium CLMM,Riptide,363.0671,1300676.0
2026-09-13T16:11:42+00:00,TSLAx,TSLA,False,1000,2.75219358,999.0192,9.81,0.0647,0.0702,Raydium CLMM,Riptide,363.0671,1300676.0
2026-09-13T16:11:42+00:00,TSLAx,TSLA,False,10000,27.52155014,9990.0521,9.95,0.0293,0.0241,Raydium CLMM + Riptide,Riptide,363.0671,1300676.0
2026-09-13T16:11:42+00:00,NVDAx,NVDA,False,100,0.46260883,99.9767,2.33,0.0,0.2325,Whirlpool,Whirlpool,216.2244,1848518.0
2026-09-13T16:11:42+00:00,NVDAx,NVDA,False,1000,4.62357848,999.1098,8.9,0.0452,0.0439,Raydium CLMM,Riptide,216.2244,1848518.0
2026-09-13T16:11:42+00:00,NVDAx,NVDA,False,10000,46.23103548,9990.0833,9.92,0.0554,0.0438,Byreal + Riptide + Raydium CLMM,Riptide + Whirlpool,216.2244,1848518.0
2026-09-13T16:11:42+00:00,SPYx,SPY,False,100,0.13055,100.004,-0.4,0.2481,0.0,Raydium CLMM,Scorch + PancakeSwap,759.4816,4053518.0
2026-09-13T16:11:42+00:00,SPYx,SPY,False,1000,1.30549677,999.8809,1.19,0.01,0.256,Raydium CLMM,Raydium CLMM + AlphaQ + Scorch + Meteora DLMM,759.4816,4053518.0
2026-09-13T16:11:42+00:00,SPYx,SPY,False,10000,13.05462558,9998.8131,1.19,0.2424,0.0,Whirlpool + Raydium CLMM,Byreal + Riptide + Scorch + Quay,759.4816,4053518.0
2026-09-13T16:11:42+00:00,MSTRx,MSTR,False,100,0.77029767,99.9445,5.55,0.1093,0.1023,Byreal,Riptide,129.6621,739818.0
2026-09-13T16:11:42+00:00,MSTRx,MSTR,False,1000,7.70051817,999.0005,10.0,0.0,0.1149,Riptide,Riptide,129.6621,739818.0
2026-09-13T16:11:42+00:00,MSTRx,MSTR,False,10000,76.98340365,9984.9925,15.01,0.0133,0.1368,Riptide + Raydium CLMM,Riptide,129.6621,739818.0
2026-09-13T16:11:42+00:00,METAx,META,False,100,0.15505759,99.8728,12.72,0.0015,0.1257,Whirlpool,Meteora DLMM + GoonFi V2 + Deriverse,643.3422,219052.0
2026-09-13T16:11:42+00:00,METAx,META,False,1000,1.55034609,996.2863,37.14,0.0164,0.3551,Whirlpool,Meteora DLMM + Whirlpool + GoonFi V2,643.3422,219052.0
2026-09-13T16:11:42+00:00,METAx,META,False,10000,15.48639087,9935.1754,64.82,0.1264,0.5225,Raydium CLMM + Whirlpool + Byreal,Whirlpool + Raydium CLMM + Meteora DLMM + GoonFi V2,643.3422,219052.0
2026-09-13T16:11:42+00:00,GOOGLx,GOOGL,False,100,0.29520907,99.8816,11.84,0.4136,0.0,Whirlpool,Meteora DLMM + HumidiFi,337.2358,355026.0
2026-09-13T16:11:42+00:00,GOOGLx,GOOGL,False,1000,2.95127265,998.5003,15.0,0.4412,0.0,Byreal,Meteora DLMM + HumidiFi,337.2358,355026.0
2026-09-13T16:11:42+00:00,GOOGLx,GOOGL,False,10000,29.49645707,9953.7942,46.21,0.2769,0.1857,Whirlpool + Byreal + Raydium CLMM,Whirlpool + Meteora DLMM + TesseraV + Byreal,337.2358,355026.0
2026-09-13T16:11:42+00:00,AMZNx,AMZN,False,100,0.39298657,99.6616,33.84,0.1568,0.1818,Byreal,Meteora DLMM + HumidiFi,254.0267,190155.0
2026-09-13T16:11:42+00:00,AMZNx,AMZN,False,1000,3.9287717,995.0896,49.1,0.1846,0.307,Byreal,Byreal,254.0267,190155.0
2026-09-13T16:11:42+00:00,AMZNx,AMZN,False,10000,39.22044698,9913.3102,86.69,0.3555,0.5132,BisonFi + Raydium CLMM + Byreal,Byreal + Raydium CLMM + Quantum,254.0267,190155.0
2026-09-13T16:17:18+00:00,AAPLx,AAPL,False,100,0.3004804,99.7902,20.98,0.2022,0.0076,Whirlpool,Raydium CLMM,331.0063,842887.0
2026-09-13T16:17:18+00:00,AAPLx,AAPL,False,1000,3.00435678,997.2065,27.93,0.2171,0.0624,Whirlpool,Raydium CLMM,331.0063,842887.0
2026-09-13T16:17:18+00:00,AAPLx,AAPL,False,10000,30.01514933,9951.3909,48.61,0.3115,0.1752,Whirlpool + Byreal + Raydium CLMM,Raydium CLMM + Whirlpool,331.0063,842887.0
2026-09-13T16:17:18+00:00,TSLAx,TSLA,False,100,0.27512042,99.9352,6.48,0.0602,0.0046,Raydium CLMM,Riptide,363.2157,1299380.0
2026-09-13T16:17:18+00:00,TSLAx,TSLA,False,1000,2.75083345,999.2172,7.83,0.0737,0.0046,Raydium CLMM,Riptide,363.2157,1299380.0
2026-09-13T16:17:18+00:00,TSLAx,TSLA,False,10000,27.50298505,9990.2292,9.77,0.0931,0.0046,Riptide + Raydium CLMM,Riptide,363.2157,1299380.0
2026-09-13T16:17:18+00:00,NVDAx,NVDA,False,100,0.46229982,99.9193,8.07,0.0,0.0,Whirlpool,Whirlpool,215.1857,1867179.0
2026-09-13T16:17:18+00:00,NVDAx,NVDA,False,1000,4.62243776,999.0005,10.0,0.0193,0.0455,Riptide,Riptide,215.1857,1867179.0
2026-09-13T16:17:18+00:00,NVDAx,NVDA,False,10000,46.21734378,9988.4549,11.55,0.0217,0.0,Raydium CLMM + Byreal + Riptide,Riptide,215.1857,1867179.0
2026-09-13T16:17:18+00:00,SPYx,SPY,False,100,0.13054408,99.9845,1.55,0.0147,0.0008,Riptide,Byreal,761.4709,4078190.0
2026-09-13T16:17:18+00:00,SPYx,SPY,False,1000,1.30543895,999.786,2.14,0.0148,0.0066,Riptide,Raydium CLMM,761.4709,4078190.0
2026-09-13T16:17:18+00:00,SPYx,SPY,False,10000,13.05439824,9994.8162,5.18,0.0148,0.033,Raydium CLMM + Byreal + Riptide,Riptide + Raydium CLMM + Whirlpool,761.4709,4078190.0
2026-09-13T16:17:18+00:00,MSTRx,MSTR,False,100,0.77100549,99.9,10.0,0.2867,0.0,Riptide,Riptide,129.235,740760.0
2026-09-13T16:22:39+00:00,AAPLx,AAPL,False,100,0.30083014,99.7879,21.21,0.0072,0.2049,Raydium CLMM,Raydium CLMM,331.2542,839686.0
2026-09-13T16:22:39+00:00,AAPLx,AAPL,False,1000,3.00664904,997.0667,29.33,0.0621,0.2313,Raydium CLMM,Whirlpool,331.2542,839686.0
2026-09-13T16:22:39+00:00,AAPLx,AAPL,False,10000,30.02608637,9953.0814,46.92,0.1964,0.2733,Raydium CLMM + Byreal + Whirlpool,Raydium CLMM + Whirlpool + Byreal,331.2542,839686.0
2026-09-13T16:22:39+00:00,TSLAx,TSLA,False,100,0.2750785,99.9197,8.03,0.0451,0.0352,Raydium CLMM,Whirlpool,363.3198,1303556.0
2026-09-13T16:22:39+00:00,TSLAx,TSLA,False,1000,2.75071363,999.0005,10.0,0.0026,0.0974,Riptide,Riptide,363.3198,1303556.0
2026-09-13T16:22:39+00:00,TSLAx,TSLA,False,10000,27.50713636,9990.005,10.0,0.0583,0.0417,Riptide,Riptide,363.3198,1303556.0
2026-09-13T16:22:39+00:00,NVDAx,NVDA,False,100,0.46240304,99.9204,7.96,0.0,0.0382,TaurusFi,Whirlpool,215.8678,1868818.0
2026-09-13T16:22:39+00:00,NVDAx,NVDA,False,1000,4.62392971,999.0005,10.0,0.3362,0.0301,Riptide,Riptide,215.8678,1868818.0
2026-09-13T16:22:39+00:00,NVDAx,NVDA,False,10000,46.23207756,9988.4506,11.55,0.3613,0.0644,Riptide + TaurusFi + Whirlpool,Riptide + TaurusFi,215.8678,1868818.0
2026-09-13T16:22:39+00:00,SPYx,SPY,False,100,0.13057446,99.9949,0.51,0.0,0.407,Riptide,Raydium CLMM,764.4653,4112718.0
2026-09-13T16:22:39+00:00,SPYx,SPY,False,1000,1.30574462,999.8994,1.01,0.0,0.412,Riptide,Raydium CLMM + Byreal,764.4653,4112718.0
2026-09-13T16:22:39+00:00,SPYx,SPY,False,10000,13.05670238,9995.3158,4.68,0.0,0.4429,Riptide,Riptide + Raydium CLMM + Byreal,764.4653,4112718.0
2026-09-13T16:22:39+00:00,MSTRx,MSTR,False,100,0.76997874,99.9,10.0,0.4398,0.0,Riptide,Riptide,129.2852,741826.0
2026-09-13T16:22:39+00:00,MSTRx,MSTR,False,1000,7.69978742,999.0005,10.0,0.4398,0.0,Riptide,Riptide,129.2852,741826.0
2026-09-13T16:22:39+00:00,MSTRx,MSTR,False,10000,76.97640037,9984.3494,15.65,0.4676,0.0,Riptide + Quantum + Raydium CLMM,Riptide,129.2852,741826.0
2026-09-13T16:22:39+00:00,METAx,META,False,100,0.1549854,99.677,32.3,0.3211,0.0019,Whirlpool,Whirlpool,641.5892,221471.0
2026-09-13T16:22:39+00:00,METAx,META,False,1000,1.54962432,996.4746,35.25,0.3359,0.0167,Whirlpool,Whirlpool,641.5892,221471.0
2026-09-13T16:22:39+00:00,METAx,META,False,10000,15.48030916,9935.7085,64.29,0.0684,0.5749,Whirlpool + Raydium CLMM + Byreal,Raydium CLMM + Whirlpool + Byreal,641.5892,221471.0
2026-09-13T16:22:39+00:00,GOOGLx,GOOGL,False,100,0.29513455,99.6747,32.53,0.0081,0.3172,Raydium CLMM,Whirlpool,337.952,352540.0
2026-09-13T16:22:39+00:00,GOOGLx,GOOGL,False,1000,2.95103613,996.3918,36.08,0.0181,0.3428,Raydium CLMM,Whirlpool,337.952,352540.0
2026-09-13T16:22:39+00:00,GOOGLx,GOOGL,False,10000,29.49598496,9945.7901,54.21,0.0668,0.4756,Raydium CLMM + Byreal + Whirlpool,Whirlpool + Byreal + Raydium CLMM,337.952,352540.0
2026-09-13T16:22:39+00:00,AMZNx,AMZN,False,100,0.39302687,99.5884,41.16,0.416,0.0,Byreal,Byreal,253.3417,189890.0
2026-09-13T16:22:39+00:00,AMZNx,AMZN,False,1000,3.9289041,994.9973,50.03,0.4506,0.0499,Byreal,Byreal,253.3417,189890.0
2026-09-13T16:22:39+00:00,AMZNx,AMZN,False,10000,39.21652822,9911.4171,88.58,0.6343,0.2531,Raydium CLMM + TesseraV + Byreal,Byreal + Raydium CLMM + HumidiFi,253.3417,189890.0
2026-09-13T16:28:15+00:00,AAPLx,AAPL,False,100,0.30049044,99.818,18.2,0.1735,0.0085,Whirlpool,Raydium CLMM,331.0734,839813.0
2026-09-13T16:28:15+00:00,AAPLx,AAPL,False,1000,3.00445714,997.4841,25.16,0.1905,0.0612,Whirlpool,Raydium CLMM,331.0734,839813.0
2026-09-13T16:28:15+00:00,AAPLx,AAPL,False,10000,30.01574059,9951.9743,48.03,0.2863,0.1945,Raydium CLMM + Whirlpool + Byreal,Whirlpool + Raydium CLMM,331.0734,839813.0
2026-09-13T16:28:15+00:00,TSLAx,TSLA,False,100,0.27522364,99.9496,5.04,0.0853,0.0,Whirlpool,Riptide,362.9695,1306531.0
2026-09-13T16:28:15+00:00,TSLAx,TSLA,False,1000,2.75087285,999.0005,10.0,0.1348,0.0,Riptide,Riptide,362.9695,1306531.0
2026-09-13T16:28:15+00:00,TSLAx,TSLA,False,10000,27.5088649,9990.0545,9.95,0.1343,0.0,Riptide + Whirlpool,Riptide,362.9695,1306531.0
2026-09-13T16:28:15+00:00,NVDAx,NVDA,False,100,0.46265683,99.9536,4.64,0.0169,0.1562,Whirlpool,TaurusFi,215.8066,1856375.0
2026-09-13T16:28:15+00:00,NVDAx,NVDA,False,1000,4.62467127,999.0005,10.0,0.0,0.0803,Riptide,Riptide,215.8066,1856375.0
2026-09-13T16:28:15+00:00,NVDAx,NVDA,False,10000,46.24016599,9988.6369,11.36,0.0,0.3361,TaurusFi + Riptide + Whirlpool,TaurusFi + Whirlpool + Riptide,215.8066,1856375.0
2026-09-13T16:28:15+00:00,SPYx,SPY,False,100,0.13057069,99.9876,1.24,0.1544,0.0,Riptide,Raydium CLMM,761.3986,4277959.0
2026-09-13T16:28:15+00:00,SPYx,SPY,False,1000,1.30570693,999.8243,1.76,0.0,0.0181,Riptide,Raydium CLMM,761.3986,4277959.0
2026-09-13T16:28:15+00:00,SPYx,SPY,False,10000,13.05706937,9995.3339,4.67,0.0,0.0471,Riptide,Riptide + Raydium CLMM + Whirlpool,761.3986,4277959.0
2026-09-13T16:28:15+00:00,MSTRx,MSTR,False,100,0.76989608,99.9,10.0,0.0,0.1477,Riptide,Riptide,129.9277,741877.0
2026-09-13T16:28:15+00:00,MSTRx,MSTR,False,1000,7.69896081,999.0005,10.0,0.0,0.1477,Riptide,Riptide,129.9277,741877.0
2026-09-13T16:28:15+00:00,MSTRx,MSTR,False,10000,76.96799517,9985.0599,14.94,0.0,0.1691,Riptide + ZeroFi + Raydium CLMM,Riptide,129.9277,741877.0
2026-09-13T16:28:15+00:00,METAx,META,False,100,0.1549664,99.677,32.3,0.0013,0.3217,Whirlpool,Whirlpool,643.704,223151.0
2026-09-13T16:28:15+00:00,METAx,META,False,1000,1.54943444,996.4746,35.25,0.0161,0.3365,Whirlpool,Whirlpool,643.704,223151.0
2026-09-13T16:28:15+00:00,METAx,META,False,10000,15.47853021,9936.4714,63.53,0.1182,0.5177,Raydium CLMM + Whirlpool + Byreal,Whirlpool + Byreal + Raydium CLMM,643.704,223151.0
2026-09-13T16:28:15+00:00,GOOGLx,GOOGL,False,100,0.29514106,99.6747,32.53,0.0035,0.3218,Whirlpool,Whirlpool,337.9484,354859.0
2026-09-13T16:28:15+00:00,GOOGLx,GOOGL,False,1000,2.9506167,996.2282,37.72,0.0304,0.3469,Whirlpool,Whirlpool,337.9484,354859.0
2026-09-13T16:28:15+00:00,GOOGLx,GOOGL,False,10000,29.49195436,9945.6192,54.38,0.0785,0.4656,Raydium CLMM + Byreal + Whirlpool,Raydium CLMM + Whirlpool + Byreal,337.9484,354859.0
2026-09-13T16:28:15+00:00,AMZNx,AMZN,False,100,0.39303552,99.5884,41.16,0.0,0.4777,Byreal,Byreal,254.5556,189911.0
2026-09-13T16:28:15+00:00,AMZNx,AMZN,False,1000,3.92895902,995.1999,48.0,0.0,0.5106,Byreal,Meteora DLMM + BisonFi + Byreal + Raydium CLMM,254.5556,189911.0
2026-09-13T16:28:15+00:00,AMZNx,AMZN,False,10000,39.21661606,9911.3712,88.63,0.155,0.7324,Byreal + HumidiFi + Raydium CLMM,Raydium CLMM + Flux + Byreal,254.5556,189911.0
2026-09-13T16:33:51+00:00,AAPLx,AAPL,False,100,0.30115171,99.8805,11.95,0.0073,0.1122,Raydium CLMM,Byreal,330.9007,832366.0
2026-09-13T16:33:51+00:00,AAPLx,AAPL,False,1000,3.00986209,998.0536,19.46,0.0623,0.1325,Raydium CLMM,Raydium CLMM,330.9007,832366.0
2026-09-13T16:33:51+00:00,AAPLx,AAPL,False,10000,30.04080899,9956.9249,43.08,0.2542,0.177,Whirlpool + Byreal + Raydium CLMM,Whirlpool + Byreal + Raydium CLMM,330.9007,832366.0
2026-09-13T16:33:51+00:00,TSLAx,TSLA,False,100,0.27516468,99.9001,9.99,0.0,0.2354,Riptide,Riptide,363.8555,1297386.0
2026-09-13T16:33:51+00:00,TSLAx,TSLA,False,1000,2.75164606,999.0061,9.94,0.0,0.2348,Riptide,Riptide + Whirlpool,363.8555,1297386.0
2026-09-13T16:33:51+00:00,TSLAx,TSLA,False,10000,27.51646061,9989.999,10.0,0.0,0.2358,Riptide,Riptide,363.8555,1297386.0
2026-09-13T16:33:51+00:00,NVDAx,NVDA,False,100,0.46255525,99.9459,5.41,0.0,0.0581,Riptide,Whirlpool,215.7877,1863067.0
2026-09-13T16:33:51+00:00,NVDAx,NVDA,False,1000,4.6255525,999.0634,9.37,0.0,0.2179,Riptide,TaurusFi + Whirlpool + Riptide,215.7877,1863067.0
2026-09-13T16:33:51+00:00,NVDAx,NVDA,False,10000,46.2481205,9988.4638,11.54,0.0,0.2236,TaurusFi + Whirlpool + Riptide,Riptide + TaurusFi + Whirlpool,215.7877,1863067.0
2026-09-13T16:33:51+00:00,SPYx,SPY,False,100,0.13054762,99.9824,1.76,0.0157,0.0021,Riptide,Byreal,761.4132,4333990.0
2026-09-13T16:33:51+00:00,SPYx,SPY,False,1000,1.30547629,999.7882,2.12,0.0,0.3301,Riptide,Raydium CLMM + AlphaQ + Byreal,761.4132,4333990.0
2026-09-13T16:33:51+00:00,SPYx,SPY,False,10000,13.05476298,9995.0179,4.98,0.0,0.3587,Riptide,Riptide + Raydium CLMM + Byreal,761.4132,4333990.0
2026-09-13T16:33:51+00:00,MSTRx,MSTR,False,100,0.77021938,99.9627,3.73,0.0,0.1141,Quantum + Raydium CLMM,Riptide,129.9124,742291.0
2026-09-13T16:33:51+00:00,MSTRx,MSTR,False,10000,76.96283041,9986.388,13.61,0.0,0.1362,Riptide + Byreal + HumidiFi + Raydium CLMM,Riptide,129.9124,742291.0
2026-09-13T16:33:51+00:00,METAx,META,False,100,0.15496922,99.677,32.3,0.3213,0.0017,Whirlpool,Whirlpool,641.6397,223046.0
2026-09-13T16:33:51+00:00,METAx,META,False,1000,1.54946259,996.4746,35.25,0.3361,0.0165,Whirlpool,Whirlpool,641.6397,223046.0
2026-09-13T16:33:51+00:00,METAx,META,False,10000,15.47871895,9936.3815,63.62,0.4384,0.1986,Raydium CLMM + Whirlpool + Byreal,Raydium CLMM + Byreal + Whirlpool,641.6397,223046.0
2026-09-13T16:33:51+00:00,GOOGLx,GOOGL,False,100,0.29518621,99.6903,30.97,0.3063,0.0033,HumidiFi + Meteora DLMM,Whirlpool,336.8773,363299.0
2026-09-13T16:33:51+00:00,GOOGLx,GOOGL,False,1000,2.95187764,996.6581,33.42,0.3058,0.0285,GoonFi V2 + Meteora DLMM,Whirlpool,336.8773,363299.0
2026-09-13T16:33:51+00:00,GOOGLx,GOOGL,False,10000,29.49029948,9948.3949,51.61,0.402,0.1145,Raydium CLMM + Whirlpool + GoonFi V2 + Meteora DLMM,Whirlpool + Raydium CLMM + Byreal,336.8773,363299.0
2026-09-13T16:33:51+00:00,AMZNx,AMZN,False,100,0.39302707,99.6201,37.99,0.4275,0.0,Flux + Raydium CLMM,Byreal,253.3078,190422.0
2026-09-13T16:33:51+00:00,AMZNx,AMZN,False,1000,3.92796482,995.149,48.51,0.4859,0.0,Byreal,Byreal,253.3078,190422.0
2026-09-13T16:33:51+00:00,AMZNx,AMZN,False,10000,39.21051646,9911.8383,88.16,0.661,0.2221,BisonFi + Raydium CLMM + Byreal,Byreal + Raydium CLMM + BisonFi,253.3078,190422.0
2026-09-13T16:39:29+00:00,AAPLx,AAPL,False,100,0.30113025,99.8689,13.11,0.1377,0.0,Raydium CLMM,Byreal,330.9247,832590.0
2026-09-13T16:39:29+00:00,AAPLx,AAPL,False,1000,3.00964771,997.9755,20.25,0.1926,0.0099,Raydium CLMM,Raydium CLMM,330.9247,832590.0
2026-09-13T16:39:29+00:00,AAPLx,AAPL,False,10000,30.04038296,9956.6432,43.36,0.3786,0.0552,Byreal + Raydium CLMM + Whirlpool,Byreal + Raydium CLMM + Whirlpool,330.9247,832590.0
2026-09-13T16:39:29+00:00,TSLAx,TSLA,False,100,0.27513008,99.9,10.0,0.0664,0.0336,Riptide,Riptide,363.1716,1292942.0
2026-09-13T16:39:29+00:00,TSLAx,TSLA,False,1000,2.7513008,999.0005,10.0,0.0664,0.0336,Riptide,Riptide,363.1716,1292942.0
2026-09-13T16:39:29+00:00,TSLAx,TSLA,False,10000,27.51300807,9989.9676,10.03,0.0664,0.0339,Riptide,Riptide + Whirlpool,363.1716,1292942.0
2026-09-13T16:39:29+00:00,NVDAx,NVDA,False,100,0.46257108,99.9337,6.63,0.0519,0.0145,Whirlpool,Riptide,215.9969,1873491.0
2026-09-13T16:39:29+00:00,NVDAx,NVDA,False,1000,4.62415528,999.0005,10.0,0.0855,0.0145,Riptide,Riptide,215.9969,1873491.0
2026-09-13T16:39:29+00:00,NVDAx,NVDA,False,10000,46.23386513,9988.3442,11.66,0.4716,0.0,Whirlpool + TaurusFi + Riptide,Riptide,215.9969,1873491.0
2026-09-13T16:39:29+00:00,SPYx,SPY,False,100,0.13060696,99.9802,1.98,0.0206,0.0,Byreal,Byreal,761.0616,4336534.0
2026-09-13T16:39:29+00:00,SPYx,SPY,False,1000,1.3060017,999.6846,3.15,0.111,0.0,Raydium CLMM,Raydium CLMM,761.0616,4336534.0
2026-09-13T16:39:29+00:00,SPYx,SPY,False,10000,13.05723428,9994.6768,5.32,0.1323,0.0,Byreal + Raydium CLMM + Riptide,Byreal + Riptide + Raydium CLMM,761.0616,4336534.0
2026-09-13T16:39:29+00:00,MSTRx,MSTR,False,100,0.76975067,99.9198,8.02,0.508,0.0,Raydium CLMM,Riptide,129.8757,742089.0
2026-09-13T16:39:29+00:00,MSTRx,MSTR,False,1000,7.69598371,999.0005,10.0,0.5277,0.0,Riptide,Riptide,129.8757,742089.0
2026-09-13T16:39:29+00:00,MSTRx,MSTR,False,10000,76.94375275,9985.7037,14.3,0.5485,0.0,BisonFi + Raydium CLMM + Riptide,Riptide,129.8757,742089.0
2026-09-13T16:39:29+00:00,METAx,META,False,100,0.15517394,99.8037,19.63,0.1948,0.0016,Quay + Flux + Raydium CLMM,Whirlpool,641.6171,223314.0
2026-09-13T16:39:29+00:00,METAx,META,False,1000,1.54953993,996.4746,35.25,0.3362,0.0164,Whirlpool,Whirlpool,641.6171,223314.0
2026-09-13T16:39:29+00:00,METAx,META,False,10000,15.47978052,9936.1654,63.83,0.4367,0.2025,HumidiFi + Raydium CLMM + Whirlpool,Raydium CLMM + Byreal + Whirlpool,641.6171,223314.0
2026-09-13T16:39:29+00:00,GOOGLx,GOOGL,False,100,0.29538866,99.6851,31.49,0.3737,0.0,Whirlpool,Byreal,336.4242,359749.0
2026-09-13T16:39:29+00:00,GOOGLx,GOOGL,False,1000,2.95314248,996.335,36.65,0.3988,0.0,Whirlpool,Byreal,336.4242,359749.0
2026-09-13T16:39:29+00:00,GOOGLx,GOOGL,False,10000,29.49609254,9946.3463,53.65,0.518,0.0186,Raydium CLMM + Whirlpool + HumidiFi + Meteora DLMM,Meteora DLMM + HumidiFi + Byreal + Raydium CLMM,336.4242,359749.0
2026-09-13T16:39:29+00:00,AMZNx,AMZN,False,100,0.39305353,99.6249,37.51,0.3724,0.0027,BisonFi + Raydium CLMM,Byreal,253.435,190390.0
2026-09-13T16:39:29+00:00,AMZNx,AMZN,False,1000,3.92804027,995.1382,48.62,0.4356,0.0508,Byreal,Byreal,253.435,190390.0
2026-09-13T16:39:29+00:00,AMZNx,AMZN,False,10000,39.21100208,9911.8203,88.18,0.6115,0.2719,HumidiFi + Raydium CLMM + Byreal,Raydium CLMM + Quantum + Byreal,253.435,190390.0
2026-09-13T16:45:04+00:00,AAPLx,AAPL,False,100,0.30106973,99.8409,15.91,0.1582,0.0008,Raydium CLMM,Raydium CLMM,330.495,832321.0
2026-09-13T16:45:04+00:00,AAPLx,AAPL,False,1000,3.00904293,997.7748,22.25,0.2131,0.0099,Raydium CLMM,Raydium CLMM,330.495,832321.0
2026-09-13T16:45:04+00:00,AAPLx,AAPL,False,10000,30.03933445,9955.9471,44.05,0.3821,0.0587,Whirlpool + Byreal + Raydium CLMM,Byreal + Whirlpool + Raydium CLMM,330.495,832321.0
2026-09-13T16:45:04+00:00,TSLAx,TSLA,False,100,0.27511656,99.9174,8.26,0.0683,0.0443,Whirlpool,Riptide,363.3607,1290107.0
2026-09-13T16:45:04+00:00,TSLAx,TSLA,False,1000,2.75068776,999.0005,10.0,0.0556,0.0443,Riptide,Riptide,363.3607,1290107.0
2026-09-13T16:45:04+00:00,NVDAx,NVDA,False,100,0.46226807,99.9296,7.04,0.369,0.0179,Riptide,Whirlpool,215.5771,1873995.0
2026-09-13T16:45:04+00:00,NVDAx,NVDA,False,1000,4.62268076,999.0005,10.0,0.0525,0.0,Riptide,Riptide,215.5771,1873995.0
2026-09-13T16:45:04+00:00,NVDAx,NVDA,False,10000,46.21897491,9988.3418,11.66,0.3978,0.0,Riptide + Byreal + Whirlpool,Riptide + Whirlpool,215.5771,1873995.0
2026-09-13T16:45:04+00:00,SPYx,SPY,False,100,0.13054,99.9829,1.71,0.115,0.4021,Quantum + Raydium CLMM + Scorch,Raydium CLMM,760.7067,4360758.0
2026-09-13T16:45:04+00:00,SPYx,SPY,False,1000,1.30531546,999.7414,2.59,0.0,0.4045,Riptide,Byreal + AlphaQ + Raydium CLMM,760.7067,4360758.0
2026-09-13T16:45:04+00:00,SPYx,SPY,False,10000,13.05316798,9994.7826,5.22,0.0,0.4308,Byreal + Raydium CLMM + Riptide,Byreal + Raydium CLMM + Riptide,760.7067,4360758.0
2026-09-13T16:45:04+00:00,MSTRx,MSTR,False,1000,7.67856635,999.0005,10.0,0.0785,0.0214,Riptide,Riptide,130.1109,750489.0
2026-09-13T16:45:04+00:00,MSTRx,MSTR,False,10000,76.76484298,9985.0744,14.93,0.1056,0.0437,ZeroFi + Raydium CLMM + Riptide,Riptide,130.1109,750489.0
2026-09-13T16:45:04+00:00,METAx,META,False,100,0.15504633,99.7211,27.89,0.2778,0.0011,BisonFi + Raydium CLMM,Whirlpool,641.6061,223309.0
2026-09-13T16:45:04+00:00,METAx,META,False,1000,1.54954738,996.4746,35.25,0.3367,0.0159,Whirlpool,Whirlpool,641.6061,223309.0
2026-09-13T16:45:04+00:00,METAx,META,False,10000,15.47931177,9935.8274,64.17,0.4407,0.202,Raydium CLMM + Quantum + Whirlpool,Whirlpool + Raydium CLMM + Byreal,641.6061,223309.0
2026-09-13T16:45:04+00:00,GOOGLx,GOOGL,False,100,0.29536728,99.7229,27.71,0.2838,0.0,Whirlpool,Meteora DLMM + HumidiFi,336.7497,360036.0
2026-09-13T16:45:04+00:00,GOOGLx,GOOGL,False,1000,2.95292871,996.8397,31.6,0.3089,0.0071,Whirlpool,Meteora DLMM + Kipseli,336.7497,360036.0
2026-09-13T16:45:04+00:00,GOOGLx,GOOGL,False,10000,29.49355968,9946.0461,53.95,0.4295,0.1105,Raydium CLMM + Whirlpool + Byreal,Raydium CLMM + Byreal + Meteora DLMM + HumidiFi,336.7497,360036.0
2026-09-13T16:45:04+00:00,AMZNx,AMZN,False,100,0.39298571,99.5903,40.97,0.0065,0.4033,Byreal,Byreal,254.4077,190331.0
2026-09-13T16:45:04+00:00,AMZNx,AMZN,False,1000,3.92860619,995.0455,49.55,0.0383,0.4573,Byreal,Byreal,254.4077,190331.0
2026-09-13T16:45:04+00:00,AMZNx,AMZN,False,10000,39.21479074,9911.4704,88.53,0.2196,0.6671,Byreal + BisonFi + Raydium CLMM,Raydium CLMM + HumidiFi + Byreal,254.4077,190331.0
2026-09-13T16:50:39+00:00,AAPLx,AAPL,False,100,0.30074213,99.7879,21.21,0.2066,0.0055,Raydium CLMM,Raydium CLMM,330.6903,833842.0
2026-09-13T16:50:39+00:00,AAPLx,AAPL,False,1000,3.00585962,996.8141,31.86,0.2584,0.0603,Whirlpool,Raydium CLMM,330.6903,833842.0
2026-09-13T16:50:39+00:00,AAPLx,AAPL,False,10000,30.03151335,9953.487,46.51,0.3483,0.1173,Byreal + Raydium CLMM + Whirlpool,Whirlpool + Raydium CLMM,330.6903,833842.0
2026-09-13T16:50:39+00:00,TSLAx,TSLA,False,100,0.27520503,99.9208,7.92,0.0667,0.0126,Whirlpool,Riptide,362.057,1291274.0
2026-09-13T16:50:39+00:00,TSLAx,TSLA,False,1000,2.75182402,999.0005,10.0,0.0749,0.0251,Riptide,Riptide,362.057,1291274.0
2026-09-13T16:50:39+00:00,TSLAx,TSLA,False,10000,27.51826292,9989.7631,10.24,0.0748,0.0276,Whirlpool + Riptide,Raydium CLMM + Whirlpool + Riptide,362.057,1291274.0
2026-09-13T16:50:39+00:00,NVDAx,NVDA,False,100,0.46224641,99.9127,8.73,0.0,0.021,Riptide,Whirlpool,216.2636,1863601.0
2026-09-13T16:50:39+00:00,NVDAx,NVDA,False,1000,4.62246414,999.0005,10.0,0.0663,0.0337,Riptide,Riptide,216.2636,1863601.0
2026-09-13T16:50:39+00:00,NVDAx,NVDA,False,10000,46.21887928,9988.8567,11.14,0.0865,0.025,Raydium CLMM + Riptide,Whirlpool + Riptide,216.2636,1863601.0
2026-09-13T16:50:39+00:00,SPYx,SPY,False,100,0.13054868,99.9945,0.55,0.0022,0.0033,Byreal,Whirlpool,761.5081,4363270.0
2026-09-13T16:50:39+00:00,SPYx,SPY,False,1000,1.30526586,999.6856,3.14,0.0191,0.0123,Raydium CLMM,Raydium CLMM,761.5081,4363270.0
2026-09-13T16:50:39+00:00,SPYx,SPY,False,10000,13.05130327,9994.5803,5.42,0.0295,0.0247,Byreal + Raydium CLMM + Riptide,Riptide + Raydium CLMM + Whirlpool,761.5081,4363270.0
2026-09-13T16:50:39+00:00,MSTRx,MSTR,False,100,0.76742955,99.9267,7.33,0.0858,0.0,Riptide,Riptide,130.1727,751181.0
2026-09-13T16:50:39+00:00,MSTRx,MSTR,False,1000,7.67225202,999.0005,10.0,0.1124,0.0,Riptide,Riptide,130.1727,751181.0
2026-09-13T16:50:39+00:00,METAx,META,False,100,0.15499482,99.6874,31.26,0.3108,0.0017,Quantum + Raydium CLMM,Whirlpool,641.601,223277.0
2026-09-13T16:50:39+00:00,METAx,META,False,1000,1.54955575,996.4746,35.25,0.3394,0.0132,Whirlpool,Whirlpool,641.601,223277.0
2026-09-13T16:50:39+00:00,METAx,META,False,10000,15.47922022,9935.7056,64.29,0.4445,0.1994,Quantum + Raydium CLMM + Whirlpool,Byreal + Raydium CLMM + Whirlpool,641.601,223277.0
2026-09-13T16:50:39+00:00,GOOGLx,GOOGL,False,100,0.29538241,99.6747,32.53,0.2737,0.4512,Whirlpool,Whirlpool,336.5211,358302.0
2026-09-13T16:50:39+00:00,GOOGLx,GOOGL,False,1000,2.95308005,996.3188,36.81,0.0,0.4689,Whirlpool,Whirlpool + Raydium CLMM + Byreal,336.5211,358302.0
2026-09-13T16:50:39+00:00,GOOGLx,GOOGL,False,10000,29.49636707,9945.5801,54.42,0.0155,0.5288,Byreal + Whirlpool + BisonFi + Meteora DLMM,Whirlpool + Raydium CLMM + Byreal,336.5211,358302.0
2026-09-13T16:50:39+00:00,AMZNx,AMZN,False,100,0.39287038,99.5934,40.66,0.0221,0.3846,Byreal,Byreal,254.4488,190608.0
2026-09-13T16:50:39+00:00,AMZNx,AMZN,False,1000,3.92745455,995.2124,47.88,0.0539,0.4251,Byreal,Byreal,254.4488,190608.0
2026-09-13T16:50:39+00:00,AMZNx,AMZN,False,10000,39.20751191,9911.8714,88.13,0.2245,0.6583,Byreal + HumidiFi + Raydium CLMM,Raydium CLMM + Quantum + Byreal,254.4488,190608.0
2026-09-13T16:56:19+00:00,AAPLx,AAPL,False,100,0.30058054,99.7879,21.21,0.3521,0.0,Raydium CLMM,Raydium CLMM,330.4117,842458.0
2026-09-13T16:56:19+00:00,AAPLx,AAPL,False,1000,3.00494413,997.0463,29.54,0.3182,0.0,Whirlpool,Raydium CLMM,330.4117,842458.0
2026-09-13T16:56:19+00:00,AAPLx,AAPL,False,10000,30.02288649,9954.1811,45.82,0.4063,0.0521,Raydium CLMM + Byreal + Whirlpool,Raydium CLMM + Whirlpool,330.4117,842458.0
2026-09-13T16:56:19+00:00,TSLAx,TSLA,False,100,0.27523739,99.9192,8.08,0.2848,0.0,Whirlpool,Riptide,363.0059,1287020.0
2026-09-13T16:56:19+00:00,TSLAx,TSLA,False,1000,2.75184686,999.0005,10.0,0.3039,0.0,Riptide,Riptide,363.0059,1287020.0
2026-09-13T16:56:19+00:00,TSLAx,TSLA,False,10000,27.51852138,9989.6678,10.33,0.3038,0.0,Whirlpool + Riptide,Riptide + Whirlpool + Raydium CLMM,363.0059,1287020.0
2026-09-13T16:56:19+00:00,NVDAx,NVDA,False,100,0.46253921,99.9809,1.91,0.0118,0.0074,Whirlpool,Whirlpool,215.7726,1865447.0
2026-09-13T16:56:19+00:00,NVDAx,NVDA,False,1000,4.62359413,999.0005,10.0,0.0452,0.1,Riptide,Riptide,215.7726,1865447.0
2026-09-13T16:56:19+00:00,NVDAx,NVDA,False,10000,46.22857834,9988.456,11.54,0.0147,0.3414,Raydium CLMM + Riptide,Whirlpool + Riptide,215.7726,1865447.0
2026-09-13T16:56:19+00:00,SPYx,SPY,False,100,0.13055,100.0007,-0.07,0.2599,0.0,Scorch,Raydium CLMM,763.3649,4382738.0
2026-09-13T16:56:19+00:00,SPYx,SPY,False,1000,1.30514753,999.6856,3.14,0.2876,0.0,Raydium CLMM,Raydium CLMM,763.3649,4382738.0
2026-09-13T16:56:19+00:00,SPYx,SPY,False,10000,13.05081604,9994.4055,5.59,0.0,0.0246,Raydium CLMM + Riptide,Raydium CLMM + Riptide + Whirlpool,763.3649,4382738.0
2026-09-13T16:56:19+00:00,MSTRx,MSTR,False,100,0.76639663,99.9139,8.61,0.0598,0.0263,Quantum + Raydium CLMM,Riptide,130.3861,751230.0
2026-09-13T16:56:19+00:00,MSTRx,MSTR,False,1000,7.66293109,999.0043,9.96,0.0733,0.0263,HumidiFi + Raydium CLMM,Riptide,130.3861,751230.0
2026-09-13T16:56:19+00:00,MSTRx,MSTR,False,10000,76.61490681,9985.6164,14.38,0.0921,0.0518,HumidiFi + Raydium CLMM + Riptide,Riptide,130.3861,751230.0
2026-09-13T16:56:19+00:00,METAx,META,False,100,0.15498847,99.677,32.3,0.3789,0.0,Whirlpool,Whirlpool,641.2089,223023.0
2026-09-13T16:56:19+00:00,METAx,META,False,1000,1.54965501,996.4746,35.25,0.3937,0.0,Whirlpool,Whirlpool,641.2089,223023.0
2026-09-13T16:56:19+00:00,METAx,META,False,10000,15.47982816,9935.8609,64.14,0.5011,0.141,Raydium CLMM + Byreal + Whirlpool,Whirlpool + Meteora DLMM + HumidiFi + Raydium CLMM,641.2089,223023.0
2026-09-13T16:56:19+00:00,GOOGLx,GOOGL,False,100,0.29523304,99.8083,19.17,0.2625,0.0,Whirlpool,Meteora DLMM + BisonFi + AlphaQ,336.9822,356871.0
2026-09-13T16:56:19+00:00,GOOGLx,GOOGL,False,1000,2.95158682,996.3454,36.55,0.2876,0.0781,Whirlpool,Meteora DLMM + HumidiFi,336.9822,356871.0
2026-09-13T16:56:19+00:00,GOOGLx,GOOGL,False,10000,29.49268116,9946.8099,53.19,0.3659,0.1666,Byreal + Whirlpool + Raydium CLMM,Meteora DLMM + HumidiFi + Raydium CLMM + Whirlpool,336.9822,356871.0
2026-09-13T16:56:19+00:00,AMZNx,AMZN,False,100,0.39287284,99.5934,40.66,0.4056,0.0011,Byreal,Byreal,253.4707,190572.0
2026-09-13T16:56:19+00:00,AMZNx,AMZN,False,1000,3.92747918,995.2097,47.9,0.4372,0.042,Byreal,Byreal,253.4707,190572.0
2026-09-13T16:56:19+00:00,AMZNx,AMZN,False,10000,39.20766543,9911.9589,88.04,0.6074,0.2747,Raydium CLMM + Byreal + HumidiFi,Raydium CLMM + Quantum + Byreal,253.4707,190572.0
2026-09-13T17:01:54+00:00,AAPLx,AAPL,False,100,0.3007389,99.7879,21.21,0.0101,0.202,Raydium CLMM,Raydium CLMM,331.361,836974.0
2026-09-13T17:01:54+00:00,AAPLx,AAPL,False,1000,3.00573737,996.8638,31.36,0.0651,0.2487,Raydium CLMM,Raydium CLMM,331.361,836974.0
2026-09-13T17:01:54+00:00,AAPLx,AAPL,False,10000,30.02592281,9953.8035,46.2,0.1696,0.2928,Byreal + Raydium CLMM + Whirlpool,Raydium CLMM + Whirlpool,331.361,836974.0
2026-09-13T17:01:54+00:00,TSLAx,TSLA,False,100,0.27517443,99.9468,5.32,0.0,0.0756,Riptide,Whirlpool,363.4475,1285214.0
2026-09-13T17:01:54+00:00,TSLAx,TSLA,False,1000,2.75174439,999.0473,9.53,0.0,0.1176,Riptide,Riptide + Whirlpool,363.4475,1285214.0
2026-09-13T17:01:54+00:00,TSLAx,TSLA,False,10000,27.51744397,9990.1785,9.82,0.0,0.1206,Riptide,Whirlpool + Riptide,363.4475,1285214.0
2026-09-13T17:01:54+00:00,NVDAx,NVDA,False,100,0.46266995,99.9519,4.81,0.0225,0.0323,Whirlpool,Riptide,215.6976,1866366.0
2026-09-13T17:01:54+00:00,NVDAx,NVDA,False,1000,4.62430058,999.0005,10.0,0.0668,0.0332,Riptide,Riptide,215.6976,1866366.0
2026-09-13T17:01:54+00:00,NVDAx,NVDA,False,10000,46.23806788,9988.9382,11.06,0.0774,0.0332,Riptide + Whirlpool + Raydium CLMM,Riptide,215.6976,1866366.0
2026-09-13T17:01:54+00:00,SPYx,SPY,False,100,0.13053527,99.9845,1.55,0.3604,0.0,Byreal,Raydium CLMM,762.7343,4378201.0
2026-09-13T17:01:54+00:00,SPYx,SPY,False,1000,1.30521162,999.6856,3.14,0.3711,0.0,Raydium CLMM,Raydium CLMM,762.7343,4378201.0
2026-09-13T17:01:54+00:00,SPYx,SPY,False,10000,13.04994874,9994.5478,5.45,0.3872,0.0,Byreal + Raydium CLMM + Riptide,Raydium CLMM + Riptide,762.7343,4378201.0
2026-09-13T17:01:54+00:00,MSTRx,MSTR,False,100,0.76623244,99.9,10.0,0.1273,0.0,Riptide,Riptide,130.3307,751372.0
2026-09-13T17:01:54+00:00,MSTRx,MSTR,False,1000,7.66248884,999.0005,10.0,0.1252,0.0,Riptide,Riptide,130.3307,751372.0
2026-09-13T17:01:54+00:00,MSTRx,MSTR,False,10000,76.60624291,9985.2278,14.77,0.1495,0.0,Raydium CLMM + Riptide + ZeroFi,Riptide,130.3307,751372.0
2026-09-13T17:01:54+00:00,METAx,META,False,100,0.15498826,99.677,32.3,0.3254,0.0,Whirlpool,Whirlpool,641.5596,223003.0
2026-09-13T17:01:54+00:00,METAx,META,False,1000,1.54965291,996.4746,35.25,0.3402,0.0124,Whirlpool,Whirlpool,641.5596,223003.0
2026-09-13T17:01:54+00:00,METAx,META,False,10000,15.47981385,9936.2498,63.75,0.4477,0.1906,Raydium CLMM + Whirlpool + Byreal,Raydium CLMM + Whirlpool + Meteora DLMM + Quantum,641.5596,223003.0
2026-09-13T17:01:54+00:00,GOOGLx,GOOGL,False,100,0.29536746,99.6911,30.89,0.3649,0.0,Whirlpool,Meteora DLMM + BisonFi,336.486,352025.0
2026-09-13T17:01:54+00:00,GOOGLx,GOOGL,False,1000,2.95293054,996.2098,37.9,0.39,0.0,Whirlpool,Whirlpool,336.486,352025.0
2026-09-13T17:01:54+00:00,GOOGLx,GOOGL,False,10000,29.49708192,9945.2494,54.75,0.4987,0.4111,Byreal + Raydium CLMM + Whirlpool,Raydium CLMM + Byreal + Whirlpool,336.486,352025.0
2026-09-13T17:01:54+00:00,AMZNx,AMZN,False,100,0.39291814,99.5934,40.66,0.0043,0.4024,Byreal,Byreal,254.4648,190162.0
2026-09-13T17:01:54+00:00,AMZNx,AMZN,False,1000,3.92793197,995.1536,48.46,0.0361,0.4487,Byreal,Byreal,254.4648,190162.0
2026-09-13T17:01:54+00:00,AMZNx,AMZN,False,10000,39.20956965,9911.5815,88.42,0.2136,0.672,Raydium CLMM + Byreal,Raydium CLMM + BisonFi + Byreal,254.4648,190162.0
2026-09-13T17:07:30+00:00,AAPLx,AAPL,False,100,0.30082345,99.7879,21.21,0.2061,0.006,Raydium CLMM,Raydium CLMM,330.612,834523.0
2026-09-13T17:07:30+00:00,AAPLx,AAPL,False,1000,3.0065822,997.0266,29.73,0.2609,0.0365,Raydium CLMM,Raydium CLMM,330.612,834523.0
2026-09-13T17:07:30+00:00,AAPLx,AAPL,False,10000,30.02782441,9953.4748,46.53,0.387,0.0786,Byreal + Whirlpool + Raydium CLMM,Whirlpool + Byreal + Raydium CLMM,330.612,834523.0
2026-09-13T17:07:30+00:00,TSLAx,TSLA,False,100,0.27516051,99.9085,9.15,0.0518,0.0397,Riptide,Whirlpool,363.1888,1287172.0
2026-09-13T17:07:30+00:00,TSLAx,TSLA,False,1000,2.75170283,999.0005,10.0,0.0483,0.0517,Riptide,Riptide,363.1888,1287172.0
2026-09-13T17:07:30+00:00,TSLAx,TSLA,False,10000,27.51702833,9989.7364,10.26,0.0483,0.0544,Riptide,Riptide + Raydium CLMM + GoonFi V2 + Whirlpool,363.1888,1287172.0
2026-09-13T17:07:30+00:00,NVDAx,NVDA,False,100,0.46284262,99.9866,1.34,0.0564,0.0,Whirlpool,Whirlpool + GoonFi V2,215.0145,1870960.0
2026-09-13T17:07:30+00:00,NVDAx,NVDA,False,1000,4.62466572,999.0005,10.0,0.1301,0.0129,Riptide,Riptide,215.0145,1870960.0
2026-09-13T17:07:30+00:00,NVDAx,NVDA,False,10000,46.23950855,9988.4561,11.54,0.1553,0.0,Whirlpool + Riptide,Riptide,215.0145,1870960.0
2026-09-13T17:07:30+00:00,SPYx,SPY,False,100,0.13053212,99.9933,0.67,0.0064,0.0,Whirlpool,Raydium CLMM,761.5947,4253101.0
2026-09-13T17:07:30+00:00,SPYx,SPY,False,1000,1.30506545,999.6856,3.14,0.3102,0.0,Raydium CLMM,Raydium CLMM,761.5947,4253101.0
2026-09-13T17:07:30+00:00,SPYx,SPY,False,10000,13.05008021,9994.483,5.52,0.3145,0.0,Riptide + Raydium CLMM,Riptide + Raydium CLMM + Byreal,761.5947,4253101.0
2026-09-13T17:07:30+00:00,MSTRx,MSTR,False,100,0.76601157,99.9389,6.11,0.0,0.0929,Raydium CLMM,Riptide,130.5709,756602.0
2026-09-13T17:07:30+00:00,MSTRx,MSTR,False,1000,7.65714025,999.0005,10.0,0.007,0.0929,Riptide,Riptide,130.5709,756602.0
2026-09-13T17:07:30+00:00,MSTRx,MSTR,False,10000,76.55302873,9985.3538,14.65,0.031,0.1155,Raydium CLMM + Riptide,Riptide,130.5709,756602.0
2026-09-13T17:07:30+00:00,METAx,META,False,100,0.15498443,99.7141,28.59,0.0027,0.2832,Whirlpool,Meteora DLMM + GoonFi V2 + Quay,643.6458,222020.0
2026-09-13T17:07:30+00:00,METAx,META,False,1000,1.5496147,996.4746,35.25,0.0175,0.3351,Whirlpool,Whirlpool,643.6458,222020.0
2026-09-13T17:07:30+00:00,METAx,META,False,10000,15.47958967,9937.0559,62.94,0.1243,0.5057,Byreal + Whirlpool + Raydium CLMM,Meteora DLMM + BisonFi + Raydium CLMM + Whirlpool,643.6458,222020.0
2026-09-13T17:07:30+00:00,GOOGLx,GOOGL,False,100,0.29520014,99.6745,32.55,0.4363,0.0,Whirlpool,Whirlpool,336.4316,351921.0
2026-09-13T17:07:30+00:00,GOOGLx,GOOGL,False,1000,2.95125802,996.2433,37.57,0.4614,0.0,Whirlpool,Whirlpool,336.4316,351921.0
2026-09-13T17:07:30+00:00,GOOGLx,GOOGL,False,10000,29.49254624,9944.9238,55.08,0.529,0.0219,Byreal + Whirlpool + Raydium CLMM,Byreal + Raydium CLMM + Whirlpool,336.4316,351921.0
2026-09-13T17:07:30+00:00,AMZNx,AMZN,False,100,0.39287303,99.6152,38.48,0.0037,0.3811,Byreal,Raydium CLMM + Quantum,253.6591,190253.0
2026-09-13T17:07:30+00:00,AMZNx,AMZN,False,1000,3.92748107,995.2095,47.9,0.0355,0.4437,Byreal,Byreal,253.6591,190253.0
2026-09-13T17:07:30+00:00,AMZNx,AMZN,False,10000,39.2073401,9912.105,87.89,0.2072,0.6731,Raydium CLMM + Byreal + BisonFi,Raydium CLMM + Byreal + GoonFi V2,253.6591,190253.0
2026-09-13T17:13:05+00:00,AAPLx,AAPL,False,100,0.30081876,99.836,16.4,0.304,0.0,Raydium CLMM,Whirlpool + Kipseli,330.2841,832550.0
2026-09-13T17:13:05+00:00,AAPLx,AAPL,False,1000,3.00653536,997.2001,28.0,0.3588,0.0,Raydium CLMM,Whirlpool + TesseraV,330.2841,832550.0
2026-09-13T17:28:53+00:00,AAPLx,AAPL,False,100,0.30090363,99.7914,20.86,0.2066,0.002,Raydium CLMM,Whirlpool,330.5267,830888.0
2026-09-13T17:28:53+00:00,AAPLx,AAPL,False,1000,3.0073833,997.2714,27.29,0.2614,0.0115,Raydium CLMM,Raydium CLMM,330.5267,830888.0
2026-09-13T17:28:53+00:00,AAPLx,AAPL,False,10000,30.03088904,9954.1474,45.85,0.4039,0.0549,Whirlpool + Byreal + Raydium CLMM,Byreal + Whirlpool + Raydium CLMM,330.5267,830888.0
2026-09-13T17:28:53+00:00,TSLAx,TSLA,False,100,0.27533134,99.9173,8.27,0.0,0.0,Riptide,Whirlpool,363.7927,1269801.0
2026-09-13T17:28:53+00:00,TSLAx,TSLA,False,1000,2.75331341,999.0005,10.0,0.3224,0.0,Riptide,Riptide,363.7927,1269801.0
2026-09-13T17:28:53+00:00,TSLAx,TSLA,False,10000,27.53318721,9988.9697,11.03,0.3222,0.0,Riptide,Raydium CLMM + Riptide,363.7927,1269801.0
2026-09-13T17:28:53+00:00,NVDAx,NVDA,False,100,0.4627737,99.9534,4.66,0.0369,0.0054,Riptide,Whirlpool,215.6167,1862099.0
2026-09-13T17:28:53+00:00,NVDAx,NVDA,False,1000,4.62773709,999.0005,10.0,0.0,0.0603,Riptide,Riptide,215.6167,1862099.0
2026-09-13T17:28:53+00:00,NVDAx,NVDA,False,10000,46.26831426,9988.1645,11.84,0.0592,0.0592,Riptide + TaurusFi,Riptide + Whirlpool,215.6167,1862099.0
2026-09-13T17:28:53+00:00,SPYx,SPY,False,100,0.13056222,99.9946,0.54,0.0,0.1841,Whirlpool,Byreal,762.7742,4287013.0
2026-09-13T17:28:53+00:00,SPYx,SPY,False,1000,1.30545695,999.7125,2.88,0.0,0.0,Raydium CLMM,Riptide,762.7742,4287013.0
2026-09-13T17:28:53+00:00,SPYx,SPY,False,10000,13.05033795,9993.92,6.08,0.3654,0.0,Raydium CLMM + Byreal + Whirlpool,Riptide + Byreal + Whirlpool,762.7742,4287013.0
2026-09-13T17:28:53+00:00,MSTRx,MSTR,False,100,0.76502595,99.9,10.0,0.07,0.03,Riptide,Riptide,130.6063,759634.0
2026-09-13T17:28:53+00:00,MSTRx,MSTR,False,1000,7.65025954,999.0005,10.0,0.07,0.03,Riptide,Riptide,130.6063,759634.0
2026-09-13T17:28:53+00:00,MSTRx,MSTR,False,10000,76.48175003,9984.9655,15.03,0.0972,0.0532,Riptide + BisonFi + Raydium CLMM,Riptide,130.6063,759634.0
2026-09-13T17:28:53+00:00,METAx,META,False,100,0.15495777,99.677,32.3,0.0037,0.3193,Whirlpool,Whirlpool,643.7512,222436.0
2026-09-13T17:28:53+00:00,METAx,META,False,1000,1.54934814,996.4746,35.25,0.0185,0.3341,Whirlpool,Whirlpool,643.7512,222436.0
2026-09-13T17:28:53+00:00,METAx,META,False,10000,15.47779572,9936.6376,63.36,0.1197,0.5145,Whirlpool + Byreal + Raydium CLMM,Meteora DLMM + HumidiFi + Raydium CLMM + Whirlpool,643.7512,222436.0
2026-09-13T17:28:53+00:00,GOOGLx,GOOGL,False,100,0.29578255,99.7792,22.08,0.0,0.2336,Quantum + Meteora DLMM,Byreal,337.2845,347484.0
2026-09-13T17:28:53+00:00,GOOGLx,GOOGL,False,1000,2.95775069,997.5073,24.93,0.0,0.2595,TesseraV + Meteora DLMM,Raydium CLMM,337.2845,347484.0
2026-09-13T17:28:53+00:00,GOOGLx,GOOGL,False,10000,29.52248188,9951.8891,48.11,0.1758,0.3059,Byreal + Whirlpool + BisonFi + Meteora DLMM,Whirlpool + Byreal + Raydium CLMM,337.2845,347484.0
2026-09-13T17:28:53+00:00,AMZNx,AMZN,False,100,0.39283622,99.5935,40.65,0.4009,0.0057,Byreal,Byreal,253.5061,189838.0
2026-09-13T17:28:53+00:00,AMZNx,AMZN,False,1000,3.92712979,995.2555,47.44,0.4322,0.0425,Byreal,Byreal,253.5061,189838.0
2026-09-13T17:28:53+00:00,AMZNx,AMZN,False,10000,39.2063986,9911.4572,88.54,0.5967,0.2905,Raydium CLMM + Byreal + BisonFi,Byreal + Raydium CLMM,253.5061,189838.0
2026-09-13T17:44:34+00:00,AAPLx,AAPL,False,100,0.30063712,99.7879,21.21,0.5178,0.0,Raydium CLMM,Raydium CLMM,329.7809,832766.0
2026-09-13T17:44:34+00:00,AAPLx,AAPL,False,1000,3.0050776,996.903,30.97,0.5606,0.0,Whirlpool,Raydium CLMM,329.7809,832766.0
2026-09-13T17:44:34+00:00,AAPLx,AAPL,False,10000,30.02471139,9952.9333,47.07,0.6468,0.0,Byreal + Raydium CLMM + Whirlpool,Raydium CLMM + Whirlpool,329.7809,832766.0
2026-09-13T17:44:34+00:00,TSLAx,TSLA,False,100,0.2754384,99.9033,9.67,0.059,0.0377,Riptide,Whirlpool,362.7902,1263995.0
2026-09-13T17:44:34+00:00,TSLAx,TSLA,False,1000,2.75438401,999.0019,9.98,0.059,0.0408,Riptide,Riptide,362.7902,1263995.0
2026-09-13T17:44:34+00:00,TSLAx,TSLA,False,10000,27.54380221,9988.8554,11.14,0.0591,0.0523,Riptide,Whirlpool + Riptide + Raydium CLMM,362.7902,1263995.0
2026-09-13T17:44:34+00:00,NVDAx,NVDA,False,100,0.4630001,99.9359,6.41,0.0195,0.0546,Whirlpool,Whirlpool,215.544,1861287.0
2026-09-13T17:44:34+00:00,NVDAx,NVDA,False,1000,4.62907042,999.0005,10.0,0.0296,0.0704,Riptide,Riptide,215.544,1861287.0
2026-09-13T17:44:34+00:00,NVDAx,NVDA,False,10000,46.28266755,9988.2885,11.71,0.047,0.0702,Whirlpool + Raydium CLMM + Riptide,Whirlpool + Riptide,215.544,1861287.0
2026-09-13T17:44:34+00:00,SPYx,SPY,False,100,0.13066781,99.9861,1.39,0.018,0.0,Byreal,Raydium CLMM,760.7086,4136645.0
2026-09-13T17:44:34+00:00,SPYx,SPY,False,1000,1.30651637,999.6865,3.14,0.0304,0.0009,Raydium CLMM,Raydium CLMM,760.7086,4136645.0
2026-09-13T17:44:34+00:00,SPYx,SPY,False,10000,13.06520622,9994.6157,5.38,0.0301,0.0238,Byreal + Raydium CLMM + Riptide,Byreal + Raydium CLMM + Riptide,760.7086,4136645.0
2026-09-13T17:44:34+00:00,MSTRx,MSTR,False,100,0.76567834,99.927,7.3,0.0727,0.0002,GoonFi V2 + Raydium CLMM,Riptide,130.4901,757175.0
2026-09-13T17:44:34+00:00,MSTRx,MSTR,False,1000,7.65471503,999.0005,10.0,0.0997,0.0002,Riptide,Riptide,130.4901,757175.0
2026-09-13T17:44:34+00:00,MSTRx,MSTR,False,10000,76.53192443,9985.6765,14.32,0.1196,0.0237,Riptide + GoonFi V2 + Raydium CLMM,Riptide,130.4901,757175.0
2026-09-13T17:44:34+00:00,METAx,META,False,100,0.15496558,99.677,32.3,0.3203,0.0028,Whirlpool,Whirlpool,641.6742,222182.0
2026-09-13T17:44:34+00:00,METAx,META,False,1000,1.54942622,996.4746,35.25,0.3351,0.0175,Whirlpool,Whirlpool,641.6742,222182.0
2026-09-13T17:44:34+00:00,METAx,META,False,10000,15.47831366,9936.0484,63.95,0.4376,0.2028,Whirlpool + Raydium CLMM + Byreal,Byreal + Whirlpool + Raydium CLMM,641.6742,222182.0
2026-09-13T17:44:34+00:00,GOOGLx,GOOGL,False,100,0.29556809,99.6745,32.55,0.3858,0.0,Whirlpool,Whirlpool,337.4645,345586.0
2026-09-13T17:44:34+00:00,GOOGLx,GOOGL,False,1000,2.95557449,996.6159,33.84,0.3894,0.0,HumidiFi + Meteora DLMM,Raydium CLMM,337.4645,345586.0
2026-09-13T17:44:34+00:00,GOOGLx,GOOGL,False,10000,29.52107105,9948.8868,51.11,0.5062,0.0049,GoonFi V2 + Scorch + Meteora DLMM + Whirlpool,Byreal + Whirlpool + Raydium CLMM,337.4645,345586.0
2026-09-13T17:44:34+00:00,AMZNx,AMZN,False,100,0.39283686,99.5935,40.65,0.4004,0.0059,Byreal,Byreal,253.5044,189713.0
2026-09-13T17:44:34+00:00,AMZNx,AMZN,False,1000,3.92713616,995.255,47.45,0.4319,0.0428,Byreal,Byreal,253.5044,189713.0
2026-09-13T17:44:34+00:00,AMZNx,AMZN,False,10000,39.20727198,9911.6649,88.34,0.5944,0.2907,TesseraV + Raydium CLMM + Byreal,Raydium CLMM + Byreal,253.5044,189713.0
2026-09-13T18:00:11+00:00,AAPLx,AAPL,False,100,0.30064384,99.7915,20.85,0.2015,0.007,Whirlpool,Raydium CLMM,330.824,825267.0
2026-09-13T18:00:11+00:00,AAPLx,AAPL,False,1000,3.00599086,997.2197,27.8,0.2164,0.0618,Whirlpool,Raydium CLMM,330.824,825267.0
2026-09-13T18:00:11+00:00,AAPLx,AAPL,False,10000,30.0304866,9951.4237,48.58,0.314,0.1723,Byreal + Whirlpool + Raydium CLMM,Raydium CLMM + Whirlpool,330.824,825267.0
2026-09-13T18:00:11+00:00,TSLAx,TSLA,False,100,0.27552651,99.9197,8.03,0.0415,0.0388,Riptide,Whirlpool,362.7431,1263113.0
2026-09-13T18:00:11+00:00,TSLAx,TSLA,False,1000,2.75526514,999.0005,10.0,0.0415,0.0585,Riptide,Riptide,362.7431,1263113.0
2026-09-13T18:00:11+00:00,TSLAx,TSLA,False,10000,27.55265148,9988.9017,11.1,0.0415,0.0695,Riptide,Riptide + Raydium CLMM,362.7431,1263113.0
2026-09-13T18:00:11+00:00,NVDAx,NVDA,False,100,0.46267738,99.9485,5.15,0.2617,0.0542,Riptide,Whirlpool,215.5306,1875031.0
2026-09-13T18:00:11+00:00,NVDAx,NVDA,False,1000,4.62677381,999.0005,10.0,0.0,0.0592,Riptide,Riptide,215.5306,1875031.0
2026-09-13T18:00:11+00:00,NVDAx,NVDA,False,10000,46.25765579,9987.9161,12.08,0.2844,0.0,Riptide + Raydium CLMM,Whirlpool + Riptide,215.5306,1875031.0
2026-09-13T18:00:11+00:00,SPYx,SPY,False,100,0.1307281,99.9828,1.72,0.0158,0.0,Whirlpool,Raydium CLMM,762.0717,3934819.0
2026-09-13T18:00:11+00:00,SPYx,SPY,False,1000,1.30710109,999.6016,3.98,0.3544,0.0,Raydium CLMM,Raydium CLMM,762.0717,3934819.0
2026-09-13T18:00:11+00:00,SPYx,SPY,False,10000,13.06971257,9994.2936,5.71,0.3643,0.0,Byreal + Riptide + Raydium CLMM,Raydium CLMM + Riptide,762.0717,3934819.0
2026-09-13T18:00:11+00:00,MSTRx,MSTR,False,100,0.7648152,99.9,10.0,0.0847,0.1519,Riptide,Riptide,130.772,761014.0
2026-09-13T18:00:11+00:00,MSTRx,MSTR,False,1000,7.64815202,998.9955,10.04,0.0,0.1694,Riptide,Riptide,130.772,761014.0
2026-09-13T18:00:11+00:00,MSTRx,MSTR,False,10000,76.46262786,9985.7083,14.29,0.1246,0.2044,Raydium CLMM + Riptide,Riptide,130.772,761014.0
2026-09-13T18:00:11+00:00,METAx,META,False,100,0.15487022,99.677,32.3,0.32,0.003,Whirlpool,Whirlpool,642.0749,226982.0
2026-09-13T18:00:11+00:00,METAx,META,False,1000,1.54847285,996.4747,35.25,0.3348,0.0178,Whirlpool,Whirlpool,642.0749,226982.0
2026-09-13T18:00:11+00:00,METAx,META,False,10000,15.47074754,9939.3782,60.62,0.4248,0.1822,Whirlpool + Byreal + Raydium CLMM,Raydium CLMM + Whirlpool + Byreal,642.0749,226982.0
2026-09-13T18:00:11+00:00,GOOGLx,GOOGL,False,100,0.29555431,99.7582,24.18,0.1121,0.1298,Quay + Quantum + Meteora DLMM,Whirlpool,337.122,346261.0
2026-09-13T18:00:11+00:00,GOOGLx,GOOGL,False,1000,2.95256641,996.3272,36.73,0.2127,0.1549,TesseraV + Meteora DLMM,Whirlpool,337.122,346261.0
2026-09-13T18:00:11+00:00,GOOGLx,GOOGL,False,10000,29.50274337,9945.0266,54.97,0.2902,0.2603,Raydium CLMM + TesseraV + Meteora DLMM + Whirlpool,Byreal + Whirlpool + Raydium CLMM,337.122,346261.0
2026-09-13T18:00:11+00:00,AMZNx,AMZN,False,100,0.39286697,99.5935,40.65,0.4021,0.0045,Byreal,Byreal,253.4822,189583.0
2026-09-13T18:00:11+00:00,AMZNx,AMZN,False,1000,3.92743704,995.2257,47.74,0.4333,0.0443,Byreal,Byreal,253.4822,189583.0
2026-09-13T18:00:11+00:00,AMZNx,AMZN,False,10000,39.20830602,9912.1239,87.88,0.6008,0.2796,Raydium CLMM + BisonFi + Byreal,Byreal + Raydium CLMM + HumidiFi,253.4822,189583.0
2026-09-13T18:15:48+00:00,AAPLx,AAPL,False,100,0.30104814,99.8024,19.76,0.1968,0.0008,Raydium CLMM,Whirlpool,330.3959,823901.0
2026-09-13T18:15:48+00:00,AAPLx,AAPL,False,1000,3.0088273,997.3146,26.85,0.2517,0.0169,Raydium CLMM,Raydium CLMM,330.3959,823901.0
2026-09-13T18:15:48+00:00,AAPLx,AAPL,False,10000,30.04245617,9953.8012,46.2,0.4036,0.051,Byreal + Raydium CLMM + Whirlpool,Byreal + Whirlpool + Raydium CLMM,330.3959,823901.0
2026-09-13T18:15:48+00:00,TSLAx,TSLA,False,100,0.27555243,99.9077,9.23,0.0776,0.0148,Whirlpool,Riptide,362.5788,1261730.0
2026-09-13T18:15:48+00:00,TSLAx,TSLA,False,1000,2.75531362,999.001,9.99,0.0852,0.0147,Riptide,Riptide,362.5788,1261730.0
2026-09-13T18:15:48+00:00,TSLAx,TSLA,False,10000,27.55314231,9988.9322,11.07,0.0852,0.0255,Riptide + Whirlpool,Riptide + Raydium CLMM,362.5788,1261730.0
2026-09-13T18:15:48+00:00,NVDAx,NVDA,False,100,0.4627275,99.9545,4.55,0.0453,0.0387,Whirlpool,Riptide,215.5914,1864911.0
2026-09-13T18:15:48+00:00,NVDAx,NVDA,False,1000,4.62475284,998.9965,10.03,0.1224,0.0,Riptide,Riptide,215.5914,1864911.0
2026-09-13T18:15:48+00:00,NVDAx,NVDA,False,10000,46.24193182,9988.7362,11.26,0.1365,0.0,Riptide + Whirlpool + Raydium CLMM,Riptide,215.5914,1864911.0
2026-09-13T18:15:48+00:00,SPYx,SPY,False,100,0.13069467,99.9839,1.61,0.0,0.012,Byreal,Raydium CLMM,761.1758,3902524.0
2026-09-13T18:15:48+00:00,SPYx,SPY,False,1000,1.30691462,999.7263,2.74,0.4321,0.0,Riptide,Raydium CLMM,761.1758,3902524.0
2026-09-13T18:15:48+00:00,MSTRx,MSTR,False,100,0.76487112,99.9,10.0,0.467,0.0,Riptide,Riptide,130.112,761742.0
2026-09-13T18:15:48+00:00,MSTRx,MSTR,False,1000,7.64871129,999.0005,10.0,0.467,0.0,Riptide,Riptide,130.112,761742.0
2026-09-13T18:15:48+00:00,MSTRx,MSTR,False,10000,76.46714947,9985.046,14.95,0.493,0.0,HumidiFi + Raydium CLMM + Riptide,Riptide,130.112,761742.0
2026-09-13T18:15:48+00:00,METAx,META,False,100,0.15492575,99.7756,22.44,0.0036,0.2208,Whirlpool,Meteora DLMM + Flux,643.8755,226108.0
2026-09-13T18:15:48+00:00,METAx,META,False,1000,1.54902794,996.4746,35.25,0.0185,0.3341,Whirlpool,Whirlpool,643.8755,226108.0
2026-09-13T18:15:48+00:00,METAx,META,False,10000,15.47470129,9937.9773,62.02,0.119,0.5018,Byreal + Whirlpool + Raydium CLMM,Whirlpool + Raydium CLMM + Meteora DLMM + BisonFi,643.8755,226108.0
2026-09-13T18:15:48+00:00,GOOGLx,GOOGL,False,100,0.29573328,99.8168,18.32,0.1621,0.0211,HumidiFi + Meteora DLMM,Whirlpool,336.7459,346347.0
2026-09-13T18:15:48+00:00,GOOGLx,GOOGL,False,1000,2.95234228,996.1919,38.08,0.3306,0.0504,HumidiFi + Meteora DLMM,Whirlpool,336.7459,346347.0
2026-09-13T18:15:48+00:00,GOOGLx,GOOGL,False,10000,29.50512021,9945.3761,54.62,0.6556,0.0,GoonFi V2 + Meteora DLMM + Whirlpool + Raydium CLMM,Whirlpool + Byreal + Raydium CLMM,336.7459,346347.0
2026-09-13T18:15:48+00:00,AMZNx,AMZN,False,100,0.39285955,99.5935,40.65,0.399,0.0076,Byreal,Byreal,253.4923,189517.0
2026-09-13T18:15:48+00:00,AMZNx,AMZN,False,1000,3.92736292,995.2334,47.67,0.4302,0.0466,Byreal,Byreal,253.4923,189517.0
2026-09-13T18:15:48+00:00,AMZNx,AMZN,False,10000,39.20914687,9912.0817,87.92,0.5937,0.2872,GoonFi V2 + Raydium CLMM + Byreal,Byreal + Raydium CLMM + HumidiFi,253.4923,189517.0
2026-09-13T18:31:26+00:00,AAPLx,AAPL,False,100,0.30111881,99.8187,18.13,0.0104,0.1709,Raydium CLMM,Byreal,330.9362,820860.0
2026-09-13T18:31:26+00:00,AAPLx,AAPL,False,1000,3.0095334,997.4969,25.03,0.0653,0.1851,Raydium CLMM,Raydium CLMM,330.9362,820860.0
2026-09-13T18:31:26+00:00,AAPLx,AAPL,False,10000,30.04656334,9954.3232,45.68,0.2273,0.23,Byreal + Raydium CLMM + Whirlpool,Raydium CLMM + Whirlpool + Byreal,330.9362,820860.0
2026-09-13T18:31:26+00:00,TSLAx,TSLA,False,100,0.27554694,99.9233,7.67,0.0,0.3688,Riptide,Whirlpool,363.9322,1260742.0
2026-09-13T18:31:26+00:00,TSLAx,TSLA,False,1000,2.75546944,999.0451,9.55,0.0,0.3875,Riptide,Riptide + Raydium CLMM + Whirlpool,363.9322,1260742.0
2026-09-13T18:31:26+00:00,TSLAx,TSLA,False,10000,27.55469443,9989.3006,10.7,0.0,0.4042,Riptide,Raydium CLMM + Riptide,363.9322,1260742.0
2026-09-13T18:31:26+00:00,NVDAx,NVDA,False,100,0.46315899,100.0523,-5.23,0.0,0.0,BinaryFi,Riptide,215.6275,1858741.0
2026-09-13T18:31:26+00:00,NVDAx,NVDA,False,1000,4.6263565,999.3926,6.07,0.069,0.0,Raydium CLMM,Riptide,215.6275,1858741.0
2026-09-13T18:31:26+00:00,NVDAx,NVDA,False,10000,46.1462563,9968.5987,31.4,0.3224,0.0462,BinaryFi + Raydium CLMM,Riptide,215.6275,1858741.0
2026-09-13T18:31:26+00:00,SPYx,SPY,False,100,0.13069325,99.9994,0.06,0.0,0.3775,Raydium CLMM,Scorch + Quay,763.5832,3988966.0
2026-09-13T18:31:26+00:00,SPYx,SPY,False,1000,1.3068289,999.8531,1.47,0.0,0.3836,Raydium CLMM,Scorch + Quay + Riptide,763.5832,3988966.0
2026-09-13T18:31:26+00:00,MSTRx,MSTR,False,100,0.76459098,99.9,10.0,0.0,0.1,Riptide,Riptide,130.6309,765847.0
2026-09-13T18:31:26+00:00,MSTRx,MSTR,False,1000,7.64590983,999.0005,10.0,0.0,0.1,Riptide,Riptide,130.6309,765847.0
2026-09-13T18:31:26+00:00,MSTRx,MSTR,False,10000,76.43726238,9984.8806,15.12,0.0286,0.1227,Riptide + Raydium CLMM,Riptide,130.6309,765847.0
2026-09-13T18:31:26+00:00,METAx,META,False,100,0.15492342,99.7025,29.75,0.3193,0.0,Whirlpool,Meteora DLMM + BisonFi + Quay,641.862,224961.0
2026-09-13T18:31:26+00:00,METAx,META,False,1000,1.54900473,996.4747,35.25,0.3341,0.0185,Whirlpool,Whirlpool,641.862,224961.0
2026-09-13T18:31:26+00:00,METAx,META,False,10000,15.47505694,9938.12,61.88,0.4305,0.1891,Byreal + Whirlpool + Raydium CLMM,Meteora DLMM + Quantum + Whirlpool + Raydium CLMM,641.862,224961.0
2026-09-13T18:31:26+00:00,GOOGLx,GOOGL,False,100,0.29538068,99.674,32.6,0.0063,0.3197,Whirlpool,Whirlpool,337.6791,342243.0
2026-09-13T18:31:26+00:00,GOOGLx,GOOGL,False,1000,2.95297253,996.127,38.73,0.0345,0.3529,Whirlpool,Whirlpool,337.6791,342243.0
2026-09-13T18:31:26+00:00,GOOGLx,GOOGL,False,10000,29.5028951,9943.8084,56.19,0.1253,0.4371,Byreal + Raydium CLMM + Whirlpool,Byreal + Raydium CLMM + Whirlpool,337.6791,342243.0
2026-09-13T18:31:26+00:00,AMZNx,AMZN,False,100,0.39290289,99.6009,39.91,0.4763,0.0,Raydium CLMM,Byreal,253.2711,188624.0
2026-09-13T18:31:26+00:00,AMZNx,AMZN,False,1000,3.92750185,995.2185,47.81,0.515,0.0,Byreal,Byreal,253.2711,188624.0
2026-09-13T18:31:26+00:00,AMZNx,AMZN,False,10000,39.2142093,9911.1459,88.85,0.6691,0.221,Quantum + Raydium CLMM + Byreal,Byreal + Raydium CLMM,253.2711,188624.0
2026-09-13T18:47:03+00:00,AAPLx,AAPL,False,100,0.30063721,99.812,18.8,0.1817,0.0072,Whirlpool,Raydium CLMM,330.8995,812964.0
2026-09-13T18:47:03+00:00,AAPLx,AAPL,False,1000,3.00592455,997.4238,25.76,0.1957,0.0621,Whirlpool,Raydium CLMM,330.8995,812964.0
2026-09-13T18:47:03+00:00,AAPLx,AAPL,False,10000,30.0423455,9952.4029,47.6,0.2518,0.2247,Whirlpool + Byreal + Raydium CLMM,Raydium CLMM + Whirlpool + Byreal,330.8995,812964.0
2026-09-13T18:47:03+00:00,TSLAx,TSLA,False,100,0.2756008,99.9168,8.32,0.0819,0.0013,Whirlpool,Riptide,362.4984,1267632.0
2026-09-13T18:47:03+00:00,TSLAx,TSLA,False,1000,2.75554599,999.0005,10.0,0.0986,0.0013,Riptide,Riptide,362.4984,1267632.0
2026-09-13T18:47:03+00:00,TSLAx,TSLA,False,10000,27.55550619,9989.1209,10.88,0.0985,0.0103,Riptide + Whirlpool,Riptide + Raydium CLMM,362.4984,1267632.0
2026-09-13T18:47:03+00:00,NVDAx,NVDA,False,100,0.46322099,100.0625,-6.25,0.0,0.004,BinaryFi,Whirlpool,215.6277,1848442.0
2026-09-13T18:47:03+00:00,NVDAx,NVDA,False,1000,4.62632206,999.0005,10.0,0.0607,0.0393,Riptide,Riptide,215.6277,1848442.0
2026-09-13T18:47:03+00:00,NVDAx,NVDA,False,10000,46.26001796,9989.3834,10.62,0.0676,0.0386,Riptide + BinaryFi + Whirlpool,Whirlpool + Riptide,215.6277,1848442.0
2026-09-13T18:47:03+00:00,SPYx,SPY,False,100,0.13063004,99.9937,0.63,0.0282,0.0,BisonFi + Raydium CLMM,Byreal,760.8552,4027863.0
2026-09-13T18:47:03+00:00,SPYx,SPY,False,1000,1.30611631,999.7034,2.97,0.0423,0.0,BisonFi + Raydium CLMM,Raydium CLMM,760.8552,4027863.0
2026-09-13T18:47:03+00:00,SPYx,SPY,False,10000,13.05890379,9994.5468,5.45,0.5424,0.0,Riptide + Raydium CLMM + BisonFi,Raydium CLMM + Byreal + Riptide,760.8552,4027863.0
2026-09-13T18:47:03+00:00,MSTRx,MSTR,False,100,0.76416549,99.9,10.0,0.0963,0.0036,Riptide,Riptide,130.7183,758189.0
2026-09-13T18:47:03+00:00,MSTRx,MSTR,False,1000,7.64165495,999.0005,10.0,0.0963,0.0036,Riptide,Riptide,130.7183,758189.0
2026-09-13T18:47:03+00:00,MSTRx,MSTR,False,10000,76.39859489,9985.2982,14.7,0.1198,0.0272,Riptide + Raydium CLMM,Riptide,130.7183,758189.0
2026-09-13T18:47:03+00:00,METAx,META,False,100,0.15492027,99.677,32.3,0.002,0.321,Whirlpool,Whirlpool,643.9144,224505.0
2026-09-13T18:47:03+00:00,METAx,META,False,1000,1.54897323,996.4747,35.25,0.0169,0.3357,Whirlpool,Whirlpool,643.9144,224505.0
2026-09-13T18:47:03+00:00,METAx,META,False,10000,15.47487038,9937.7314,62.27,0.1128,0.5105,Raydium CLMM + Byreal + Whirlpool,Byreal + Whirlpool + Raydium CLMM,643.9144,224505.0
2026-09-13T18:47:03+00:00,GOOGLx,GOOGL,False,100,0.2952303,99.7641,23.59,0.0089,0.227,Byreal,Meteora DLMM + Flux,337.8402,343842.0
2026-09-13T18:47:03+00:00,GOOGLx,GOOGL,False,1000,2.95151643,996.1933,38.07,0.0356,0.3452,Byreal,Whirlpool,337.8402,343842.0
2026-09-13T18:47:03+00:00,GOOGLx,GOOGL,False,10000,29.49893034,9944.5624,55.44,0.0906,0.4642,Raydium CLMM + Whirlpool + Byreal,Raydium CLMM + Whirlpool + Meteora DLMM + TesseraV,337.8402,343842.0
2026-09-13T18:47:03+00:00,AMZNx,AMZN,False,100,0.39282569,99.5935,40.65,0.4027,0.0039,Byreal,Byreal,253.5071,189546.0
2026-09-13T18:47:03+00:00,AMZNx,AMZN,False,1000,3.9270246,995.2643,47.36,0.0275,0.4462,Byreal,Byreal,253.5071,189546.0
2026-09-13T18:47:03+00:00,AMZNx,AMZN,False,10000,39.20525648,9911.6133,88.39,0.193,0.6922,HumidiFi + Raydium CLMM + Byreal,Byreal + Raydium CLMM,253.5071,189546.0
2026-09-13T19:02:41+00:00,AAPLx,AAPL,False,100,0.30067344,99.7879,21.21,0.2057,0.0064,Raydium CLMM,Raydium CLMM,330.7744,814563.0
2026-09-13T19:02:41+00:00,AAPLx,AAPL,False,1000,3.00625196,997.1719,28.28,0.2217,0.0613,Whirlpool,Raydium CLMM,330.7744,814563.0
2026-09-13T19:02:41+00:00,AAPLx,AAPL,False,10000,30.045121,9950.4636,49.54,0.2794,0.2165,Whirlpool + Byreal + Raydium CLMM,Whirlpool + Byreal + Raydium CLMM,330.7744,814563.0
2026-09-13T19:02:41+00:00,TSLAx,TSLA,False,100,0.27618804,99.9863,1.37,0.0,0.0549,Riptide,Raydium CLMM,362.1702,1264884.0
2026-09-13T19:02:41+00:00,TSLAx,TSLA,False,1000,2.76188269,999.7766,2.23,0.0,0.0636,Riptide,Byreal + Raydium CLMM,362.1702,1264884.0
2026-09-13T19:02:41+00:00,TSLAx,TSLA,False,10000,27.61882693,9991.5902,8.41,0.0,0.1254,Riptide,Byreal + Raydium CLMM + Riptide,362.1702,1264884.0
2026-09-13T19:02:41+00:00,NVDAx,NVDA,False,100,0.46301538,99.9569,4.31,0.0151,0.0395,Whirlpool,Riptide,215.5262,1839494.0
2026-09-13T19:02:41+00:00,NVDAx,NVDA,False,1000,4.6275193,999.0005,10.0,0.0604,0.0395,Riptide,Riptide,215.5262,1839494.0
2026-09-13T19:02:41+00:00,NVDAx,NVDA,False,10000,46.27142813,9989.8038,10.2,0.0686,0.0334,Riptide + Whirlpool,Riptide,215.5262,1839494.0
2026-09-13T19:02:41+00:00,SPYx,SPY,False,100,0.13065452,99.9807,1.93,0.462,0.0,Byreal,Raydium CLMM,757.405,4005805.0
2026-09-13T19:02:41+00:00,SPYx,SPY,False,1000,1.30646702,999.7035,2.96,0.468,0.0,Raydium CLMM,Raydium CLMM,757.405,4005805.0
2026-09-13T19:02:41+00:00,SPYx,SPY,False,10000,13.06192153,9994.7822,5.22,0.4889,0.0,Riptide + Raydium CLMM + Byreal,Byreal + Raydium CLMM + Riptide,757.405,4005805.0
2026-09-13T19:02:41+00:00,MSTRx,MSTR,False,100,0.76414044,99.9276,7.24,0.0844,0.0,Raydium CLMM,Riptide,130.7395,757713.0
2026-09-13T19:02:41+00:00,MSTRx,MSTR,False,1000,7.63930051,999.0005,10.0,0.1119,0.0,Riptide,Riptide,130.7395,757713.0
2026-09-13T19:02:41+00:00,MSTRx,MSTR,False,10000,76.37670047,9985.4702,14.53,0.1213,0.0241,Raydium CLMM + Riptide,Riptide,130.7395,757713.0
2026-09-13T19:02:41+00:00,METAx,META,False,100,0.15492871,99.677,32.3,0.321,0.002,Whirlpool,Whirlpool,643.878,224237.0
2026-09-13T19:02:41+00:00,METAx,META,False,1000,1.54905763,996.4747,35.25,0.3358,0.0168,Whirlpool,Whirlpool,643.878,224237.0
2026-09-13T19:02:41+00:00,METAx,META,False,10000,15.47540808,9937.459,62.54,0.4333,0.1929,Whirlpool + Byreal + Raydium CLMM,Whirlpool + Byreal + Raydium CLMM,643.878,224237.0
2026-09-13T19:02:41+00:00,GOOGLx,GOOGL,False,100,0.29555991,99.7049,29.51,0.0,0.369,Whirlpool,Meteora DLMM + Quantum,337.7474,337261.0
2026-09-13T19:02:41+00:00,GOOGLx,GOOGL,False,1000,2.95452404,996.2898,37.1,0.0,0.4087,Whirlpool,Byreal + Whirlpool + Meteora DLMM + BisonFi,337.7474,337261.0
2026-09-13T19:02:41+00:00,GOOGLx,GOOGL,False,10000,29.50920639,9943.6208,56.38,0.0842,0.48,Byreal + Raydium CLMM + Whirlpool,Whirlpool + Byreal + Raydium CLMM,337.7474,337261.0
2026-09-13T19:02:41+00:00,AMZNx,AMZN,False,100,0.39275304,99.5998,40.02,0.5043,0.0,Raydium CLMM,Byreal,253.2978,190656.0
2026-09-13T19:02:41+00:00,AMZNx,AMZN,False,1000,3.92604971,995.3097,46.9,0.5418,0.0,Byreal,Byreal,253.2978,190656.0
2026-09-13T19:02:41+00:00,AMZNx,AMZN,False,10000,39.19903642,9912.7338,87.27,0.6975,0.1764,HumidiFi + Raydium CLMM + Byreal,Raydium CLMM + BisonFi + Byreal,253.2978,190656.0
2026-09-13T19:18:31+00:00,AAPLx,AAPL,False,100,0.30101125,99.791,20.9,0.3445,0.0,Raydium CLMM,Whirlpool,329.9479,812756.0
2026-09-13T19:18:31+00:00,AAPLx,AAPL,False,1000,3.00845869,997.1591,28.41,0.3992,0.0,Raydium CLMM,Whirlpool,329.9479,812756.0
2026-09-13T19:18:31+00:00,AAPLx,AAPL,False,10000,30.04844878,9949.2276,50.77,0.5189,0.0,Raydium CLMM + Whirlpool,Whirlpool + Raydium CLMM + Byreal,329.9479,812756.0
2026-09-13T19:18:31+00:00,TSLAx,TSLA,False,100,0.27636325,99.9609,3.91,0.0,0.0013,Riptide,Raydium CLMM,361.8393,1259556.0
2026-09-13T19:18:31+00:00,TSLAx,TSLA,False,1000,2.76363257,999.476,5.24,0.0378,0.0146,Riptide,Raydium CLMM,361.8393,1259556.0
2026-09-13T19:18:31+00:00,TSLAx,TSLA,False,10000,27.63632572,9990.8015,9.2,0.0378,0.0542,Riptide,Riptide + Raydium CLMM,361.8393,1259556.0
2026-09-13T19:18:31+00:00,NVDAx,NVDA,False,100,0.46308614,99.9423,5.77,0.0094,0.0483,Whirlpool,Whirlpool,214.9274,1844619.0
2026-09-13T19:18:31+00:00,NVDAx,NVDA,False,1000,4.63025273,999.0005,10.0,0.0226,0.0774,Riptide,Riptide,214.9274,1844619.0
2026-09-13T19:18:31+00:00,NVDAx,NVDA,False,10000,46.29715221,9988.9027,11.1,0.0342,0.0768,Whirlpool + Riptide,Riptide + Whirlpool,214.9274,1844619.0
2026-09-13T19:18:31+00:00,SPYx,SPY,False,100,0.13058312,99.9803,1.97,0.2539,0.0,Byreal,Raydium CLMM,761.2172,4215848.0
2026-09-13T19:18:31+00:00,SPYx,SPY,False,1000,1.30581376,999.7486,2.51,0.2552,0.0058,Riptide,Raydium CLMM,761.2172,4215848.0
2026-09-13T19:18:31+00:00,SPYx,SPY,False,10000,13.05747186,9994.7372,5.26,0.0245,0.2857,Byreal + Riptide + Raydium CLMM,Riptide + Raydium CLMM + Byreal,761.2172,4215848.0
2026-09-13T19:18:31+00:00,MSTRx,MSTR,False,100,0.76563441,99.9001,9.99,0.0,0.1519,Riptide,Riptide,130.6619,755748.0
2026-09-13T19:18:31+00:00,MSTRx,MSTR,False,1000,7.65633829,999.0005,10.0,0.0,0.1519,Riptide,Riptide,130.6619,755748.0
2026-09-13T19:18:31+00:00,METAx,META,False,100,0.15466459,99.6953,30.47,0.3014,0.0033,Byreal,Whirlpool,643.0632,241612.0
2026-09-13T19:18:31+00:00,METAx,META,False,1000,1.54616949,996.3881,36.12,0.3321,0.0292,Whirlpool,Whirlpool,643.0632,241612.0
2026-09-13T19:18:31+00:00,METAx,META,False,10000,15.4477251,9941.8414,58.16,0.1153,0.5058,Raydium CLMM + Whirlpool + Byreal,Raydium CLMM + Whirlpool,643.0632,241612.0
2026-09-13T19:18:31+00:00,GOOGLx,GOOGL,False,100,0.29528404,99.6738,32.62,0.0007,0.3255,Whirlpool,Whirlpool,337.7994,343432.0
2026-09-13T19:18:31+00:00,GOOGLx,GOOGL,False,1000,2.95209287,996.2048,37.95,0.026,0.3536,HumidiFi + Meteora DLMM,Whirlpool,337.7994,343432.0
2026-09-13T19:18:31+00:00,GOOGLx,GOOGL,False,10000,29.49992341,9943.7383,56.26,0.0972,0.4659,Byreal + Whirlpool + Raydium CLMM,Byreal + Raydium CLMM + Whirlpool,337.7994,343432.0
2026-09-13T19:18:31+00:00,AMZNx,AMZN,False,100,0.39278485,99.6072,39.28,0.3915,0.0013,Raydium CLMM,Byreal,253.5623,190500.0
2026-09-13T19:18:31+00:00,AMZNx,AMZN,False,1000,3.92631285,995.3697,46.3,0.4304,0.0328,Raydium CLMM,Byreal,253.5623,190500.0
2026-09-13T19:18:31+00:00,AMZNx,AMZN,False,10000,39.20127862,9912.2722,87.73,0.5873,0.2917,HumidiFi + Raydium CLMM + Byreal,Byreal + Raydium CLMM,253.5623,190500.0
2026-09-13T19:34:10+00:00,AAPLx,AAPL,False,100,0.30128358,99.7879,21.21,0.1995,0.0126,Raydium CLMM,Raydium CLMM,330.1202,811376.0
2026-09-13T19:34:10+00:00,AAPLx,AAPL,False,1000,3.01117977,997.0804,29.2,0.2544,0.2396,Raydium CLMM,Whirlpool,330.1202,811376.0
2026-09-13T19:34:10+00:00,AAPLx,AAPL,False,10000,30.06390849,9949.0063,50.99,0.2115,0.2991,Raydium CLMM + Byreal + Whirlpool,Whirlpool + Raydium CLMM + Byreal,330.1202,811376.0
2026-09-13T19:34:10+00:00,TSLAx,TSLA,False,100,0.27627188,99.9308,6.92,0.0583,0.0109,GoonFi V2 + Whirlpool + Raydium CLMM,Riptide,361.6947,1258930.0
2026-09-13T19:34:10+00:00,TSLAx,TSLA,False,1000,2.76186847,999.0005,10.0,0.0891,0.0109,Riptide,Riptide,361.6947,1258930.0
2026-09-13T19:34:10+00:00,TSLAx,TSLA,False,10000,27.61878699,9989.338,10.66,0.0887,0.0179,GoonFi V2 + Whirlpool + Raydium CLMM + Riptide,Raydium CLMM + Riptide,361.6947,1258930.0
2026-09-13T19:34:10+00:00,NVDAx,NVDA,False,100,0.46324212,99.9455,5.45,0.2882,0.0,Whirlpool,Whirlpool,215.2664,1847755.0
2026-09-13T19:34:10+00:00,NVDAx,NVDA,False,1000,4.63163736,999.0005,10.0,0.3051,0.0,Riptide,Riptide,215.2664,1847755.0
2026-09-13T19:34:10+00:00,NVDAx,NVDA,False,10000,46.31151166,9988.9496,11.05,0.0236,0.0869,Whirlpool + Riptide,Riptide + Whirlpool,215.2664,1847755.0
2026-09-13T19:34:10+00:00,SPYx,SPY,False,100,0.13060012,99.9844,1.56,0.0135,0.2744,Raydium CLMM,Byreal,761.1242,4214444.0
2026-09-13T19:34:10+00:00,SPYx,SPY,False,1000,1.30600051,999.7848,2.15,0.0,0.2802,Riptide,AlphaQ + Raydium CLMM + Byreal,761.1242,4214444.0
2026-09-13T19:34:10+00:00,SPYx,SPY,False,10000,13.05961208,9994.8399,5.16,0.2426,0.0,Whirlpool + Raydium CLMM + Riptide,Byreal + Raydium CLMM + Riptide,761.1242,4214444.0
2026-09-13T19:34:10+00:00,MSTRx,MSTR,False,100,0.76898458,99.9,10.0,0.0546,0.0454,Riptide,Riptide,129.9503,751828.0
2026-09-13T19:34:10+00:00,MSTRx,MSTR,False,1000,7.68984581,999.0005,10.0,0.0546,0.0239,Riptide,Riptide,129.9503,751828.0
2026-09-13T19:34:10+00:00,MSTRx,MSTR,False,10000,76.87911467,9985.5749,14.43,0.1012,0.0431,Riptide,Riptide + Raydium CLMM + HumidiFi,129.9503,751828.0
2026-09-13T19:34:10+00:00,METAx,META,False,100,0.1548683,99.6768,32.32,0.3218,0.0015,Whirlpool,Whirlpool,642.0563,227980.0
2026-09-13T19:34:10+00:00,METAx,META,False,1000,1.54845364,996.4727,35.27,0.3365,0.0162,Whirlpool,Whirlpool,642.0563,227980.0
2026-09-13T19:34:10+00:00,METAx,META,False,10000,15.46762462,9939.6785,60.32,0.4454,0.1585,Whirlpool + Byreal + Raydium CLMM,Whirlpool + Byreal + Raydium CLMM,642.0563,227980.0
2026-09-13T19:34:10+00:00,GOOGLx,GOOGL,False,100,0.29545123,99.718,28.2,0.411,0.0,Quantum + Meteora DLMM,Whirlpool,336.2225,338553.0
2026-09-13T19:34:10+00:00,GOOGLx,GOOGL,False,1000,2.95400906,996.7126,32.87,0.4279,0.0,BisonFi + Meteora DLMM,Whirlpool,336.2225,338553.0
2026-09-13T19:34:10+00:00,GOOGLx,GOOGL,False,10000,29.50956784,9944.5766,55.42,0.5308,0.0667,Whirlpool + Raydium CLMM + BisonFi + Meteora DLMM,Whirlpool + Raydium CLMM + Byreal,336.2225,338553.0
2026-09-13T19:34:10+00:00,AMZNx,AMZN,False,100,0.39301663,99.6317,36.83,0.5145,0.0,BisonFi + Raydium CLMM,Byreal,253.0935,189530.0
2026-09-13T19:34:10+00:00,AMZNx,AMZN,False,1000,3.92742597,995.2268,47.73,0.5839,0.0,Byreal,Byreal,253.0935,189530.0
2026-09-13T19:34:10+00:00,AMZNx,AMZN,False,10000,39.21047349,9912.1389,87.86,0.7454,0.1343,Byreal + Raydium CLMM + Flux,Raydium CLMM + HumidiFi + Byreal,253.0935,189530.0
2026-09-13T19:49:49+00:00,AAPLx,AAPL,False,100,0.30118185,99.7879,21.21,0.0215,0.1907,Raydium CLMM,Raydium CLMM,330.8224,811528.0
2026-09-13T19:49:49+00:00,AAPLx,AAPL,False,1000,3.01016323,996.7375,32.63,0.0764,0.0633,Raydium CLMM,Raydium CLMM,330.8224,811528.0
2026-09-13T19:49:49+00:00,AAPLx,AAPL,False,10000,30.07206305,9950.7745,49.23,0.3611,0.1316,Raydium CLMM + Byreal + Whirlpool,Raydium CLMM + Whirlpool,330.8224,811528.0
2026-09-13T19:49:49+00:00,TSLAx,TSLA,False,100,0.27628545,99.9226,7.74,0.0,0.197,Quantum + Raydium CLMM,Raydium CLMM,362.3236,1257157.0
2026-09-13T19:49:49+00:00,TSLAx,TSLA,False,1000,2.76240897,999.0177,9.82,0.0,0.2017,Riptide,Raydium CLMM + Riptide + Whirlpool,362.3236,1257157.0
2026-09-13T19:49:49+00:00,TSLAx,TSLA,False,10000,27.6241252,9989.6464,10.35,0.0,0.2072,TesseraV + Raydium CLMM + Riptide,Raydium CLMM + Riptide + Byreal,362.3236,1257157.0
2026-09-13T19:49:49+00:00,NVDAx,NVDA,False,100,0.46315641,99.9492,5.08,0.0,0.0371,Whirlpool,Whirlpool,215.3998,1842977.0
2026-09-13T19:49:49+00:00,NVDAx,NVDA,False,1000,4.63071993,999.0418,9.58,0.4608,0.0,Raydium CLMM,Riptide,215.3998,1842977.0
2026-09-13T19:49:49+00:00,NVDAx,NVDA,False,10000,46.30273244,9989.5041,10.5,0.4704,0.0,Riptide + Raydium CLMM,Whirlpool + Riptide,215.3998,1842977.0
2026-09-13T19:49:49+00:00,SPYx,SPY,False,100,0.13072227,99.9808,1.92,0.0,0.0278,Byreal,Whirlpool,760.5861,4022710.0
2026-09-13T19:49:49+00:00,SPYx,SPY,False,1000,1.30709266,999.6497,3.5,0.0,0.0747,Raydium CLMM,Whirlpool + Byreal + Raydium CLMM,760.5861,4022710.0
2026-09-13T19:49:49+00:00,SPYx,SPY,False,10000,13.06626967,9992.4458,7.55,0.0,0.0796,Whirlpool + Byreal + Raydium CLMM,Byreal + Riptide + Raydium CLMM,760.5861,4022710.0
2026-09-13T19:49:49+00:00,MSTRx,MSTR,False,100,0.76932335,99.91,9.0,0.1211,0.0,Riptide,Raydium CLMM,129.8547,751745.0
2026-09-13T19:49:49+00:00,MSTRx,MSTR,False,1000,7.6932335,998.999,10.01,0.1211,0.0,Riptide,Riptide,129.8547,751745.0
2026-09-13T19:49:49+00:00,MSTRx,MSTR,False,10000,76.91242466,9985.2816,14.72,0.1469,0.0003,Riptide,Riptide + Byreal + Raydium CLMM,129.8547,751745.0
2026-09-13T19:49:49+00:00,METAx,META,False,100,0.15486721,99.677,32.3,0.0019,0.3212,Whirlpool,Whirlpool,644.1264,228146.0
2026-09-13T19:49:49+00:00,METAx,META,False,1000,1.54844271,996.4747,35.25,0.0167,0.3359,Whirlpool,Whirlpool,644.1264,228146.0
2026-09-13T19:49:49+00:00,METAx,META,False,10000,15.46754952,9939.7176,60.28,0.1257,0.4778,Whirlpool + Raydium CLMM + Byreal,Byreal + Raydium CLMM + Whirlpool,644.1264,228146.0
2026-09-13T19:49:49+00:00,GOOGLx,GOOGL,False,100,0.29522542,99.8572,14.28,0.004,0.1388,Raydium CLMM,Meteora DLMM + Quantum,337.8573,344975.0
2026-09-13T19:49:49+00:00,GOOGLx,GOOGL,False,10000,29.50323481,9948.4329,51.57,0.0694,0.4466,Whirlpool + Byreal + Raydium CLMM,Whirlpool + Byreal + Meteora DLMM + TesseraV,337.8573,344975.0
2026-09-13T19:49:49+00:00,AMZNx,AMZN,False,100,0.39279208,99.5935,40.65,0.403,0.0036,Byreal,Byreal,253.5241,190377.0
2026-09-13T19:49:49+00:00,AMZNx,AMZN,False,1000,3.92668887,995.2872,47.13,0.4342,0.0372,Byreal,Byreal,253.5241,190377.0
2026-09-13T19:49:49+00:00,AMZNx,AMZN,False,10000,39.20292473,9911.3959,88.6,0.5964,0.2914,Byreal + Raydium CLMM,Raydium CLMM + Byreal,253.5241,190377.0
2026-09-13T20:05:25+00:00,AAPLx,AAPL,False,100,0.30125598,99.7879,21.21,0.0094,0.0062,Raydium CLMM,Raydium CLMM,330.7813,811302.0
2026-09-13T20:05:25+00:00,AAPLx,AAPL,False,1000,3.01090397,996.7852,32.15,0.2608,0.0609,Raydium CLMM,Whirlpool,330.7813,811302.0
2026-09-13T20:05:25+00:00,AAPLx,AAPL,False,10000,30.07316367,9951.1674,48.83,0.3796,0.1091,Raydium CLMM + Whirlpool + Byreal,Whirlpool + Byreal + Raydium CLMM,330.7813,811302.0
2026-09-13T20:05:25+00:00,TSLAx,TSLA,False,100,0.2761395,99.9567,4.33,0.0364,0.0068,Whirlpool,Riptide,361.9497,1256574.0
2026-09-13T20:05:25+00:00,TSLAx,TSLA,False,1000,2.7598289,999.0005,10.0,0.0931,0.0068,Riptide,Riptide,361.9497,1256574.0
2026-09-13T20:05:25+00:00,TSLAx,TSLA,False,10000,27.59844569,9989.0123,10.99,0.0926,0.0173,Riptide + Whirlpool,Riptide,361.9497,1256574.0
2026-09-13T20:05:25+00:00,NVDAx,NVDA,False,100,0.46278907,99.9474,5.26,0.2698,0.1484,Whirlpool,Riptide,215.5684,1868490.0
2026-09-13T20:05:25+00:00,NVDAx,NVDA,False,1000,4.62574165,999.0099,9.9,0.3342,0.0,Whirlpool,Riptide,215.5684,1868490.0
2026-09-13T20:05:25+00:00,NVDAx,NVDA,False,10000,46.25179136,9988.8838,11.12,0.3491,0.0,Riptide + Whirlpool,Riptide,215.5684,1868490.0
2026-09-13T20:05:25+00:00,SPYx,SPY,False,100,0.13061557,99.9854,1.46,0.326,0.0,Whirlpool,Raydium CLMM,758.6976,4110281.0
2026-09-13T20:05:25+00:00,SPYx,SPY,False,1000,1.30601965,999.7226,2.77,0.0,0.1911,Raydium CLMM,Byreal + AlphaQ + Raydium CLMM,758.6976,4110281.0
2026-09-13T20:05:25+00:00,SPYx,SPY,False,10000,13.05945815,9994.6004,5.4,0.0,0.2117,Raydium CLMM + Whirlpool + Riptide,Byreal + Riptide + Raydium CLMM,758.6976,4110281.0
2026-09-13T20:05:25+00:00,MSTRx,MSTR,False,100,0.76908169,99.9636,3.64,0.0,0.0387,Riptide,Raydium CLMM + GoonFi V2 + Byreal,130.0087,750807.0
2026-09-13T20:05:25+00:00,MSTRx,MSTR,False,1000,7.69081693,999.3681,6.32,0.0,0.0655,Riptide,Raydium CLMM + HumidiFi,130.0087,750807.0
2026-09-13T20:05:25+00:00,MSTRx,MSTR,False,10000,76.88900385,9986.3333,13.67,0.0226,0.1141,ZeroFi + Raydium CLMM + Riptide,Raydium CLMM + GoonFi V2 + Manifest + Riptide,130.0087,750807.0
2026-09-13T20:05:25+00:00,METAx,META,False,100,0.15485066,99.677,32.3,0.4503,0.0,Whirlpool,Whirlpool,641.3055,228766.0
2026-09-13T20:05:25+00:00,METAx,META,False,1000,1.54822933,996.4439,35.56,0.4681,0.0,Whirlpool,Whirlpool,641.3055,228766.0
2026-09-13T20:05:25+00:00,METAx,META,False,10000,15.46609298,9940.0601,59.94,0.5723,0.0273,Whirlpool + Byreal + Raydium CLMM,Raydium CLMM + Whirlpool + Byreal,641.3055,228766.0
2026-09-13T20:05:25+00:00,GOOGLx,GOOGL,False,100,0.29517852,99.7746,22.54,0.2174,0.008,Raydium CLMM,Meteora DLMM + BisonFi,337.1894,345617.0
2026-09-13T20:05:25+00:00,GOOGLx,GOOGL,False,1000,2.95145867,996.9358,30.64,0.2284,0.0782,Raydium CLMM,Meteora DLMM + Quantum,337.1894,345617.0
2026-09-13T20:05:25+00:00,GOOGLx,GOOGL,False,10000,29.49875944,9946.953,53.05,0.2819,0.2493,Whirlpool + Byreal + Raydium CLMM,Byreal + Meteora DLMM + BisonFi + Whirlpool,337.1894,345617.0
2026-09-13T20:05:25+00:00,AMZNx,AMZN,False,100,0.39284847,99.5935,40.65,0.0037,0.4028,Byreal,Byreal,254.5035,190500.0
2026-09-13T20:05:25+00:00,AMZNx,AMZN,False,1000,3.92725213,995.2444,47.56,0.0351,0.4406,Byreal,Byreal,254.5035,190500.0
2026-09-13T20:05:25+00:00,AMZNx,AMZN,False,10000,39.20318043,9912.4446,87.56,0.2116,0.6654,HumidiFi + Raydium CLMM + Byreal,Raydium CLMM + Quantum + Byreal,254.5035,190500.0
2026-09-13T20:21:00+00:00,AAPLx,AAPL,False,100,0.30139261,99.8031,19.69,0.0061,0.1909,Raydium CLMM,Raydium CLMM + HumidiFi,330.635,811173.0
2026-09-13T20:21:00+00:00,AAPLx,AAPL,False,1000,3.01226908,997.1724,28.28,0.061,0.2218,Raydium CLMM,Whirlpool,330.635,811173.0
2026-09-13T20:21:00+00:00,AAPLx,AAPL,False,10000,30.07760627,9952.4174,47.58,0.2106,0.2658,Whirlpool + Byreal + Raydium CLMM,Raydium CLMM + Byreal + Whirlpool,330.635,811173.0
2026-09-13T20:21:00+00:00,TSLAx,TSLA,False,100,0.27601187,99.9229,7.71,0.0328,0.0443,Whirlpool,Riptide,362.1222,1253867.0
2026-09-13T20:21:00+00:00,TSLAx,TSLA,False,1000,2.75948766,999.0005,10.0,0.0551,0.0449,Riptide,Riptide,362.1222,1253867.0
2026-09-13T20:21:00+00:00,TSLAx,TSLA,False,10000,27.59493975,9988.841,11.16,0.0549,0.0568,Riptide + Whirlpool,Riptide + Whirlpool,362.1222,1253867.0
2026-09-13T20:21:00+00:00,NVDAx,NVDA,False,100,0.46287602,99.9601,3.99,0.0059,0.0,Whirlpool,TaurusFi,215.6227,1849720.0
2026-09-13T20:21:00+00:00,NVDAx,NVDA,False,1000,4.62621055,999.031,9.69,0.1541,0.0,Whirlpool,Riptide,215.6227,1849720.0
2026-09-13T20:21:00+00:00,NVDAx,NVDA,False,10000,46.25649175,9989.1008,10.9,0.0683,0.0,Riptide + Whirlpool + TaurusFi,Riptide + TaurusFi,215.6227,1849720.0
2026-09-13T20:21:00+00:00,SPYx,SPY,False,100,0.13060832,99.9959,0.41,0.0,0.1812,Raydium CLMM,Whirlpool,762.5129,4083194.0
2026-09-13T20:21:00+00:00,SPYx,SPY,False,1000,1.30602982,999.8452,1.55,0.0,0.1929,Raydium CLMM,Whirlpool + AlphaQ + Byreal,762.5129,4083194.0
2026-09-13T20:21:00+00:00,SPYx,SPY,False,10000,13.05671136,9995.2138,4.79,0.0,0.0165,Byreal + Raydium CLMM + Riptide,Byreal + Whirlpool + Riptide,762.5129,4083194.0
2026-09-13T20:21:00+00:00,MSTRx,MSTR,False,100,0.76855257,99.9733,2.67,0.1029,0.0,Riptide,Raydium CLMM + Flux,129.9577,750805.0
2026-09-13T20:21:00+00:00,MSTRx,MSTR,False,1000,7.6863175,999.6377,3.62,0.0926,0.0,Riptide,Raydium CLMM + Quantum + SolFi V2,129.9577,750805.0
2026-09-13T20:21:00+00:00,MSTRx,MSTR,False,10000,76.84397864,9987.0295,12.97,0.1176,0.0121,ZeroFi + Raydium CLMM + Riptide,Riptide + Raydium CLMM + TesseraV + HumidiFi,129.9577,750805.0
2026-09-13T20:21:00+00:00,METAx,META,False,100,0.1548815,99.677,32.3,0.3203,0.0027,Whirlpool,Whirlpool,641.9969,228677.0
2026-09-13T20:21:00+00:00,METAx,META,False,1000,1.54858563,996.4747,35.25,0.3351,0.0175,Whirlpool,Whirlpool,641.9969,228677.0
2026-09-13T20:21:00+00:00,METAx,META,False,10000,15.46798085,9939.7476,60.25,0.4848,0.1183,Raydium CLMM + Whirlpool + Byreal,Meteora DLMM + TesseraV + Raydium CLMM + Whirlpool,641.9969,228677.0
2026-09-13T20:21:00+00:00,GOOGLx,GOOGL,False,100,0.29532271,99.6797,32.03,0.4589,0.0,BisonFi + Meteora DLMM,Whirlpool,336.1996,342630.0
2026-09-13T20:21:00+00:00,GOOGLx,GOOGL,False,1000,2.95222836,996.1709,38.29,0.4926,0.0,Whirlpool,Whirlpool,336.1996,342630.0
2026-09-13T20:21:00+00:00,GOOGLx,GOOGL,False,10000,29.49730033,9943.8932,56.11,0.5768,0.0,Raydium CLMM + Whirlpool + Byreal,Whirlpool + Raydium CLMM + Byreal,336.1996,342630.0
2026-09-13T20:21:00+00:00,AMZNx,AMZN,False,100,0.39290186,99.6347,36.53,0.3152,0.0503,Byreal,Raydium CLMM + Quantum,253.6693,189997.0
2026-09-13T20:21:00+00:00,AMZNx,AMZN,False,1000,3.92778583,995.184,48.16,0.3465,0.1356,Byreal,Byreal,253.6693,189997.0
2026-09-13T20:21:00+00:00,AMZNx,AMZN,False,10000,39.20743572,9912.3417,87.66,0.5251,0.3533,Byreal + GoonFi V2 + Raydium CLMM,Raydium CLMM + Byreal + HumidiFi,253.6693,189997.0
2026-09-13T20:36:40+00:00,AAPLx,AAPL,False,100,0.30092573,99.7879,21.21,0.2008,0.0113,Raydium CLMM,Raydium CLMM,330.4958,812643.0
2026-09-13T20:36:40+00:00,AAPLx,AAPL,False,1000,3.00766736,996.803,31.97,0.0,0.061,Whirlpool,Raydium CLMM,330.4958,812643.0
2026-09-13T20:36:40+00:00,AAPLx,AAPL,False,10000,30.05487938,9950.04,49.96,0.3312,0.169,Raydium CLMM + Byreal + Whirlpool,Whirlpool + Raydium CLMM,330.4958,812643.0
2026-09-13T20:36:40+00:00,TSLAx,TSLA,False,100,0.27597269,99.9274,7.26,0.0745,0.0,Whirlpool,Riptide,362.0145,1252538.0
2026-09-13T20:36:40+00:00,TSLAx,TSLA,False,1000,2.7589723,999.0005,10.0,0.1018,0.0,Riptide,Riptide,362.0145,1252538.0
2026-09-13T20:36:40+00:00,TSLAx,TSLA,False,10000,27.58979847,9988.7537,11.25,0.1016,0.0109,Whirlpool + Riptide,Whirlpool + Raydium CLMM + Riptide,362.0145,1252538.0
2026-09-13T20:36:40+00:00,NVDAx,NVDA,False,100,0.46272051,99.9479,5.21,0.0,0.0056,Whirlpool,Whirlpool,215.8862,1839984.0
2026-09-13T20:36:40+00:00,NVDAx,NVDA,False,1000,4.62535644,999.0005,10.0,0.0864,0.0135,Riptide,Riptide,215.8862,1839984.0
2026-09-13T20:36:40+00:00,NVDAx,NVDA,False,10000,46.25034666,9989.3218,10.68,0.0934,0.0134,TaurusFi + Whirlpool + Riptide,Riptide + TaurusFi + Whirlpool,215.8862,1839984.0
2026-09-13T20:36:40+00:00,SPYx,SPY,False,100,0.13059988,100.0245,-2.45,0.1376,0.0,Raydium CLMM,Scorch + Raydium CLMM + Quay,760.1516,4027863.0
2026-09-13T20:36:40+00:00,SPYx,SPY,False,1000,1.30594532,999.709,2.91,0.1417,0.0,Raydium CLMM,Raydium CLMM,760.1516,4027863.0
2026-09-13T20:36:40+00:00,SPYx,SPY,False,10000,13.05773211,9994.5895,5.41,0.1549,0.0,Riptide + Whirlpool + Raydium CLMM,Raydium CLMM + Riptide + Scorch + Flux + Quantum,760.1516,4027863.0
2026-09-13T20:36:40+00:00,MSTRx,MSTR,False,100,0.76896596,99.949,5.1,0.0,0.0593,Riptide,Raydium CLMM + BisonFi,130.0304,750062.0
2026-09-13T20:36:40+00:00,MSTRx,MSTR,False,1000,7.6896596,999.2062,7.94,0.0,0.0877,Riptide,Raydium CLMM + HumidiFi,130.0304,750062.0
2026-09-13T20:36:40+00:00,MSTRx,MSTR,False,10000,76.8772623,9986.1827,13.82,0.0168,0.1214,Riptide + ZeroFi + Raydium CLMM,Riptide + Raydium CLMM + BisonFi,130.0304,750062.0
2026-09-13T20:36:40+00:00,METAx,META,False,100,0.15486442,99.7577,24.23,0.0099,0.2325,Whirlpool,Meteora DLMM + BisonFi + SolFi V2,644.0559,228230.0
2026-09-13T20:36:40+00:00,METAx,META,False,1000,1.54837204,996.4283,35.72,0.0275,0.3298,Whirlpool,Whirlpool,644.0559,228230.0
2026-09-13T20:36:40+00:00,METAx,META,False,10000,15.46687341,9939.2628,60.74,0.1362,0.4718,Byreal + Raydium CLMM + Whirlpool,Raydium CLMM + Meteora DLMM + HumidiFi + Whirlpool,644.0559,228230.0
2026-09-13T20:36:40+00:00,GOOGLx,GOOGL,False,100,0.29495471,99.7062,29.38,0.3548,0.0,Flux + Meteora DLMM,Whirlpool,336.965,359014.0
2026-09-13T20:36:40+00:00,GOOGLx,GOOGL,False,1000,2.94804973,996.2537,37.46,0.4054,0.0,Raydium CLMM,Whirlpool,336.965,359014.0
2026-09-13T20:36:40+00:00,GOOGLx,GOOGL,False,10000,29.46581399,9944.7391,55.26,0.455,0.098,Raydium CLMM + Whirlpool + Byreal,Byreal + Raydium CLMM + Whirlpool,336.965,359014.0
2026-09-13T20:36:40+00:00,AMZNx,AMZN,False,100,0.39288176,99.6338,36.62,0.0031,0.3631,Byreal,Raydium CLMM + BisonFi,254.4717,190051.0
2026-09-13T20:36:40+00:00,AMZNx,AMZN,False,1000,3.92758488,995.209,47.91,0.0345,0.4447,Byreal,Byreal,254.4717,190051.0
2026-09-13T20:36:40+00:00,AMZNx,AMZN,False,10000,39.20576648,9912.2785,87.72,0.2129,0.6657,Raydium CLMM + Byreal,Byreal + Raydium CLMM + HumidiFi,254.4717,190051.0
2026-09-13T20:52:19+00:00,AAPLx,AAPL,False,100,0.30099081,99.7879,21.21,0.0142,0.198,Raydium CLMM,Raydium CLMM,331.0359,816778.0
2026-09-13T20:52:19+00:00,AAPLx,AAPL,False,1000,3.00825444,996.996,30.04,0.0691,0.2315,Raydium CLMM,Whirlpool,331.0359,816778.0
2026-09-13T20:52:19+00:00,AAPLx,AAPL,False,10000,30.04697677,9949.0531,50.95,0.1872,0.3228,Raydium CLMM + Whirlpool,Byreal + Raydium CLMM + Whirlpool,331.0359,816778.0
2026-09-13T20:52:19+00:00,TSLAx,TSLA,False,100,0.27584302,99.9881,1.19,0.0,0.5386,Riptide,Raydium CLMM + HumidiFi,363.9944,1254006.0
2026-09-13T20:52:19+00:00,TSLAx,TSLA,False,1000,2.75843021,999.1999,8.0,0.0,0.6063,Riptide,Whirlpool + Riptide + Raydium CLMM + Quantum,363.9944,1254006.0
2026-09-13T20:52:19+00:00,NVDAx,NVDA,False,100,0.46288442,99.9622,3.78,0.0413,0.0,Whirlpool,Whirlpool + HumidiFi,215.5346,1835527.0
2026-09-13T20:52:19+00:00,NVDAx,NVDA,False,1000,4.62703074,999.001,9.99,0.0805,0.0194,Riptide,Riptide,215.5346,1835527.0
2026-09-13T20:52:19+00:00,NVDAx,NVDA,False,10000,46.26750079,9989.4249,10.58,0.0865,0.0192,TaurusFi + Riptide + Whirlpool,Whirlpool + HumidiFi + Riptide,215.5346,1835527.0
2026-09-13T20:52:19+00:00,SPYx,SPY,False,100,0.13059898,99.9826,1.74,0.0433,0.0,Raydium CLMM,Byreal,760.8972,4047922.0
2026-09-13T20:52:19+00:00,SPYx,SPY,False,1000,1.30593631,999.709,2.91,0.0524,0.0,Raydium CLMM,Raydium CLMM,760.8972,4047922.0
2026-09-13T20:52:19+00:00,SPYx,SPY,False,10000,13.05684446,9994.6563,5.34,0.0717,0.0,Raydium CLMM + Byreal + Riptide,Riptide + Raydium CLMM,760.8972,4047922.0
2026-09-13T20:52:19+00:00,MSTRx,MSTR,False,100,0.7681723,99.9,10.0,0.1115,0.0,Riptide,Riptide,130.0061,750524.0
2026-09-13T20:52:19+00:00,MSTRx,MSTR,False,1000,7.68172307,999.0005,10.0,0.1115,0.0,Riptide,Riptide,130.0061,750524.0
2026-09-13T20:52:19+00:00,MSTRx,MSTR,False,10000,76.79759655,9985.5687,14.43,0.1371,0.0072,ZeroFi + Raydium CLMM + Riptide,Riptide + Raydium CLMM + BisonFi + Quantum,130.0061,750524.0
2026-09-13T20:52:19+00:00,METAx,META,False,100,0.15488646,99.6766,32.34,0.002,0.3214,Whirlpool,Whirlpool,644.0036,228865.0
2026-09-13T20:52:19+00:00,METAx,META,False,1000,1.54861108,996.4403,35.6,0.0183,0.3377,Whirlpool,Whirlpool,644.0036,228865.0
2026-09-13T20:52:19+00:00,METAx,META,False,10000,15.46603887,9938.4268,61.57,0.1479,0.4685,Raydium CLMM + Whirlpool + Byreal,Whirlpool + Meteora DLMM + Quantum + Raydium CLMM,644.0036,228865.0
2026-09-13T20:52:19+00:00,GOOGLx,GOOGL,False,100,0.2953124,99.6738,32.62,0.3227,0.0035,Whirlpool,Whirlpool,336.6594,343915.0
2026-09-13T20:52:19+00:00,GOOGLx,GOOGL,False,1000,2.95229268,996.1653,38.35,0.3507,0.0329,Whirlpool,Whirlpool,336.6594,343915.0
2026-09-13T20:52:19+00:00,GOOGLx,GOOGL,False,10000,29.49100705,9944.0426,55.96,0.4585,0.1016,Whirlpool + Byreal + Raydium CLMM,Byreal + Raydium CLMM + Whirlpool,336.6594,343915.0
2026-09-13T20:52:19+00:00,AMZNx,AMZN,False,100,0.39161175,99.5935,40.65,0.0058,0.503,Byreal,Raydium CLMM,255.2855,207875.0
2026-09-13T20:52:19+00:00,AMZNx,AMZN,False,1000,3.91410733,995.0373,49.63,0.0563,0.4402,Byreal,Raydium CLMM,255.2855,207875.0
2026-09-13T20:52:19+00:00,AMZNx,AMZN,False,10000,39.10381405,9925.5281,74.47,0.1514,0.5942,Byreal + Raydium CLMM,Byreal + Raydium CLMM + BisonFi,255.2855,207875.0
2026-09-13T21:07:54+00:00,AAPLx,AAPL,False,100,0.30124335,99.7879,21.21,0.221,0.0,Raydium CLMM,Raydium CLMM,330.1486,810012.0
2026-09-13T21:07:54+00:00,AAPLx,AAPL,False,1000,3.0106674,997.0222,29.78,0.0629,0.235,Raydium CLMM,Whirlpool,330.1486,810012.0
2026-09-13T21:07:54+00:00,AAPLx,AAPL,False,10000,30.0651665,9950.6155,49.38,0.2007,0.2938,Byreal + Whirlpool + Raydium CLMM,Raydium CLMM + Byreal + Whirlpool,330.1486,810012.0
2026-09-13T21:07:54+00:00,TSLAx,TSLA,False,100,0.27604937,99.9668,3.32,0.0758,0.0,Whirlpool,Riptide,361.9058,1253947.0
2026-09-13T21:07:54+00:00,TSLAx,TSLA,False,1000,2.7586577,999.0005,10.0,0.149,0.0,Riptide,Riptide,361.9058,1253947.0
2026-09-13T21:07:54+00:00,TSLAx,TSLA,False,10000,27.58711173,9988.9499,11.05,0.1471,0.0,Whirlpool + Quantum + Raydium CLMM + Riptide,Riptide,361.9058,1253947.0
2026-09-13T21:07:54+00:00,NVDAx,NVDA,False,100,0.46296351,99.967,3.3,0.0,0.2198,Whirlpool,Riptide,214.9081,1831692.0
2026-09-13T21:07:54+00:00,NVDAx,NVDA,False,1000,4.62723042,999.1512,8.49,0.0,0.2192,Whirlpool,Riptide,214.9081,1831692.0
2026-09-13T21:07:54+00:00,NVDAx,NVDA,False,10000,46.26378125,9989.6671,10.33,0.0703,0.1188,Riptide + Whirlpool,Riptide,214.9081,1831692.0
2026-09-13T21:07:54+00:00,SPYx,SPY,False,100,0.13067262,100.0018,-0.18,0.0898,0.0,Riptide,Scorch + Manifest,760.0859,4012309.0
2026-09-13T21:07:54+00:00,SPYx,SPY,False,1000,1.30672624,999.9292,0.71,0.0898,0.0,Riptide,Raydium CLMM,760.0859,4012309.0
2026-09-13T21:07:54+00:00,SPYx,SPY,False,10000,13.06726243,9995.8825,4.12,0.1299,0.0,Riptide,Byreal + Riptide + Raydium CLMM,760.0859,4012309.0
2026-09-13T21:07:54+00:00,MSTRx,MSTR,False,100,0.7684749,99.9027,9.73,0.1716,0.0,ZeroFi + Raydium CLMM,Riptide,129.8783,749850.0
2026-09-13T21:07:54+00:00,MSTRx,MSTR,False,1000,7.68454689,999.0328,9.67,0.1742,0.0,Riptide,Riptide,129.8783,749850.0
2026-09-13T21:07:54+00:00,MSTRx,MSTR,False,10000,76.82437553,9985.5678,14.43,0.2016,0.0,Riptide + ZeroFi + Raydium CLMM,Riptide,129.8783,749850.0
2026-09-13T21:07:54+00:00,METAx,META,False,100,0.15490093,99.6766,32.34,0.3218,0.0016,Whirlpool,Whirlpool,641.8924,226427.0
2026-09-13T21:07:54+00:00,METAx,META,False,1000,1.54875581,996.4403,35.6,0.3381,0.0179,Whirlpool,Whirlpool,641.8924,226427.0
2026-09-13T21:07:54+00:00,METAx,META,False,10000,15.46698506,9937.9149,62.09,0.4705,0.1511,Whirlpool + Raydium CLMM + Byreal,Raydium CLMM + Byreal + Whirlpool,641.8924,226427.0
2026-09-13T21:07:54+00:00,GOOGLx,GOOGL,False,100,0.29507621,99.7152,28.48,0.2814,0.0034,Flux + Meteora DLMM,Whirlpool,337.0723,348568.0
2026-09-13T21:07:54+00:00,GOOGLx,GOOGL,False,1000,2.94875656,996.1007,38.99,0.3492,0.0409,Byreal,Whirlpool,337.0723,348568.0
2026-09-13T21:07:54+00:00,GOOGLx,GOOGL,False,10000,29.47201302,9944.0939,55.91,0.4017,0.158,Whirlpool + Byreal + Raydium CLMM,Byreal + Raydium CLMM + Whirlpool,337.0723,348568.0
2026-09-13T21:07:54+00:00,AMZNx,AMZN,False,100,0.39150956,99.6366,36.34,0.0,0.3602,Byreal,Meteora DLMM + HumidiFi,253.9308,226275.0
2026-09-13T21:07:54+00:00,AMZNx,AMZN,False,1000,3.91391463,996.0606,39.39,0.0201,0.3618,Byreal,Meteora DLMM + Flux,253.9308,226275.0
2026-09-13T21:07:54+00:00,AMZNx,AMZN,False,10000,39.11407792,9942.2832,57.72,0.0963,0.4766,Byreal + Raydium CLMM + Quantum + Meteora DLMM,Meteora DLMM + BisonFi + Byreal + Raydium CLMM,253.9308,226275.0
2026-09-13T21:23:32+00:00,AAPLx,AAPL,False,100,0.30130087,99.7913,20.87,0.2028,0.0059,Raydium CLMM,Whirlpool,330.0744,809362.0
2026-09-13T21:23:32+00:00,AAPLx,AAPL,False,1000,3.01135245,997.1996,28.0,0.2577,0.0224,Raydium CLMM,Whirlpool,330.0744,809362.0
2026-09-13T21:23:32+00:00,AAPLx,AAPL,False,10000,30.06783445,9951.2821,48.72,0.409,0.0785,Byreal + Raydium CLMM + Whirlpool,Byreal + Raydium CLMM + Whirlpool,330.0744,809362.0
2026-09-13T21:23:32+00:00,TSLAx,TSLA,False,100,0.27588204,99.9404,5.96,0.0372,0.0224,Whirlpool,Riptide,362.2652,1253551.0
2026-09-13T21:23:32+00:00,TSLAx,TSLA,False,1000,2.7577058,999.0005,10.0,0.0776,0.0224,Riptide,Riptide,362.2652,1253551.0
2026-09-13T21:23:32+00:00,TSLAx,TSLA,False,10000,27.5787721,9988.7751,11.22,0.0713,0.0409,Riptide + Whirlpool,Whirlpool + Riptide,362.2652,1253551.0
2026-09-13T21:23:32+00:00,NVDAx,NVDA,False,100,0.46258254,99.9671,3.29,0.0712,0.0,Riptide,Raydium CLMM + HumidiFi,215.5751,1848866.0
2026-09-13T21:23:32+00:00,NVDAx,NVDA,False,1000,4.62582549,999.7279,2.72,0.0,0.46,Riptide,Whirlpool + Raydium CLMM + HumidiFi,215.5751,1848866.0
2026-09-13T21:23:32+00:00,NVDAx,NVDA,False,10000,46.25349365,9989.7181,10.28,0.0528,0.1327,Whirlpool + Riptide,Riptide + Raydium CLMM + HumidiFi,215.5751,1848866.0
2026-09-13T21:23:32+00:00,SPYx,SPY,False,100,0.13052,100.0007,-0.07,0.0,0.0,Scorch,Byreal,761.8046,4129437.0
2026-09-13T21:23:32+00:00,SPYx,SPY,False,1000,1.305156,999.9195,0.8,0.1809,0.0,Riptide,Raydium CLMM,761.8046,4129437.0
2026-09-13T21:23:32+00:00,SPYx,SPY,False,10000,13.05140546,9996.4858,3.51,0.0028,0.0323,Riptide + Raydium CLMM + Scorch,Raydium CLMM + Whirlpool + Byreal,761.8046,4129437.0
2026-09-13T21:23:32+00:00,MSTRx,MSTR,False,100,0.76801288,99.902,9.8,0.1288,0.0,ZeroFi + Raydium CLMM,Riptide,130.0119,749595.0
2026-09-13T21:23:32+00:00,MSTRx,MSTR,False,1000,7.67997797,999.0005,10.0,0.1307,0.0,Riptide,Riptide,130.0119,749595.0
2026-09-13T21:23:32+00:00,MSTRx,MSTR,False,10000,76.78016115,9985.5725,14.43,0.1563,0.0,Riptide + ZeroFi + Raydium CLMM,Riptide,130.0119,749595.0
2026-09-13T21:23:32+00:00,METAx,META,False,100,0.15467167,99.6764,32.36,0.3208,0.0028,Whirlpool,Whirlpool,642.8481,233822.0
2026-09-13T21:23:32+00:00,METAx,META,False,1000,1.54646372,996.4386,35.61,0.3371,0.0191,Whirlpool,Whirlpool,642.8481,233822.0
2026-09-13T21:23:32+00:00,METAx,META,False,10000,15.44941147,9940.7035,59.3,0.4352,0.1585,Byreal + Raydium CLMM + Whirlpool,Byreal + Whirlpool + Raydium CLMM,642.8481,233822.0
2026-09-13T21:23:32+00:00,GOOGLx,GOOGL,False,100,0.29510936,99.6738,32.62,0.3231,0.0031,Whirlpool,Whirlpool,336.8929,352327.0
2026-09-13T21:23:32+00:00,GOOGLx,GOOGL,False,1000,2.95013679,996.1409,38.59,0.3554,0.0306,Whirlpool,Byreal,336.8929,352327.0
2026-09-13T21:23:32+00:00,GOOGLx,GOOGL,False,10000,29.4738241,9944.0728,55.93,0.4484,0.1113,Whirlpool + Raydium CLMM + Byreal,Raydium CLMM + Whirlpool + Byreal,336.8929,352327.0
2026-09-13T21:23:32+00:00,AMZNx,AMZN,False,100,0.39146058,99.639,36.1,0.5014,0.0,Raydium CLMM,Manifest,255.3912,225377.0
2026-09-13T21:23:32+00:00,AMZNx,AMZN,False,1000,3.91361913,995.5043,44.96,0.5308,0.426,Raydium CLMM,Byreal,255.3912,225377.0
2026-09-13T21:23:32+00:00,AMZNx,AMZN,False,10000,39.11638504,9938.7463,61.25,0.0743,0.5488,Byreal + Raydium CLMM + BisonFi + Meteora DLMM,Raydium CLMM + Byreal + Meteora DLMM + BisonFi,255.3912,225377.0
2026-09-13T21:39:09+00:00,AAPLx,AAPL,False,100,0.30122288,99.8674,13.26,0.1948,0.0,Raydium CLMM,Whirlpool,330.1944,820900.0
2026-09-13T21:39:09+00:00,AAPLx,AAPL,False,1000,3.01057326,997.9293,20.71,0.2497,0.0,Raydium CLMM,Whirlpool,330.1944,820900.0
2026-09-13T21:39:09+00:00,AAPLx,AAPL,False,10000,30.05258294,9950.6557,49.34,0.4258,0.1319,Byreal + Raydium CLMM + Whirlpool,Raydium CLMM + Whirlpool + Byreal,330.1944,820900.0
2026-09-13T21:39:09+00:00,TSLAx,TSLA,False,100,0.2759543,99.9487,5.13,0.0748,0.0,Whirlpool,Riptide,362.0426,1251961.0
2026-09-13T21:39:09+00:00,TSLAx,TSLA,False,1000,2.75819884,999.0005,10.0,0.1235,0.0,Riptide,Riptide,362.0426,1251961.0
2026-09-13T21:39:09+00:00,TSLAx,TSLA,False,10000,27.5821229,9988.766,11.23,0.123,0.0,Riptide + Whirlpool,Riptide,362.0426,1251961.0
2026-09-13T21:39:09+00:00,NVDAx,NVDA,False,100,0.46235072,99.9432,5.68,0.2552,0.0,Whirlpool,Riptide,216.4111,1877976.0
2026-09-13T21:39:09+00:00,NVDAx,NVDA,False,1000,4.62132009,998.2417,17.58,0.3053,0.0,Whirlpool,Whirlpool,216.4111,1877976.0
2026-09-13T21:39:09+00:00,NVDAx,NVDA,False,10000,46.21138774,9989.2039,10.8,0.2115,0.0533,Raydium CLMM + Riptide + Whirlpool,Riptide,216.4111,1877976.0
2026-09-13T21:39:09+00:00,SPYx,SPY,False,100,0.13050037,99.9817,1.83,0.1871,0.0,Riptide,Byreal,760.3648,4195507.0
2026-09-13T21:39:09+00:00,SPYx,SPY,False,1000,1.30500371,999.7657,2.34,0.1871,0.0,Riptide,Raydium CLMM,760.3648,4195507.0
2026-09-13T21:39:09+00:00,SPYx,SPY,False,10000,13.04995258,9995.3438,4.66,0.1878,0.0,Raydium CLMM + Whirlpool + Riptide,Whirlpool + Byreal + Raydium CLMM,760.3648,4195507.0
2026-09-13T21:39:09+00:00,MSTRx,MSTR,False,100,0.76815828,99.9,10.0,0.0,0.1902,Riptide,Riptide,130.2757,749538.0
2026-09-13T21:39:09+00:00,MSTRx,MSTR,False,1000,7.68158283,999.0005,10.0,0.0,0.1902,Riptide,Riptide,130.2757,749538.0
2026-09-13T21:39:09+00:00,MSTRx,MSTR,False,10000,76.79620936,9985.4591,14.54,0.0,0.2101,ZeroFi + Raydium CLMM + Riptide,Riptide,130.2757,749538.0
2026-09-13T21:39:09+00:00,METAx,META,False,100,0.15464566,99.6766,32.34,0.3226,0.0008,Whirlpool,Whirlpool,642.96,233927.0
2026-09-13T21:39:09+00:00,METAx,META,False,1000,1.5462037,996.4406,35.59,0.3389,0.0171,Whirlpool,Whirlpool,642.96,233927.0
2026-09-13T21:39:09+00:00,METAx,META,False,10000,15.44786114,9941.0462,58.95,0.4302,0.16,Whirlpool + Byreal + Raydium CLMM,Whirlpool + Raydium CLMM + Byreal,642.96,233927.0
2026-09-13T21:39:09+00:00,GOOGLx,GOOGL,False,100,0.29518896,99.674,32.6,0.3083,0.0178,Whirlpool,Whirlpool,336.8602,350159.0
2026-09-13T21:39:09+00:00,GOOGLx,GOOGL,False,1000,2.95105883,996.1798,38.2,0.3363,0.0459,Whirlpool,Whirlpool,336.8602,350159.0
2026-09-13T21:39:09+00:00,GOOGLx,GOOGL,False,10000,29.48180455,9945.2442,54.76,0.4335,0.1145,Whirlpool + Raydium CLMM + BisonFi + Meteora DLMM,Whirlpool + Byreal + Raydium CLMM,336.8602,350159.0
2026-09-13T21:39:09+00:00,AMZNx,AMZN,False,100,0.39178624,99.7228,27.72,0.0,0.4205,Quantum + Raydium CLMM,Manifest,255.1711,235690.0
2026-09-13T21:39:09+00:00,AMZNx,AMZN,False,1000,3.91452772,995.7543,42.46,0.0,0.4847,Byreal,Raydium CLMM + Byreal + Manifest,255.1711,235690.0
2026-09-13T21:39:09+00:00,AMZNx,AMZN,False,10000,39.1151295,9937.6801,62.32,0.0167,0.496,HumidiFi + Raydium CLMM + Byreal,Raydium CLMM + Byreal,255.1711,235690.0
2026-09-13T21:54:45+00:00,AAPLx,AAPL,False,100,0.3008749,99.7879,21.21,0.2065,0.0056,Raydium CLMM,Raydium CLMM,330.5355,821530.0
2026-09-13T21:54:45+00:00,AAPLx,AAPL,False,1000,3.00709628,996.7841,32.16,0.2614,0.0604,Raydium CLMM,Raydium CLMM,330.5355,821530.0
2026-09-13T21:54:45+00:00,AAPLx,AAPL,False,10000,30.04474071,9948.301,51.7,0.3483,0.1692,Byreal + Whirlpool + Raydium CLMM,Raydium CLMM + Whirlpool,330.5355,821530.0
2026-09-13T21:54:45+00:00,TSLAx,TSLA,False,100,0.27558981,99.9625,3.75,0.1158,0.0,Whirlpool,Riptide,362.3706,1262036.0
2026-09-13T21:54:45+00:00,TSLAx,TSLA,False,1000,2.75417723,999.0005,10.0,0.1782,0.0,Riptide,Riptide,362.3706,1262036.0
2026-09-13T21:54:45+00:00,TSLAx,TSLA,False,10000,27.54201197,9989.0652,10.93,0.1773,0.0,Flux + Raydium CLMM + Whirlpool + Riptide,Riptide,362.3706,1262036.0
2026-09-13T21:54:45+00:00,NVDAx,NVDA,False,100,0.46221541,99.9592,4.08,0.0,0.1716,Riptide,Whirlpool,216.2201,1873172.0
2026-09-13T21:54:45+00:00,NVDAx,NVDA,False,1000,4.62214954,999.0794,9.21,0.3693,0.0,Riptide,Whirlpool,216.2201,1873172.0
2026-09-13T21:54:45+00:00,NVDAx,NVDA,False,10000,46.21569247,9988.9581,11.04,0.0,0.229,TaurusFi + Whirlpool + Riptide,Whirlpool + TaurusFi + Riptide,216.2201,1873172.0
2026-09-13T21:54:45+00:00,SPYx,SPY,False,100,0.13044696,99.9841,1.59,0.0154,0.0005,Byreal,Raydium CLMM,761.9805,4262764.0
2026-09-13T21:54:45+00:00,SPYx,SPY,False,1000,1.3043638,999.7275,2.73,0.2003,0.0,Raydium CLMM,Raydium CLMM,761.9805,4262764.0
2026-09-13T21:54:45+00:00,SPYx,SPY,False,10000,13.04311975,9995.6256,4.37,0.0277,0.0161,Raydium CLMM + Byreal,Riptide + Whirlpool + Raydium CLMM,761.9805,4262764.0
2026-09-13T21:54:45+00:00,MSTRx,MSTR,False,100,0.76813054,99.9,10.0,0.0993,0.0007,Riptide,Riptide,130.1709,749064.0
2026-09-13T21:54:45+00:00,MSTRx,MSTR,False,1000,7.68130542,999.0005,10.0,0.0993,0.0007,Riptide,Riptide,130.1709,749064.0
2026-09-13T21:54:45+00:00,MSTRx,MSTR,False,10000,76.78443657,9984.2794,15.72,0.1365,0.0208,Riptide + Raydium CLMM,Riptide,130.1709,749064.0
2026-09-13T21:54:45+00:00,METAx,META,False,100,0.15463084,99.6766,32.34,0.0018,0.3214,Whirlpool,Whirlpool,645.0874,234847.0
2026-09-13T21:54:45+00:00,METAx,META,False,1000,1.5460555,996.4406,35.59,0.0183,0.3377,Whirlpool,Whirlpool,645.0874,234847.0
2026-09-13T21:54:45+00:00,METAx,META,False,10000,15.44644875,9940.5896,59.41,0.1096,0.4851,Whirlpool + Byreal + Raydium CLMM,Raydium CLMM + Whirlpool,645.0874,234847.0
2026-09-13T21:54:45+00:00,GOOGLx,GOOGL,False,100,0.29527572,99.6854,31.46,0.3588,0.0,Whirlpool,Byreal,336.5894,349014.0
2026-09-13T21:54:45+00:00,GOOGLx,GOOGL,False,1000,2.95192601,996.3079,36.92,0.3868,0.0,Whirlpool,Byreal,336.5894,349014.0
2026-09-13T21:54:45+00:00,GOOGLx,GOOGL,False,10000,29.48573788,9945.4939,54.51,0.4999,0.0454,Whirlpool + Raydium CLMM + HumidiFi + Meteora DLMM,Byreal + Raydium CLMM + Whirlpool,336.5894,349014.0
2026-09-13T21:54:45+00:00,AMZNx,AMZN,False,100,0.39152491,99.6431,35.69,0.0035,0.3534,Byreal,Manifest,255.5168,237640.0
2026-09-13T21:54:45+00:00,AMZNx,AMZN,False,1000,3.91429292,995.7327,42.67,0.372,0.4131,Byreal,Byreal,255.5168,237640.0
2026-09-13T21:54:45+00:00,AMZNx,AMZN,False,10000,39.10860324,9938.7517,61.25,0.1013,0.5117,Byreal + Manifest + Raydium CLMM,Raydium CLMM + Byreal + Manifest,255.5168,237640.0
2026-09-13T22:10:21+00:00,AAPLx,AAPL,False,100,0.3012788,99.7879,21.21,0.0,0.2808,Raydium CLMM,Raydium CLMM,330.7458,820122.0
2026-09-13T22:10:21+00:00,AAPLx,AAPL,False,1000,3.01113191,996.9397,30.6,0.0,0.3202,Raydium CLMM,Byreal,330.7458,820122.0
2026-09-13T22:10:21+00:00,AAPLx,AAPL,False,10000,30.07456757,9952.1008,47.9,0.4276,0.0516,Raydium CLMM + Byreal + Whirlpool,Raydium CLMM + Byreal + Whirlpool,330.7458,820122.0
2026-09-13T22:10:21+00:00,TSLAx,TSLA,False,100,0.27633089,99.927,7.3,0.0932,0.0,Whirlpool,Riptide,361.4814,1253063.0
2026-09-13T22:10:21+00:00,TSLAx,TSLA,False,1000,2.76256349,999.0005,10.0,0.1201,0.0,Riptide,Riptide,361.4814,1253063.0
2026-09-13T22:10:21+00:00,TSLAx,TSLA,False,10000,27.6276124,9989.3124,10.69,0.113,0.0,Whirlpool + Riptide,Raydium CLMM + Riptide + Byreal,361.4814,1253063.0
2026-09-13T22:10:21+00:00,NVDAx,NVDA,False,100,0.46439257,99.966,3.4,0.0943,0.0621,Riptide,Whirlpool,214.7271,1849968.0
2026-09-13T22:10:21+00:00,NVDAx,NVDA,False,1000,4.64392574,999.001,9.99,0.0521,0.0479,Riptide,Riptide,214.7271,1849968.0
2026-09-13T22:10:21+00:00,NVDAx,NVDA,False,10000,46.43191422,9988.436,11.56,0.0679,0.0478,Whirlpool + Riptide + TaurusFi,Raydium CLMM + Riptide,214.7271,1849968.0
2026-09-13T22:10:21+00:00,SPYx,SPY,False,100,0.13081,99.9951,0.49,0.0,0.0114,Quay + Scorch,Raydium CLMM,760.0335,3967030.0
2026-09-13T22:10:21+00:00,SPYx,SPY,False,1000,1.3080705,999.8221,1.78,0.0059,0.0323,Riptide,Raydium CLMM,760.0335,3967030.0
2026-09-13T22:10:21+00:00,SPYx,SPY,False,10000,13.08067515,9997.9017,2.1,0.0373,0.0,Riptide + Raydium CLMM,Byreal + Raydium CLMM + Whirlpool,760.0335,3967030.0
2026-09-13T22:10:21+00:00,MSTRx,MSTR,False,100,0.77447264,99.8878,11.22,0.0457,0.0665,Riptide,Byreal,129.0374,747735.0
2026-09-13T22:10:21+00:00,MSTRx,MSTR,False,1000,7.74586082,999.2018,7.98,0.0311,0.0488,Riptide,Riptide,129.0374,747735.0
2026-09-13T22:10:21+00:00,MSTRx,MSTR,False,10000,77.41299676,9987.6165,12.38,0.0899,0.0339,Riptide,Riptide,129.0374,747735.0
2026-09-13T22:10:21+00:00,METAx,META,False,100,0.15473522,99.6764,32.36,0.0034,0.3202,Whirlpool,Whirlpool,644.6429,234665.0
2026-09-13T22:10:21+00:00,METAx,META,False,1000,1.54709907,996.4385,35.62,0.0198,0.3364,Whirlpool,Whirlpool,644.6429,234665.0
2026-09-13T22:10:21+00:00,METAx,META,False,10000,15.45193836,9940.1761,59.82,0.1429,0.456,Raydium CLMM + Whirlpool + Byreal,Byreal + Raydium CLMM + Whirlpool,644.6429,234665.0
2026-09-13T22:10:21+00:00,GOOGLx,GOOGL,False,100,0.29543564,99.7205,27.95,0.2418,0.0378,Whirlpool,Meteora DLMM + Quantum,336.6997,355719.0
2026-09-13T22:10:21+00:00,GOOGLx,GOOGL,False,1000,2.95352451,996.5662,34.34,0.2699,0.0737,Whirlpool,Raydium CLMM,336.6997,355719.0
2026-09-13T22:10:21+00:00,GOOGLx,GOOGL,False,10000,29.49847178,9946.9196,53.08,0.394,0.1373,BisonFi + Meteora DLMM + Byreal + Whirlpool,Byreal + Whirlpool + Raydium CLMM,336.6997,355719.0
2026-09-13T22:10:21+00:00,AMZNx,AMZN,False,100,0.39277297,99.6931,30.69,0.3056,0.0013,Manifest,Raydium CLMM,253.7753,225610.0
2026-09-13T22:10:21+00:00,AMZNx,AMZN,False,1000,3.92750744,996.591,34.09,0.3113,0.0297,Manifest,Raydium CLMM,253.7753,225610.0
2026-09-13T22:10:21+00:00,AMZNx,AMZN,False,10000,39.18735243,9931.0266,68.97,0.5339,0.1567,Byreal + Manifest + Raydium CLMM,Byreal + Raydium CLMM + HumidiFi,253.7753,225610.0
2026-09-13T22:25:56+00:00,AAPLx,AAPL,False,100,0.30137687,99.7879,21.21,0.2028,0.0093,Raydium CLMM,Raydium CLMM,330.0019,812362.0
2026-09-13T22:25:56+00:00,AAPLx,AAPL,False,1000,3.01211188,997.1489,28.51,0.2577,0.0275,Raydium CLMM,Raydium CLMM,330.0019,812362.0
2026-09-13T22:25:56+00:00,AAPLx,AAPL,False,10000,30.08503799,9954.2124,45.79,0.3771,0.081,Whirlpool + Raydium CLMM + TesseraV,Whirlpool + Raydium CLMM + Byreal,330.0019,812362.0
2026-09-13T22:25:56+00:00,TSLAx,TSLA,False,100,0.2761072,99.9,10.0,0.0,0.1262,Riptide,Riptide,362.211,1255553.0
2026-09-13T22:25:56+00:00,TSLAx,TSLA,False,1000,2.76107207,999.0018,9.98,0.0,0.126,Riptide,Riptide + Whirlpool,362.211,1255553.0
2026-09-13T22:25:56+00:00,TSLAx,TSLA,False,10000,27.61077605,9989.0759,10.92,0.0,0.1367,Riptide,Riptide + Whirlpool,362.211,1255553.0
2026-09-13T22:25:56+00:00,NVDAx,NVDA,False,100,0.46377947,99.9593,4.07,0.0084,0.0323,Whirlpool,Riptide,215.1962,1840274.0
2026-09-13T22:25:56+00:00,NVDAx,NVDA,False,1000,4.63689154,999.398,6.02,0.0279,0.0323,Raydium CLMM,Riptide,215.1962,1840274.0
2026-09-13T22:25:56+00:00,NVDAx,NVDA,False,10000,46.35387465,9990.7523,9.25,0.0603,0.0322,Riptide + Whirlpool + Raydium CLMM,Riptide,215.1962,1840274.0
2026-09-13T22:25:56+00:00,SPYx,SPY,False,100,0.13074062,99.9942,0.58,0.0092,0.0,Raydium CLMM,Whirlpool,760.3185,3879303.0
2026-09-13T22:25:56+00:00,SPYx,SPY,False,1000,1.30734673,999.7468,2.53,0.0137,0.0116,Raydium CLMM,Riptide,760.3185,3879303.0
2026-09-13T22:25:56+00:00,SPYx,SPY,False,10000,13.07021115,9995.0145,4.99,0.0386,0.0112,Raydium CLMM + Byreal + Riptide,Whirlpool + Riptide,760.3185,3879303.0
2026-09-13T22:25:56+00:00,MSTRx,MSTR,False,100,0.77566169,99.8612,13.88,0.0657,0.0732,Riptide,Riptide,128.814,745669.0
2026-09-13T22:25:56+00:00,MSTRx,MSTR,False,1000,7.7596382,999.0005,10.0,0.0268,0.0732,Riptide,Riptide,128.814,745669.0
2026-09-13T22:25:56+00:00,MSTRx,MSTR,False,10000,77.56571218,9983.8118,16.19,0.0663,0.0957,Riptide,Riptide,128.814,745669.0
2026-09-13T22:25:56+00:00,METAx,META,False,100,0.15478,99.6766,32.34,0.3261,0.0,Whirlpool,Whirlpool,642.3778,233430.0
2026-09-13T22:25:56+00:00,METAx,META,False,1000,1.54754674,996.4011,35.99,0.3424,0.0176,Whirlpool,Whirlpool,642.3778,233430.0
2026-09-13T22:25:56+00:00,METAx,META,False,10000,15.45563786,9939.9555,60.04,0.4701,0.131,Raydium CLMM + Whirlpool + Byreal,Byreal + Whirlpool + Raydium CLMM,642.3778,233430.0
2026-09-13T22:25:56+00:00,GOOGLx,GOOGL,False,100,0.29557574,99.6798,32.02,0.316,0.0042,Flux + Meteora DLMM,Whirlpool,338.0445,351841.0
2026-09-13T22:25:56+00:00,GOOGLx,GOOGL,False,1000,2.95563916,996.6635,33.36,0.0,0.5025,GoonFi V2 + Meteora DLMM,Whirlpool + Byreal + Raydium CLMM,338.0445,351841.0
2026-09-13T22:25:56+00:00,GOOGLx,GOOGL,False,10000,29.51988808,9948.09,51.91,0.0,0.5649,Byreal + Whirlpool + GoonFi V2 + Meteora DLMM,Whirlpool + Raydium CLMM + Byreal,338.0445,351841.0
2026-09-13T22:25:56+00:00,AMZNx,AMZN,False,100,0.39253194,99.5949,40.51,0.4017,0.0034,Byreal,Byreal,253.6866,225202.0
2026-09-13T22:25:56+00:00,AMZNx,AMZN,False,1000,3.92433582,995.4496,45.5,0.4267,0.0285,Byreal,Byreal,253.6866,225202.0
2026-09-13T22:25:56+00:00,AMZNx,AMZN,False,10000,39.20205444,9926.8386,73.16,0.5315,0.2012,HumidiFi + Raydium CLMM + Byreal,Byreal + Raydium CLMM + TesseraV,253.6866,225202.0
2026-09-13T22:41:34+00:00,AAPLx,AAPL,False,100,0.30103932,99.7879,21.21,0.2089,0.0032,Raydium CLMM,Raydium CLMM,330.3428,807860.0
2026-09-13T22:41:34+00:00,AAPLx,AAPL,False,1000,3.00975825,997.1212,28.79,0.23,0.058,Whirlpool,Raydium CLMM,330.3428,807860.0
2026-09-13T22:41:34+00:00,AAPLx,AAPL,False,10000,30.07660994,9951.7519,48.25,0.2995,0.1835,Raydium CLMM + Whirlpool,Raydium CLMM + Byreal + Whirlpool,330.3428,807860.0
2026-09-13T22:41:34+00:00,TSLAx,TSLA,False,100,0.27477166,99.9774,2.26,0.1351,0.0,Byreal,Riptide,363.3746,1274234.0
2026-09-13T22:41:34+00:00,TSLAx,TSLA,False,1000,2.74591087,999.1126,8.87,0.2008,0.0,Byreal,Riptide,363.3746,1274234.0
2026-09-13T22:41:34+00:00,TSLAx,TSLA,False,10000,27.45689862,9989.1757,10.82,0.2088,0.0,Byreal + Whirlpool + Riptide,Riptide,363.3746,1274234.0
2026-09-13T22:41:34+00:00,NVDAx,NVDA,False,100,0.4632306,99.957,4.3,0.0057,0.0,Whirlpool,Whirlpool + Scorch + HumidiFi,215.4084,1866684.0
2026-09-13T22:41:34+00:00,NVDAx,NVDA,False,1000,4.63008425,999.0329,9.67,0.0,0.1144,Whirlpool,Riptide,215.4084,1866684.0
2026-09-13T22:41:34+00:00,NVDAx,NVDA,False,10000,46.29788898,9989.4702,10.53,0.0,0.1225,Whirlpool + Riptide + Raydium CLMM,Riptide,215.4084,1866684.0
2026-09-13T22:41:34+00:00,SPYx,SPY,False,100,0.1307318,99.9993,0.07,0.0,0.0,Riptide,Scorch + HumidiFi,764.0465,4233819.0
2026-09-13T22:41:34+00:00,SPYx,SPY,False,1000,1.30729193,999.8474,1.53,0.0,0.0426,Riptide,Byreal + Scorch + GoonFi V2,764.0465,4233819.0
2026-09-13T22:41:34+00:00,SPYx,SPY,False,10000,13.07289324,9997.37,2.63,0.0,0.0555,Riptide,Byreal + Raydium CLMM,764.0465,4233819.0
2026-09-13T22:41:34+00:00,MSTRx,MSTR,False,100,0.77734445,99.9484,5.16,0.0149,0.0366,Riptide,Raydium CLMM + Quantum,128.5984,743603.0
2026-09-13T22:41:34+00:00,MSTRx,MSTR,False,1000,7.77334174,999.4401,5.6,0.0163,0.0397,Riptide,Raydium CLMM + HumidiFi,128.5984,743603.0
2026-09-13T22:41:34+00:00,MSTRx,MSTR,False,10000,77.69052755,9983.551,16.45,0.0714,0.0932,Riptide,Raydium CLMM + HumidiFi + Riptide,128.5984,743603.0
2026-09-13T22:41:34+00:00,METAx,META,False,100,0.15476095,99.6766,32.34,0.0,0.4257,Whirlpool,Whirlpool,645.2099,234116.0
2026-09-13T22:41:34+00:00,METAx,META,False,1000,1.54735634,996.4411,35.59,0.0,0.4419,Whirlpool,Whirlpool + Byreal,645.2099,234116.0
2026-09-13T22:41:34+00:00,METAx,META,False,10000,15.45423626,9940.0178,59.98,0.0387,0.5614,Raydium CLMM + Whirlpool + Byreal,Byreal + Raydium CLMM + Whirlpool,645.2099,234116.0
2026-09-13T22:41:34+00:00,GOOGLx,GOOGL,False,100,0.29546094,99.6708,32.92,0.3107,0.0186,Whirlpool,Whirlpool,336.5355,343252.0
2026-09-13T22:41:34+00:00,GOOGLx,GOOGL,False,1000,2.95377748,996.0712,39.29,0.3387,0.0543,Whirlpool,Whirlpool,336.5355,343252.0
2026-09-13T22:41:34+00:00,GOOGLx,GOOGL,False,10000,29.51867774,9943.0841,56.92,0.4032,0.1667,Whirlpool + Raydium CLMM + Byreal,Whirlpool + Byreal + Raydium CLMM,336.5355,343252.0
2026-09-13T22:41:34+00:00,AMZNx,AMZN,False,100,0.39292215,99.5948,40.52,0.4021,0.003,Byreal,Byreal,253.4294,218271.0
2026-09-13T22:41:34+00:00,AMZNx,AMZN,False,1000,3.92823333,995.3757,46.24,0.4007,0.0619,Byreal,Byreal,253.4294,218271.0
2026-09-13T22:41:34+00:00,AMZNx,AMZN,False,10000,39.23824858,9923.2575,76.74,0.5125,0.2562,Byreal + Raydium CLMM,Byreal + Raydium CLMM,253.4294,218271.0
2026-09-13T22:57:26+00:00,AAPLx,AAPL,False,100,0.30097261,99.8132,18.68,0.1804,0.0064,BisonFi + Whirlpool,Raydium CLMM,330.4974,811282.0
2026-09-13T22:57:26+00:00,AAPLx,AAPL,False,1000,3.00899697,997.3428,26.57,0.2046,0.0612,Whirlpool,Raydium CLMM,330.4974,811282.0
2026-09-13T22:57:26+00:00,AAPLx,AAPL,False,10000,30.06805353,9953.0575,46.94,0.2773,0.0,Raydium CLMM + Whirlpool + HumidiFi,Raydium CLMM + Whirlpool + Byreal,330.4974,811282.0
2026-09-13T22:57:26+00:00,TSLAx,TSLA,False,100,0.27456981,99.9385,6.15,0.0599,0.0014,BisonFi + Raydium CLMM,Riptide,363.9016,1280692.0
2026-09-13T22:57:26+00:00,TSLAx,TSLA,False,1000,2.74464037,998.8668,11.33,0.0985,0.0148,Riptide,Riptide,363.9016,1280692.0
2026-09-13T22:57:26+00:00,TSLAx,TSLA,False,10000,27.45031144,9989.6403,10.36,0.0867,0.0169,Riptide + HumidiFi + Raydium CLMM,Whirlpool + Riptide + Raydium CLMM,363.9016,1280692.0
2026-09-13T22:57:26+00:00,NVDAx,NVDA,False,100,0.46330015,99.9164,8.36,0.0,0.0192,Whirlpool,Whirlpool,215.1178,1869933.0
2026-09-13T22:57:26+00:00,NVDAx,NVDA,False,1000,4.63301744,999.0656,9.34,0.1435,0.041,Whirlpool,Riptide,215.1178,1869933.0
2026-09-13T22:57:26+00:00,NVDAx,NVDA,False,10000,46.32421841,9989.3499,10.65,0.1541,0.0,Whirlpool + Riptide,TaurusFi + Riptide,215.1178,1869933.0
2026-09-13T22:57:26+00:00,SPYx,SPY,False,100,0.13076865,99.9943,0.57,0.0124,0.0,Byreal,Riptide,760.2401,4091933.0
2026-09-13T22:57:26+00:00,SPYx,SPY,False,1000,1.30732753,999.7163,2.84,0.0121,0.0162,Raydium CLMM,Raydium CLMM,760.2401,4091933.0
2026-09-13T22:57:26+00:00,SPYx,SPY,False,10000,13.07068176,9994.7518,5.25,0.032,0.0205,Riptide + Raydium CLMM + Whirlpool,Riptide + Raydium CLMM,760.2401,4091933.0
2026-09-13T22:57:26+00:00,MSTRx,MSTR,False,100,0.77798509,99.8931,10.69,0.028,0.079,Riptide,Riptide,128.4707,741966.0
2026-09-13T22:57:26+00:00,MSTRx,MSTR,False,1000,7.78039605,999.0005,10.0,0.021,0.079,Riptide,Riptide,128.4707,741966.0
2026-09-13T22:57:26+00:00,MSTRx,MSTR,False,10000,77.77211426,9984.0546,15.95,0.0619,0.0976,Riptide,Byreal + Raydium CLMM + Riptide,128.4707,741966.0
2026-09-13T22:57:26+00:00,METAx,META,False,100,0.1547591,99.6765,32.35,0.3217,0.0018,Whirlpool,Whirlpool,642.4574,233545.0
2026-09-13T22:57:26+00:00,METAx,META,False,1000,1.54732932,996.4237,35.76,0.3385,0.0192,Whirlpool,Whirlpool,642.4574,233545.0
2026-09-13T22:57:26+00:00,METAx,META,False,10000,15.45369563,9939.4286,60.57,0.4648,0.1416,Byreal + Raydium CLMM + Whirlpool,Raydium CLMM + Whirlpool + Byreal,642.4574,233545.0
2026-09-13T22:57:26+00:00,GOOGLx,GOOGL,False,100,0.29551994,99.697,30.3,0.4536,0.0,GoonFi V2 + Whirlpool + Meteora DLMM,Whirlpool,335.9731,342114.0
2026-09-13T22:57:26+00:00,GOOGLx,GOOGL,False,1000,2.9550264,996.5349,34.65,0.4594,0.0,Kipseli + Meteora DLMM,Whirlpool,335.9731,342114.0
2026-09-13T22:57:26+00:00,GOOGLx,GOOGL,False,10000,29.52540781,9944.9301,55.07,0.5431,0.0076,Raydium CLMM + BisonFi + Meteora DLMM + Whirlpool,Byreal + Raydium CLMM + Whirlpool,335.9731,342114.0
2026-09-13T22:57:26+00:00,AMZNx,AMZN,False,100,0.39367637,99.592,40.8,0.0,0.4319,Byreal,Byreal,253.8783,204381.0
2026-09-13T22:57:26+00:00,AMZNx,AMZN,False,1000,3.93526359,995.1834,48.17,0.0,0.5284,Byreal,Byreal + Raydium CLMM,253.8783,204381.0
2026-09-13T22:57:26+00:00,AMZNx,AMZN,False,10000,39.29689661,9916.4391,83.56,0.1838,0.1921,Byreal + GoonFi V2 + Raydium CLMM,Byreal + Raydium CLMM + Flux,253.8783,204381.0
2026-09-13T23:13:02+00:00,AAPLx,AAPL,False,100,0.30117525,99.7906,20.94,0.1954,0.0141,Flux + Whirlpool,Raydium CLMM,330.2449,812546.0
2026-09-13T23:13:02+00:00,AAPLx,AAPL,False,1000,3.0101385,996.8239,31.76,0.2488,0.0689,Scorch + BisonFi + Whirlpool,Raydium CLMM,330.2449,812546.0
2026-09-13T23:13:02+00:00,AAPLx,AAPL,False,10000,30.07254401,9949.2128,50.79,0.3419,0.1665,Byreal + Whirlpool + HumidiFi,Raydium CLMM + Whirlpool + Byreal,330.2449,812546.0
2026-09-13T23:13:02+00:00,TSLAx,TSLA,False,100,0.27469721,99.924,7.6,0.0615,0.0145,Quay + Flux + Raydium CLMM,Raydium CLMM,363.7387,1277030.0
2026-09-13T23:13:02+00:00,TSLAx,TSLA,False,1000,2.74645792,999.0005,10.0,0.0802,0.0197,Riptide,Riptide,363.7387,1277030.0
2026-09-13T23:13:02+00:00,TSLAx,TSLA,False,10000,27.46460076,9989.353,10.65,0.0802,0.0263,Whirlpool + Riptide,Raydium CLMM + Whirlpool + Riptide,363.7387,1277030.0
2026-09-13T23:13:02+00:00,NVDAx,NVDA,False,100,0.46355202,99.956,4.4,0.0042,0.0399,Whirlpool,Riptide,215.3061,1859550.0
2026-09-13T23:13:02+00:00,NVDAx,NVDA,False,1000,4.6348222,999.409,5.91,0.0142,0.0449,Raydium CLMM,Riptide,215.3061,1859550.0
2026-09-13T23:13:02+00:00,NVDAx,NVDA,False,10000,46.33273135,9990.7554,9.24,0.0877,0.0048,Whirlpool + Riptide + Raydium CLMM,Whirlpool + Riptide,215.3061,1859550.0
2026-09-13T23:13:02+00:00,SPYx,SPY,False,100,0.13075236,99.9836,1.64,0.2631,0.0,Raydium CLMM,Byreal,758.3026,4014864.0
2026-09-13T23:13:02+00:00,SPYx,SPY,False,1000,1.30747442,999.7946,2.05,0.2669,0.0,Raydium CLMM,Riptide,758.3026,4014864.0
2026-09-13T23:13:02+00:00,SPYx,SPY,False,10000,13.07137359,9995.3595,4.64,0.2926,0.0,Riptide + Byreal + Raydium CLMM,Riptide + Byreal,758.3026,4014864.0
2026-09-13T23:13:02+00:00,MSTRx,MSTR,False,100,0.7778075,99.9,10.0,0.0,0.2835,Riptide,Riptide,128.7769,740366.0
2026-09-13T23:13:02+00:00,MSTRx,MSTR,False,1000,7.77807501,999.0017,9.98,0.0,0.2834,Riptide,Riptide + Whirlpool,128.7769,740366.0
2026-09-13T23:13:02+00:00,MSTRx,MSTR,False,10000,77.75262964,9984.1701,15.83,0.0,0.3057,Riptide + HumidiFi + Flux + Raydium CLMM,Riptide,128.7769,740366.0
2026-09-13T23:13:02+00:00,METAx,META,False,100,0.15492174,99.7652,23.48,0.2258,0.009,GoonFi V2 + PancakeSwap + Meteora DLMM,Whirlpool,642.4215,232616.0
2026-09-13T23:13:02+00:00,METAx,META,False,1000,1.5475778,996.3797,36.2,0.3314,0.0307,Whirlpool,Whirlpool,642.4215,232616.0
2026-09-13T23:13:02+00:00,METAx,META,False,10000,15.45611332,9939.1255,60.87,0.458,0.1514,Byreal + Whirlpool + Raydium CLMM,Raydium CLMM + Byreal + Whirlpool,642.4215,232616.0
2026-09-13T23:13:02+00:00,GOOGLx,GOOGL,False,100,0.29631019,99.9413,5.87,0.1868,0.0,HumidiFi + Raydium CLMM,Whirlpool,335.9861,343438.0
2026-09-13T23:13:02+00:00,GOOGLx,GOOGL,False,1000,2.96143927,998.5705,14.3,0.2428,0.0,HumidiFi + Meteora DLMM,Whirlpool,335.9861,343438.0
2026-09-13T23:13:02+00:00,GOOGLx,GOOGL,False,10000,29.53329178,9947.41,52.59,0.516,0.0099,Manifest + BisonFi + Meteora DLMM + Raydium CLMM,Byreal + Whirlpool + Raydium CLMM,335.9861,343438.0
2026-09-13T23:13:02+00:00,AMZNx,AMZN,False,100,0.39436464,99.5994,40.06,0.0,0.5477,Byreal,Raydium CLMM,253.7821,201500.0
2026-09-13T23:13:02+00:00,AMZNx,AMZN,False,1000,3.94214239,995.4087,45.91,0.0,0.5683,Byreal,Raydium CLMM + Byreal,253.7821,201500.0
2026-09-13T23:13:02+00:00,AMZNx,AMZN,False,10000,39.33757226,9914.3007,85.7,0.1032,0.7546,HumidiFi + Raydium CLMM + Byreal,Byreal + Raydium CLMM + Flux,253.7821,201500.0
2026-09-13T23:28:38+00:00,AAPLx,AAPL,False,100,0.3011934,99.7879,21.21,0.203,0.0092,Raydium CLMM,Raydium CLMM,330.1994,810705.0
2026-09-13T23:28:38+00:00,AAPLx,AAPL,False,1000,3.01027871,996.7834,32.17,0.2578,0.064,Raydium CLMM,Raydium CLMM,330.1994,810705.0
2026-09-13T23:28:38+00:00,AAPLx,AAPL,False,10000,30.07465882,9949.0307,50.97,0.351,0.1592,Whirlpool + Raydium CLMM + Byreal,Whirlpool + Byreal + Raydium CLMM,330.1994,810705.0
2026-09-13T23:28:38+00:00,TSLAx,TSLA,False,100,0.275024,99.9693,3.07,0.0276,0.003,Riptide,Raydium CLMM,363.4384,1273217.0
2026-09-13T23:28:38+00:00,TSLAx,TSLA,False,1000,2.75024006,999.559,4.41,0.0276,0.0165,Riptide,Raydium CLMM,363.4384,1273217.0
2026-09-13T23:28:38+00:00,TSLAx,TSLA,False,10000,27.50240069,9990.8337,9.17,0.0276,0.0641,Riptide,Riptide + Raydium CLMM,363.4384,1273217.0
2026-09-13T23:28:38+00:00,NVDAx,NVDA,False,100,0.46401481,99.9373,6.27,0.0624,0.0003,Riptide,Raydium CLMM,214.9712,1850626.0
2026-09-13T23:28:38+00:00,NVDAx,NVDA,False,1000,4.64014814,999.2526,7.47,0.0624,0.0123,Riptide,Raydium CLMM,214.9712,1850626.0
2026-09-13T23:28:38+00:00,NVDAx,NVDA,False,10000,46.3971837,9989.5003,10.5,0.0435,0.0615,Riptide + TaurusFi + Whirlpool,Whirlpool + Raydium CLMM + Riptide,214.9712,1850626.0
2026-09-13T23:28:38+00:00,SPYx,SPY,False,100,0.13063,99.9919,0.81,0.3941,0.0123,Scorch,Whirlpool,761.8884,4080922.0
2026-09-13T23:28:38+00:00,SPYx,SPY,False,1000,1.30616522,999.7574,2.43,0.4047,0.1194,Raydium CLMM,Whirlpool + Byreal + Riptide,761.8884,4080922.0
2026-09-13T23:28:38+00:00,SPYx,SPY,False,10000,13.05839902,9994.9363,5.06,0.0,0.1209,Raydium CLMM + HumidiFi + Riptide,Byreal + Riptide + Whirlpool,761.8884,4080922.0
2026-09-13T23:28:38+00:00,MSTRx,MSTR,False,100,0.77672207,99.9,10.0,0.3392,0.0,Riptide,Riptide,128.2863,740529.0
2026-09-13T23:28:38+00:00,MSTRx,MSTR,False,1000,7.76722071,999.0005,10.0,0.3392,0.0,Riptide,Riptide,128.2863,740529.0
2026-09-13T23:28:38+00:00,METAx,META,False,100,0.15498021,99.7587,24.13,0.2394,0.0019,GoonFi V2 + Meteora DLMM,Whirlpool,642.1066,229782.0
2026-09-13T23:28:38+00:00,METAx,META,False,1000,1.5482011,996.3883,36.12,0.3425,0.0188,Whirlpool,Whirlpool,642.1066,229782.0
2026-09-13T23:28:38+00:00,METAx,META,False,10000,15.45981523,9938.3192,61.68,0.4854,0.1321,Whirlpool + Raydium CLMM + Byreal,Byreal + Raydium CLMM + Whirlpool,642.1066,229782.0
2026-09-13T23:28:38+00:00,GOOGLx,GOOGL,False,100,0.29545784,99.6728,32.72,0.322,0.0042,Whirlpool,Whirlpool,336.507,348137.0
2026-09-13T23:28:38+00:00,GOOGLx,GOOGL,False,1000,2.95423345,996.2491,37.51,0.3346,0.0406,HumidiFi + Meteora DLMM,Whirlpool,336.507,348137.0
2026-09-13T23:28:38+00:00,GOOGLx,GOOGL,False,10000,29.52306965,9944.1201,55.88,0.3996,0.1598,Whirlpool + HumidiFi + Meteora DLMM + Raydium CLMM,Raydium CLMM + Byreal + Whirlpool,336.507,348137.0
2026-09-13T23:28:38+00:00,AMZNx,AMZN,False,100,0.39384027,99.5939,40.61,0.4002,0.006,Byreal,Byreal,252.8508,203543.0
2026-09-13T23:28:38+00:00,AMZNx,AMZN,False,1000,3.93724105,995.352,46.48,0.4296,0.0354,Byreal,Byreal,252.8508,203543.0
2026-09-13T23:28:38+00:00,AMZNx,AMZN,False,10000,39.30103253,9918.5964,81.4,0.6101,0.2052,Raydium CLMM + Byreal + Quantum,Raydium CLMM + Byreal,252.8508,203543.0
2026-09-13T23:44:16+00:00,AAPLx,AAPL,False,100,0.30143175,99.7879,21.21,0.2039,0.0082,Raydium CLMM,Raydium CLMM,329.9284,808972.0
2026-09-13T23:44:16+00:00,AAPLx,AAPL,False,1000,3.01266019,997.134,28.66,0.2587,0.0279,Raydium CLMM,Whirlpool,329.9284,808972.0
2026-09-13T23:44:16+00:00,AAPLx,AAPL,False,10000,30.0848263,9949.7657,50.23,0.397,0.1057,Byreal + Raydium CLMM + Whirlpool,Whirlpool + Raydium CLMM + Byreal,329.9284,808972.0
2026-09-13T23:44:16+00:00,TSLAx,TSLA,False,100,0.27558985,99.9663,3.37,0.0183,0.0154,Riptide,Raydium CLMM,362.7237,1264899.0
2026-09-13T23:44:16+00:00,TSLAx,TSLA,False,1000,2.75589852,999.5282,4.72,0.0183,0.0289,Riptide,Raydium CLMM,362.7237,1264899.0
2026-09-13T23:44:16+00:00,TSLAx,TSLA,False,10000,27.55898522,9990.8798,9.12,0.0183,0.0729,Riptide,Raydium CLMM + Riptide,362.7237,1264899.0
2026-09-13T23:44:16+00:00,NVDAx,NVDA,False,100,0.46449097,99.944,5.6,0.0545,0.0015,Whirlpool,TaurusFi,214.7634,1843743.0
2026-09-13T23:44:16+00:00,NVDAx,NVDA,False,1000,4.64373859,999.0005,10.0,0.0797,0.0203,Riptide,Riptide,214.7634,1843743.0
2026-09-13T23:44:16+00:00,NVDAx,NVDA,False,10000,46.43195313,9988.8534,11.15,0.0914,0.0201,TaurusFi + Whirlpool + Riptide,Riptide + TaurusFi,214.7634,1843743.0
2026-09-13T23:44:16+00:00,SPYx,SPY,False,100,0.1306725,99.9894,1.06,0.0,0.078,Byreal,Raydium CLMM,761.2835,4110123.0
2026-09-13T23:44:16+00:00,SPYx,SPY,False,1000,1.30654481,999.7227,2.77,0.0,0.0814,Raydium CLMM,AlphaQ + Raydium CLMM,761.2835,4110123.0
2026-09-13T23:44:16+00:00,SPYx,SPY,False,10000,13.0639042,9994.6579,5.34,0.0,0.0958,Raydium CLMM + Riptide + Byreal,AlphaQ + Riptide + Raydium CLMM,761.2835,4110123.0
2026-09-13T23:44:16+00:00,MSTRx,MSTR,False,100,0.77607961,99.9716,2.84,0.0309,0.0,TesseraV + Raydium CLMM,Riptide,128.787,740343.0
2026-09-13T23:44:16+00:00,MSTRx,MSTR,False,1000,7.75871674,999.4484,5.52,0.0577,0.0,Quantum + Raydium CLMM,Riptide,128.787,740343.0
2026-09-13T23:44:16+00:00,MSTRx,MSTR,False,10000,77.5396305,9989.165,10.84,0.1189,0.0821,Riptide + Byreal + TesseraV + Raydium CLMM,Riptide,128.787,740343.0
2026-09-13T23:44:16+00:00,METAx,META,False,100,0.15471026,99.6765,32.35,0.3243,0.0,Whirlpool,Whirlpool,642.6668,237527.0
2026-09-13T23:44:16+00:00,METAx,META,False,1000,1.54684105,996.4283,35.72,0.3411,0.0161,Whirlpool,Whirlpool,642.6668,237527.0
2026-09-13T23:44:16+00:00,METAx,META,False,10000,15.45009916,9941.0358,58.96,0.4591,0.1312,Whirlpool + Raydium CLMM + Byreal,Byreal + Raydium CLMM + Whirlpool,642.6668,237527.0
2026-09-13T23:44:16+00:00,GOOGLx,GOOGL,False,100,0.29546331,99.6904,30.96,0.3513,0.0,Whirlpool,Meteora DLMM + Quantum + GoonFi V2,336.3947,347806.0
2026-09-13T23:44:16+00:00,GOOGLx,GOOGL,False,1000,2.95380116,996.0819,39.18,0.3794,0.0125,Whirlpool,Whirlpool,336.3947,347806.0
2026-09-13T23:44:16+00:00,GOOGLx,GOOGL,False,10000,29.52099824,9943.2871,56.71,0.4368,0.1309,Raydium CLMM + Whirlpool + Byreal,Byreal + Whirlpool + Raydium CLMM,336.3947,347806.0
2026-09-13T23:44:16+00:00,AMZNx,AMZN,False,100,0.39470359,99.8378,16.22,0.1588,0.1582,Raydium CLMM,Byreal,252.5145,198904.0
2026-09-13T23:44:16+00:00,AMZNx,AMZN,False,1000,3.94550597,997.7001,23.0,0.5421,0.0,Raydium CLMM,Byreal,252.5145,198904.0
2026-09-13T23:44:16+00:00,AMZNx,AMZN,False,10000,39.35439783,9922.1001,77.9,0.6039,0.4827,Raydium CLMM + Byreal + HumidiFi,Raydium CLMM + Flux + Byreal,252.5145,198904.0
2026-09-13T23:59:52+00:00,AAPLx,AAPL,False,100,0.30152356,99.7879,21.21,0.2174,0.0,Raydium CLMM,Raydium CLMM,329.7988,810420.0
2026-09-13T23:59:52+00:00,AAPLx,AAPL,False,1000,3.01358747,997.0454,29.55,0.272,0.0235,Flux + Whirlpool,Whirlpool,329.7988,810420.0
2026-09-13T23:59:52+00:00,AAPLx,AAPL,False,10000,30.09734237,9952.3222,47.68,0.3995,0.0776,Raydium CLMM + BisonFi + Whirlpool,Raydium CLMM + Whirlpool + Byreal,329.7988,810420.0
2026-09-13T23:59:52+00:00,TSLAx,TSLA,False,100,0.2759278,99.9169,8.31,0.0866,0.0,Whirlpool,Raydium CLMM,362.0441,1259189.0
2026-09-13T23:59:52+00:00,TSLAx,TSLA,False,1000,2.75562937,997.7071,22.93,0.2187,0.0106,Raydium CLMM,Raydium CLMM,362.0441,1259189.0
2026-09-13T23:59:52+00:00,TSLAx,TSLA,False,10000,27.52994355,9931.7022,68.3,0.3141,0.3048,Quantum + Raydium CLMM + Whirlpool,Raydium CLMM + Byreal,362.0441,1259189.0
2026-09-13T23:59:52+00:00,NVDAx,NVDA,False,100,0.46402439,99.9462,5.38,0.0815,0.1779,GoonFi V2 + Scorch + Raydium CLMM,Raydium CLMM,214.9978,1842655.0
2026-09-13T23:59:52+00:00,NVDAx,NVDA,False,1000,4.62996377,998.1626,18.37,0.0,0.1779,HumidiFi + Raydium CLMM,Raydium CLMM,214.9978,1842655.0
2026-09-13T23:59:52+00:00,NVDAx,NVDA,False,10000,46.22511198,9962.7234,37.28,0.3208,0.1652,Byreal + Raydium CLMM + HumidiFi + Whirlpool,Raydium CLMM + Whirlpool,214.9978,1842655.0
2026-09-13T23:59:52+00:00,SPYx,SPY,False,100,0.1307338,99.9802,1.98,0.0023,0.0175,Byreal,Byreal,760.4535,4052199.0
2026-09-13T23:59:52+00:00,SPYx,SPY,False,1000,1.30729085,999.7203,2.8,0.0059,0.0221,Raydium CLMM,Raydium CLMM,760.4535,4052199.0
2026-09-13T23:59:52+00:00,SPYx,SPY,False,10000,13.06916264,9991.8405,8.16,0.0345,0.0471,Byreal + Raydium CLMM,Raydium CLMM + Byreal,760.4535,4052199.0
2026-09-13T23:59:52+00:00,MSTRx,MSTR,False,100,0.77504283,99.5657,43.43,0.1009,0.3337,Flux + Raydium CLMM,Byreal,129.004,743361.0
2026-09-13T23:59:52+00:00,MSTRx,MSTR,False,1000,7.74843437,995.7318,42.68,0.0,0.5348,HumidiFi + Raydium CLMM,Byreal + Raydium CLMM + TesseraV,129.004,743361.0
2026-09-13T23:59:52+00:00,MSTRx,MSTR,False,10000,77.33905158,9917.0374,82.96,0.0792,0.7511,Raydium CLMM + TesseraV,Raydium CLMM + HumidiFi + ZeroFi,129.004,743361.0
2026-09-13T23:59:52+00:00,METAx,META,False,100,0.15483631,99.7485,25.15,0.0,0.267,Byreal,Whirlpool,644.366,231649.0
2026-09-13T23:59:52+00:00,METAx,META,False,1000,1.54666404,996.2228,37.77,0.0942,0.2838,Whirlpool,Whirlpool,644.366,231649.0
2026-09-13T23:59:52+00:00,METAx,META,False,10000,15.44878249,9939.0266,60.97,0.2095,0.401,Byreal + Whirlpool + Raydium CLMM,Whirlpool + Byreal + Raydium CLMM,644.366,231649.0
2026-09-13T23:59:52+00:00,GOOGLx,GOOGL,False,100,0.29558058,99.7052,29.48,0.2963,0.0,HumidiFi + Raydium CLMM,Whirlpool,336.4643,349521.0
2026-09-13T23:59:52+00:00,GOOGLx,GOOGL,False,1000,2.95539738,996.608,33.92,0.3066,0.0313,HumidiFi + Meteora DLMM,Whirlpool,336.4643,349521.0
2026-09-13T23:59:52+00:00,GOOGLx,GOOGL,False,10000,29.52767207,9945.654,54.35,0.3968,0.147,Raydium CLMM + Whirlpool + BisonFi + Meteora DLMM,Byreal + Raydium CLMM + Whirlpool,336.4643,349521.0
2026-09-13T23:59:52+00:00,AMZNx,AMZN,False,100,0.39310603,99.594,40.6,0.4202,0.0,Byreal,Byreal,253.2773,207800.0
2026-09-13T23:59:52+00:00,AMZNx,AMZN,False,1000,3.93002392,995.3923,46.08,0.4296,0.0313,Byreal,Byreal,253.2773,207800.0
2026-09-13T23:59:52+00:00,AMZNx,AMZN,False,10000,39.23781349,9922.568,77.43,0.5877,0.1877,Byreal + Flux + Raydium CLMM,Byreal + Raydium CLMM + Whirlpool,253.2773,207800.0
2026-09-14T00:15:28+00:00,AAPLx,AAPL,False,100,0.30112629,99.7909,20.91,0.1761,0.0331,Raydium CLMM,Byreal,330.3691,819409.0
2026-09-14T00:15:28+00:00,AAPLx,AAPL,False,1000,3.00960815,997.1252,28.75,0.2309,0.0567,Raydium CLMM,Byreal,330.3691,819409.0
2026-09-14T00:15:28+00:00,AAPLx,AAPL,False,10000,30.0620527,9952.807,47.19,0.3437,0.1287,Raydium CLMM + Whirlpool,Byreal + Raydium CLMM + Whirlpool,330.3691,819409.0
2026-09-14T00:15:28+00:00,TSLAx,TSLA,False,100,0.27692315,99.9646,3.54,0.0505,0.0,Riptide,Raydium CLMM + Quantum,360.8711,1243205.0
2026-09-14T00:15:28+00:00,TSLAx,TSLA,False,1000,2.76923152,999.0005,10.0,0.0505,0.0495,Riptide,Riptide,360.8711,1243205.0
2026-09-14T00:15:28+00:00,TSLAx,TSLA,False,10000,27.69231526,9989.3142,10.69,0.0505,0.001,Riptide,Raydium CLMM + Riptide,360.8711,1243205.0
2026-09-14T00:15:28+00:00,NVDAx,NVDA,False,100,0.4636516,99.9518,4.82,0.1481,0.0,Whirlpool,Whirlpool,215.1834,1851788.0
2026-09-14T00:15:28+00:00,NVDAx,NVDA,False,1000,4.63550204,999.0005,10.0,0.1699,0.0,Riptide,Riptide,215.1834,1851788.0
2026-09-14T00:15:28+00:00,NVDAx,NVDA,False,10000,46.35106565,9989.2267,10.77,0.1784,0.0,Riptide + Whirlpool + TaurusFi,Whirlpool + Riptide,215.1834,1851788.0
2026-09-14T00:15:28+00:00,SPYx,SPY,False,100,0.13060922,99.9941,0.59,0.1592,0.0,Byreal,Raydium CLMM,759.9594,4081347.0
2026-09-14T00:15:28+00:00,SPYx,SPY,False,1000,1.30599196,999.829,1.71,0.1668,0.0,Riptide,Raydium CLMM,759.9594,4081347.0
2026-09-14T00:15:28+00:00,SPYx,SPY,False,10000,13.06071927,9996.0815,3.92,0.1607,0.0,Whirlpool + Byreal + Riptide,Whirlpool + Raydium CLMM + Byreal,759.9594,4081347.0
2026-09-14T00:15:28+00:00,MSTRx,MSTR,False,100,0.77629294,99.9299,7.01,0.0141,0.056,Riptide,Raydium CLMM + HumidiFi,128.7786,745535.0
2026-09-14T00:15:28+00:00,MSTRx,MSTR,False,1000,7.76289925,999.0005,10.0,0.0145,0.0854,Riptide,Riptide,128.7786,745535.0
2026-09-14T00:15:28+00:00,MSTRx,MSTR,False,10000,77.6154496,9986.3526,13.65,0.032,0.1045,Riptide,Raydium CLMM + Flux + Riptide,128.7786,745535.0
2026-09-14T00:15:28+00:00,METAx,META,False,100,0.15510779,99.6678,33.22,0.3278,0.0045,Whirlpool,Whirlpool,641.0242,219143.0
2026-09-14T00:15:28+00:00,METAx,META,False,1000,1.55045432,995.727,42.73,0.3678,0.0597,Whirlpool,Whirlpool,641.0242,219143.0
2026-09-14T00:15:28+00:00,METAx,META,False,10000,15.48946352,9927.3924,72.61,0.4647,0.2626,Byreal + Raydium CLMM + Whirlpool,Byreal + Raydium CLMM + Whirlpool,641.0242,219143.0
2026-09-14T00:15:28+00:00,GOOGLx,GOOGL,False,100,0.29562143,99.7743,22.57,0.0041,0.2217,Whirlpool,Meteora DLMM + Quantum,337.4007,347866.0
2026-09-14T00:15:28+00:00,GOOGLx,GOOGL,False,1000,2.95531835,997.4083,25.92,0.0344,0.2249,Whirlpool,Meteora DLMM + HumidiFi,337.4007,347866.0
2026-09-14T00:15:28+00:00,GOOGLx,GOOGL,False,10000,29.52496268,9947.5026,52.5,0.1298,0.3957,Raydium CLMM + Whirlpool + Byreal,Meteora DLMM + BisonFi + Raydium CLMM + Whirlpool,337.4007,347866.0
2026-09-14T00:15:28+00:00,AMZNx,AMZN,False,100,0.39261165,99.6437,35.63,0.3461,0.0102,HumidiFi + Raydium CLMM,Byreal,253.4082,209150.0
2026-09-14T00:15:28+00:00,AMZNx,AMZN,False,1000,3.92433821,995.7045,42.95,0.3912,0.0385,Raydium CLMM,Byreal,253.4082,209150.0
2026-09-14T00:15:28+00:00,AMZNx,AMZN,False,10000,39.18595804,9924.0378,75.96,0.537,0.2167,Quantum + Raydium CLMM + Byreal,Meteora DLMM + BisonFi + Byreal + Raydium CLMM,253.4082,209150.0
2026-09-14T00:31:04+00:00,AAPLx,AAPL,False,100,0.30128117,99.7916,20.84,0.2064,0.002,Raydium CLMM,Byreal,330.0942,813532.0
2026-09-14T00:31:04+00:00,AAPLx,AAPL,False,1000,3.01115568,997.1867,28.13,0.263,0.0183,Raydium CLMM,Whirlpool,330.0942,813532.0
2026-09-14T00:31:04+00:00,AAPLx,AAPL,False,10000,30.07054458,9951.0659,48.93,0.3989,0.0908,Raydium CLMM + Whirlpool,Whirlpool + Raydium CLMM + Byreal,330.0942,813532.0
2026-09-14T00:31:04+00:00,TSLAx,TSLA,False,100,0.27769696,99.9235,7.65,0.0149,0.0617,Raydium CLMM,Riptide,359.9953,1241448.0
2026-09-14T00:31:04+00:00,TSLAx,TSLA,False,1000,2.77660675,999.1043,8.96,0.2146,0.0,Raydium CLMM,Riptide,359.9953,1241448.0
2026-09-14T00:31:04+00:00,TSLAx,TSLA,False,10000,27.76348049,9989.7679,10.23,0.2239,0.0,Raydium CLMM + Riptide,Riptide + Whirlpool,359.9953,1241448.0
2026-09-14T00:31:04+00:00,NVDAx,NVDA,False,100,0.464785,99.9663,3.37,0.0946,0.0,Whirlpool,Whirlpool + Quantum,214.5512,1846215.0
2026-09-14T00:31:04+00:00,NVDAx,NVDA,False,1000,4.64635765,999.0754,9.25,0.1267,0.0,Riptide,Riptide,214.5512,1846215.0
2026-09-14T00:31:04+00:00,NVDAx,NVDA,False,10000,46.45422594,9988.8155,11.18,0.1468,0.0,TaurusFi + Riptide + Whirlpool,Whirlpool + Quantum + TaurusFi + Riptide,214.5512,1846215.0
2026-09-14T00:31:04+00:00,SPYx,SPY,False,100,0.13069646,99.9884,1.16,0.0,0.0145,Byreal,Raydium CLMM,760.6881,4086536.0
2026-09-14T00:31:04+00:00,SPYx,SPY,False,1000,1.30679766,999.7361,2.64,0.0098,0.0166,Raydium CLMM,Riptide,760.6881,4086536.0
2026-09-14T00:31:04+00:00,SPYx,SPY,False,10000,13.06514804,9995.2195,4.78,0.0,0.1207,Raydium CLMM + Byreal + Riptide,Byreal + Riptide + Raydium CLMM,760.6881,4086536.0
2026-09-14T00:31:04+00:00,MSTRx,MSTR,False,100,0.78158563,99.9161,8.39,0.2627,0.0,Riptide,Riptide,127.5922,724720.0
2026-09-14T00:31:04+00:00,MSTRx,MSTR,False,1000,7.81459771,999.0005,10.0,0.2787,0.0,Riptide,Riptide,127.5922,724720.0
2026-09-14T00:31:04+00:00,METAx,META,False,100,0.1552755,99.668,33.2,0.3518,0.0,Whirlpool,Whirlpool,640.1801,217841.0
2026-09-14T00:31:04+00:00,METAx,META,False,1000,1.55189517,995.663,43.37,0.4069,0.0269,Whirlpool,Raydium CLMM,640.1801,217841.0
2026-09-14T00:31:04+00:00,METAx,META,False,10000,15.49423815,9926.3523,73.65,0.5655,0.2014,Raydium CLMM + Byreal + Whirlpool,Whirlpool + Byreal + Raydium CLMM,640.1801,217841.0
2026-09-14T00:31:04+00:00,GOOGLx,GOOGL,False,100,0.29638593,99.7365,26.35,0.0,0.4302,Whirlpool,Meteora DLMM + GoonFi V2 + Deriverse,335.4325,330550.0
2026-09-14T00:31:04+00:00,GOOGLx,GOOGL,False,1000,2.96301928,997.0749,29.25,0.0,0.431,Whirlpool,Meteora DLMM + GoonFi V2 + Deriverse,335.4325,330550.0
2026-09-14T00:31:04+00:00,GOOGLx,GOOGL,False,10000,29.59227168,9945.0345,54.97,0.0,0.5605,Raydium CLMM + Byreal + Whirlpool,Meteora DLMM + TesseraV + Whirlpool + Raydium CLMM,335.4325,330550.0
2026-09-14T00:31:04+00:00,AMZNx,AMZN,False,100,0.39273374,99.6084,39.16,0.607,0.0,Byreal,Raydium CLMM + Quantum,253.0405,205451.0
2026-09-14T00:31:04+00:00,AMZNx,AMZN,False,1000,3.92665459,995.6202,43.8,0.6243,0.0,Byreal,Byreal,253.0405,205451.0
2026-09-14T00:31:04+00:00,AMZNx,AMZN,False,10000,39.21179303,9925.3169,74.68,0.7628,0.5891,Raydium CLMM + Quantum + Byreal,Raydium CLMM + TesseraV + Byreal,253.0405,205451.0
2026-09-14T00:46:42+00:00,AAPLx,AAPL,False,100,0.30138719,99.7879,21.21,0.2106,0.203,Raydium CLMM,Raydium CLMM,329.9638,810901.0
2026-09-14T00:46:42+00:00,AAPLx,AAPL,False,1000,3.012215,997.1446,28.55,0.0641,0.2216,Raydium CLMM,Whirlpool,329.9638,810901.0
2026-09-14T00:46:42+00:00,AAPLx,AAPL,False,10000,30.07858873,9950.0412,49.96,0.2086,0.2916,Raydium CLMM + Whirlpool,Raydium CLMM + Whirlpool + Byreal,329.9638,810901.0
2026-09-14T00:46:42+00:00,TSLAx,TSLA,False,100,0.27734538,99.9463,5.37,0.0022,0.0515,Whirlpool,Riptide,360.4905,1251309.0
2026-09-14T00:46:42+00:00,TSLAx,TSLA,False,1000,2.77289545,999.2619,7.38,0.0223,0.0595,Raydium CLMM,Riptide,360.4905,1251309.0
2026-09-14T00:46:42+00:00,TSLAx,TSLA,False,10000,27.69440887,9980.0733,19.93,0.1389,0.0611,Raydium CLMM + Byreal,Riptide,360.4905,1251309.0
2026-09-14T00:46:42+00:00,NVDAx,NVDA,False,100,0.46492476,99.9216,7.84,0.0928,0.0,Riptide,Whirlpool,214.4866,1841950.0
2026-09-14T00:46:42+00:00,NVDAx,NVDA,False,1000,4.64924765,999.0005,10.0,0.0928,0.0072,Riptide,Riptide,214.4866,1841950.0
2026-09-14T00:46:42+00:00,NVDAx,NVDA,False,10000,46.48474151,9988.3797,11.62,0.1094,0.0068,TaurusFi + Whirlpool + Riptide,Whirlpool + Riptide + Byreal,214.4866,1841950.0
2026-09-14T00:46:42+00:00,SPYx,SPY,False,100,0.13057147,99.9818,1.82,0.1366,0.0144,Byreal,Raydium CLMM,760.3395,4189277.0
2026-09-14T00:46:42+00:00,SPYx,SPY,False,1000,1.30563461,999.7206,2.79,0.0099,0.018,Raydium CLMM,Raydium CLMM,760.3395,4189277.0
2026-09-14T00:46:42+00:00,SPYx,SPY,False,10000,13.05574513,9994.7495,5.25,0.0145,0.038,Raydium CLMM + Byreal + Riptide,Raydium CLMM + Byreal + Riptide,760.3395,4189277.0
2026-09-14T00:46:42+00:00,MSTRx,MSTR,False,100,0.77833242,99.886,11.4,0.0,0.1527,Riptide,Riptide,128.5071,729828.0
2026-09-14T00:46:42+00:00,MSTRx,MSTR,False,1000,7.78541559,999.0005,10.0,0.0,0.1654,Riptide,Riptide,128.5071,729828.0
2026-09-14T00:46:42+00:00,MSTRx,MSTR,False,10000,77.82168855,9985.0317,14.97,0.0,0.1735,Byreal + ZeroFi + Raydium CLMM + Riptide,Riptide,128.5071,729828.0
2026-09-14T00:46:42+00:00,METAx,META,False,100,0.1556837,99.6687,33.13,0.3093,0.0216,Whirlpool,Raydium CLMM,638.7617,209703.0
2026-09-14T00:46:42+00:00,METAx,META,False,1000,1.55591468,995.8423,41.58,0.3688,0.0471,Whirlpool,Raydium CLMM,638.7617,209703.0
2026-09-14T00:46:42+00:00,METAx,META,False,10000,15.52326824,9919.9524,80.05,0.5986,0.2031,Byreal + Raydium CLMM + Whirlpool,Byreal + Raydium CLMM + Whirlpool,638.7617,209703.0
2026-09-14T00:46:42+00:00,GOOGLx,GOOGL,False,100,0.29698418,99.6755,32.45,0.3241,0.0004,Whirlpool,Meteora DLMM + BisonFi + Raydium CLMM,334.762,311271.0
2026-09-14T00:46:42+00:00,GOOGLx,GOOGL,False,1000,2.96776624,995.9001,41.0,0.3937,0.0163,HumidiFi + Meteora DLMM,Raydium CLMM,334.762,311271.0
2026-09-14T00:46:42+00:00,GOOGLx,GOOGL,False,10000,29.63918418,9938.6301,61.37,0.5229,0.0913,Whirlpool + GoonFi V2 + Meteora DLMM + Raydium CLMM,Whirlpool + Byreal + Raydium CLMM,334.762,311271.0
2026-09-14T00:46:42+00:00,AMZNx,AMZN,False,100,0.39276793,99.5959,40.41,0.4019,0.0023,Byreal,Byreal,253.5278,204368.0
2026-09-14T00:46:42+00:00,AMZNx,AMZN,False,1000,3.92687275,995.5501,44.5,0.4223,0.0228,Byreal,Byreal,253.5278,204368.0
2026-09-14T00:46:42+00:00,AMZNx,AMZN,False,10000,39.20535897,9921.8115,78.19,0.583,0.2,HumidiFi + Raydium CLMM + Byreal,Raydium CLMM + Byreal + Manifest,253.5278,204368.0
2026-09-14T01:02:18+00:00,AAPLx,AAPL,False,100,0.30143103,99.7879,21.21,0.0055,0.2066,Raydium CLMM,Raydium CLMM,330.5898,800956.0
2026-09-14T01:02:18+00:00,AAPLx,AAPL,False,1000,3.01265305,996.9071,30.93,0.0605,0.249,Raydium CLMM,Byreal,330.5898,800956.0
2026-09-14T01:02:18+00:00,AAPLx,AAPL,False,10000,30.09736804,9952.5508,47.45,0.1572,0.3178,Raydium CLMM + Whirlpool,Byreal + Whirlpool + Raydium CLMM,330.5898,800956.0
2026-09-14T01:02:18+00:00,TSLAx,TSLA,False,100,0.27740083,99.9,10.0,0.0,0.023,Riptide,Riptide,360.0489,1287551.0
2026-09-14T01:02:18+00:00,TSLAx,TSLA,False,1000,2.77400838,999.0629,9.37,0.1045,0.0122,Riptide,Riptide,360.0489,1287551.0
2026-09-14T01:02:18+00:00,TSLAx,TSLA,False,10000,27.73792649,9989.8517,10.15,0.1141,0.0,Whirlpool + Riptide,Riptide,360.0489,1287551.0
2026-09-14T01:02:18+00:00,NVDAx,NVDA,False,100,0.4652547,99.9671,3.29,0.0082,0.0248,Riptide,Whirlpool + BisonFi,214.5133,1831379.0
2026-09-14T01:02:18+00:00,NVDAx,NVDA,False,1000,4.65254707,999.1905,8.1,0.0082,0.0728,Riptide,Whirlpool + BisonFi,214.5133,1831379.0
2026-09-14T01:02:18+00:00,NVDAx,NVDA,False,10000,46.51796441,9988.4518,11.55,0.0243,0.0912,TaurusFi + Riptide,Raydium CLMM + Whirlpool + Flux + BisonFi + Riptide,214.5133,1831379.0
2026-09-14T01:02:18+00:00,SPYx,SPY,False,100,0.13058354,99.981,1.9,0.0171,0.0019,Byreal,Raydium CLMM,759.9878,4175391.0
2026-09-14T01:02:18+00:00,SPYx,SPY,False,1000,1.30576507,999.7206,2.79,0.0225,0.0,Raydium CLMM,Raydium CLMM,759.9878,4175391.0
2026-09-14T01:02:18+00:00,SPYx,SPY,False,10000,13.05622269,9995.0448,4.96,0.1888,0.0,Riptide + Byreal + Raydium CLMM,Raydium CLMM + Riptide + Byreal,759.9878,4175391.0
2026-09-14T01:02:18+00:00,MSTRx,MSTR,False,100,0.77727765,99.9262,7.38,0.0652,0.0086,Raydium CLMM,Riptide,128.5462,730075.0
2026-09-14T01:02:18+00:00,MSTRx,MSTR,False,1000,7.7707414,999.1333,8.67,0.0913,0.0,Riptide,Riptide,128.5462,730075.0
2026-09-14T01:02:18+00:00,MSTRx,MSTR,False,10000,77.67983673,9985.6527,14.35,0.1268,0.0167,Raydium CLMM + Riptide,Riptide,128.5462,730075.0
2026-09-14T01:02:18+00:00,METAx,META,False,100,0.15568668,99.6678,33.22,0.3266,0.0057,Whirlpool,Whirlpool,638.6303,208917.0
2026-09-14T01:02:18+00:00,METAx,META,False,1000,1.55595573,995.4981,45.02,0.3849,0.0655,Whirlpool,Whirlpool,638.6303,208917.0
2026-09-14T01:02:18+00:00,METAx,META,False,10000,15.52800962,9920.2641,79.74,0.5869,0.2117,Byreal + Whirlpool + Raydium CLMM,Raydium CLMM + Byreal + Whirlpool,638.6303,208917.0
2026-09-14T01:02:18+00:00,GOOGLx,GOOGL,False,100,0.29698393,99.7532,24.68,0.0,0.4256,Whirlpool,Meteora DLMM + Quantum + Quay,336.46,312441.0
2026-09-14T01:02:18+00:00,GOOGLx,GOOGL,False,1000,2.96759822,996.1931,38.07,0.0,0.4841,Whirlpool,Whirlpool + Meteora DLMM + TesseraV + Raydium CLMM,336.46,312441.0
2026-09-14T01:02:18+00:00,GOOGLx,GOOGL,False,10000,29.6359302,9938.7086,61.29,0.0312,0.5819,Whirlpool + Raydium CLMM + Byreal,Byreal + Meteora DLMM + HumidiFi + Raydium CLMM,336.46,312441.0
2026-09-14T01:02:18+00:00,AMZNx,AMZN,False,100,0.39288879,99.7992,20.08,0.4627,0.0,Byreal,Raydium CLMM + Meteora DLMM + Whirlpool,253.2997,203278.0
2026-09-14T01:02:18+00:00,AMZNx,AMZN,False,1000,3.92809475,995.5395,44.61,0.4828,0.0,Byreal,Byreal,253.2997,203278.0
2026-09-14T01:02:18+00:00,AMZNx,AMZN,False,10000,39.21652482,9922.2073,77.79,0.646,0.1327,HumidiFi + Raydium CLMM + Byreal,Raydium CLMM + Quantum + Byreal,253.2997,203278.0
2026-09-14T01:17:55+00:00,AAPLx,AAPL,False,100,0.30134819,99.7879,21.21,0.2046,0.0075,Raydium CLMM,Raydium CLMM,330.0258,801659.0
2026-09-14T01:17:55+00:00,AAPLx,AAPL,False,1000,3.01182532,996.7831,32.17,0.2595,0.0624,Raydium CLMM,Raydium CLMM,330.0258,801659.0
2026-09-14T01:17:55+00:00,AAPLx,AAPL,False,10000,30.09590504,9952.5625,47.44,0.3335,0.1414,Whirlpool + Raydium CLMM,Raydium CLMM + Byreal + Whirlpool,330.0258,801659.0
2026-09-14T01:17:55+00:00,TSLAx,TSLA,False,100,0.27764741,99.9279,7.21,0.0,0.158,HumidiFi + Meteora DLMM,Riptide,359.6886,1253462.0
2026-09-14T01:17:55+00:00,TSLAx,TSLA,False,1000,2.77570002,999.0005,10.0,0.0,0.158,Riptide,Riptide,359.6886,1253462.0
2026-09-14T01:17:55+00:00,TSLAx,TSLA,False,10000,27.75707748,9989.8208,10.18,0.0,0.1668,Whirlpool + Riptide,Byreal + Raydium CLMM + Riptide,359.6886,1253462.0
2026-09-14T01:17:55+00:00,NVDAx,NVDA,False,100,0.46515695,99.9361,6.39,0.0,0.0959,Whirlpool,TaurusFi,214.6471,1828154.0
2026-09-14T01:17:55+00:00,NVDAx,NVDA,False,1000,4.65050001,999.0,10.0,0.0,0.1091,Riptide,Riptide,214.6471,1828154.0
2026-09-14T01:17:55+00:00,NVDAx,NVDA,False,10000,46.49964602,9988.8884,11.11,0.0024,0.1087,Kipseli + Whirlpool + Riptide + Raydium CLMM,TaurusFi + Riptide,214.6471,1828154.0
2026-09-14T01:17:55+00:00,SPYx,SPY,False,100,0.13060759,99.9809,1.91,0.0,0.0608,Whirlpool,Byreal,761.4891,4119231.0
2026-09-14T01:17:55+00:00,SPYx,SPY,False,1000,1.30602136,999.7388,2.61,0.0,0.0636,Raydium CLMM,Byreal + AlphaQ + Raydium CLMM,761.4891,4119231.0
2026-09-14T01:17:55+00:00,SPYx,SPY,False,10000,13.05999231,9994.8956,5.1,0.0,0.0869,Whirlpool + Riptide + Raydium CLMM,Riptide + Byreal + Raydium CLMM,761.4891,4119231.0
2026-09-14T01:17:55+00:00,MSTRx,MSTR,False,100,0.78125395,99.9,10.0,0.1104,0.0,Riptide,Riptide,127.8362,728658.0
2026-09-14T01:17:55+00:00,MSTRx,MSTR,False,1000,7.81253954,999.0005,10.0,0.1104,0.0,Riptide,Riptide,127.8362,728658.0
2026-09-14T01:17:55+00:00,MSTRx,MSTR,False,10000,78.1028314,9985.223,14.78,0.1392,0.0086,ZeroFi + Raydium CLMM + Riptide,Riptide + Raydium CLMM + Byreal,127.8362,728658.0
2026-09-14T01:17:55+00:00,METAx,META,False,100,0.15587735,99.7854,21.46,0.211,0.0036,HumidiFi + Meteora DLMM,Whirlpool,638.5992,208881.0
2026-09-14T01:17:55+00:00,METAx,META,False,1000,1.55603335,995.5026,44.97,0.3864,0.0636,Whirlpool,Raydium CLMM,638.5992,208881.0
2026-09-14T01:17:55+00:00,METAx,META,False,10000,15.52839266,9920.2563,79.74,0.5909,0.2078,Byreal + Raydium CLMM + Whirlpool,Raydium CLMM + Byreal + Whirlpool,638.5992,208881.0
2026-09-14T01:17:55+00:00,GOOGLx,GOOGL,False,100,0.29767125,99.8712,12.88,0.1379,0.0,HumidiFi + Meteora DLMM,Whirlpool,334.625,306270.0
2026-09-14T01:17:55+00:00,GOOGLx,GOOGL,False,1000,2.97666546,998.4608,15.39,0.1395,0.0145,HumidiFi + Meteora DLMM,Raydium CLMM,334.625,306270.0
2026-09-14T01:17:55+00:00,GOOGLx,GOOGL,False,10000,29.68227019,9949.1513,50.85,0.4225,0.0863,Whirlpool + Raydium CLMM + HumidiFi + Meteora DLMM,Byreal + Raydium CLMM + Whirlpool,334.625,306270.0
2026-09-14T01:17:55+00:00,AMZNx,AMZN,False,100,0.39367951,99.8173,18.27,0.1781,0.0046,ZeroFi + Meteora DLMM,Byreal,253.518,208777.0
2026-09-14T01:17:55+00:00,AMZNx,AMZN,False,1000,3.92727073,995.5577,44.42,0.4196,0.0247,Byreal,Byreal,253.518,208777.0
2026-09-14T01:17:55+00:00,AMZNx,AMZN,False,10000,39.21859952,9924.7491,75.25,0.5568,0.1968,HumidiFi + Meteora DLMM + Raydium CLMM + Byreal,Meteora DLMM + HumidiFi + Raydium CLMM + Byreal,253.518,208777.0
2026-09-14T01:33:32+00:00,AAPLx,AAPL,False,100,0.301148,99.7922,20.78,0.0057,0.2021,Whirlpool,Raydium CLMM,330.895,802307.0
2026-09-14T01:33:32+00:00,AAPLx,AAPL,False,1000,3.01098187,997.2093,27.91,0.0223,0.2568,Whirlpool,Raydium CLMM,330.895,802307.0
2026-09-14T01:33:32+00:00,AAPLx,AAPL,False,10000,30.09176742,9953.0866,46.91,0.0822,0.3872,Whirlpool + Raydium CLMM,Raydium CLMM + Whirlpool + Byreal,330.895,802307.0
2026-09-14T01:33:32+00:00,TSLAx,TSLA,False,100,0.27791368,99.9423,5.77,0.1427,0.0,GoonFi V2 + Meteora DLMM,Whirlpool,359.238,1250746.0
2026-09-14T01:33:32+00:00,TSLAx,TSLA,False,1000,2.77826699,999.0005,10.0,0.174,0.0,Riptide,Riptide,359.238,1250746.0
2026-09-14T01:33:32+00:00,TSLAx,TSLA,False,10000,27.78271782,9989.9502,10.05,0.1738,0.0,Riptide + Flux + Meteora DLMM,Whirlpool + Riptide,359.238,1250746.0
2026-09-14T01:33:32+00:00,NVDAx,NVDA,False,100,0.46556799,99.9602,3.98,0.096,0.1426,Riptide,Whirlpool,214.3882,1830866.0
2026-09-14T01:33:32+00:00,NVDAx,NVDA,False,1000,4.65567995,999.1452,8.55,0.0,0.1882,Riptide,Raydium CLMM + Whirlpool,214.3882,1830866.0
2026-09-14T01:33:32+00:00,NVDAx,NVDA,False,10000,46.54358686,9988.5214,11.48,0.1278,0.0,Whirlpool + Riptide + TaurusFi,Raydium CLMM + Whirlpool + Riptide,214.3882,1830866.0
2026-09-14T01:33:32+00:00,SPYx,SPY,False,100,0.13061389,99.9802,1.98,0.1754,0.0,Byreal,Byreal,759.7768,4041733.0
2026-09-14T01:33:32+00:00,SPYx,SPY,False,1000,1.3060827,999.7211,2.79,0.1797,0.0,Raydium CLMM,Raydium CLMM,759.7768,4041733.0
2026-09-14T01:33:32+00:00,SPYx,SPY,False,10000,13.05888701,9994.6485,5.35,0.1945,0.0,Byreal + Raydium CLMM + Riptide,Byreal + Raydium CLMM + Riptide,759.7768,4041733.0
2026-09-14T01:33:32+00:00,MSTRx,MSTR,False,100,0.78100347,99.9571,4.29,0.0,0.4329,Riptide,Byreal,128.516,728939.0
2026-09-14T01:33:32+00:00,MSTRx,MSTR,False,1000,7.79621838,997.1919,28.08,0.0,0.4938,HumidiFi + Raydium CLMM,Riptide + Byreal + Meteora DLMM,128.516,728939.0
2026-09-14T01:33:32+00:00,MSTRx,MSTR,False,10000,78.07855687,9984.6207,15.38,0.0,0.5156,Riptide,Byreal + Raydium CLMM + Riptide,128.516,728939.0
2026-09-14T01:33:32+00:00,METAx,META,False,100,0.15609964,99.87,13.0,0.1027,0.0273,Quay + BisonFi + Meteora DLMM,Raydium CLMM,638.3624,207442.0
2026-09-14T01:33:32+00:00,METAx,META,False,1000,1.55705324,995.9311,40.69,0.3551,0.052,Whirlpool,Raydium CLMM,638.3624,207442.0
2026-09-14T01:33:32+00:00,METAx,META,False,10000,15.53439091,9920.1997,79.8,0.5864,0.2129,Whirlpool + Raydium CLMM + Byreal,Whirlpool + Byreal + Raydium CLMM,638.3624,207442.0
2026-09-14T01:33:32+00:00,GOOGLx,GOOGL,False,100,0.29813967,99.9959,0.41,0.0,0.3215,HumidiFi + Meteora DLMM,Whirlpool,334.64,305171.0
2026-09-14T01:33:32+00:00,GOOGLx,GOOGL,False,1000,2.97595288,998.0053,19.95,0.0,0.3343,Quantum + Meteora DLMM,Raydium CLMM + Byreal + Whirlpool,334.64,305171.0
2026-09-14T01:33:32+00:00,GOOGLx,GOOGL,False,10000,29.69071599,9948.5699,51.43,0.0963,0.4184,Whirlpool + Byreal + HumidiFi + Meteora DLMM,Whirlpool + Byreal + Raydium CLMM,334.64,305171.0
2026-09-14T01:33:32+00:00,AMZNx,AMZN,False,100,0.39299802,99.6288,37.12,0.0,0.5372,GoonFi V2 + Raydium CLMM,Byreal,254.8364,208649.0
2026-09-14T01:33:32+00:00,AMZNx,AMZN,False,1000,3.92788782,995.5473,44.53,0.0,0.5582,Byreal,Byreal,254.8364,208649.0
2026-09-14T01:33:32+00:00,AMZNx,AMZN,False,10000,39.22053281,9924.0306,75.97,0.0351,0.7248,Raydium CLMM + HumidiFi + Meteora DLMM + Byreal,Byreal + Meteora DLMM + Quantum + Raydium CLMM,254.8364,208649.0
2026-09-14T01:49:09+00:00,AAPLx,AAPL,False,100,0.30108231,99.7879,21.21,0.0075,0.2046,Raydium CLMM,Raydium CLMM,330.9613,803232.0
2026-09-14T01:49:09+00:00,AAPLx,AAPL,False,1000,3.01038529,997.1864,28.14,0.022,0.2594,Raydium CLMM,Raydium CLMM,330.9613,803232.0
2026-09-14T01:49:09+00:00,AAPLx,AAPL,False,10000,30.08729258,9953.1858,46.81,0.077,0.3914,Raydium CLMM + Whirlpool,Raydium CLMM + Whirlpool + Byreal,330.9613,803232.0
2026-09-14T01:49:09+00:00,TSLAx,TSLA,False,100,0.27746609,99.9675,3.25,0.1569,0.0,Whirlpool,Riptide,359.7663,1248564.0
2026-09-14T01:49:09+00:00,TSLAx,TSLA,False,1000,2.77316956,999.1182,8.82,0.0884,0.0,Raydium CLMM,Riptide,359.7663,1248564.0
2026-09-14T01:49:09+00:00,TSLAx,TSLA,False,10000,27.7287554,9989.8059,10.19,0.099,0.0029,Riptide + Raydium CLMM,Riptide,359.7663,1248564.0
2026-09-14T01:49:09+00:00,NVDAx,NVDA,False,100,0.46439175,99.9377,6.23,0.0021,0.0602,Raydium CLMM,Riptide,214.9238,1834489.0
2026-09-14T01:49:09+00:00,NVDAx,NVDA,False,1000,4.64325153,999.3646,6.35,0.0165,0.0483,Raydium CLMM,Riptide,214.9238,1834489.0
2026-09-14T01:49:09+00:00,NVDAx,NVDA,False,10000,46.41665085,9990.2312,9.77,0.0494,0.0483,Riptide + Raydium CLMM + Whirlpool,Riptide,214.9238,1834489.0
2026-09-14T01:49:09+00:00,SPYx,SPY,False,100,0.13056827,100.0021,-0.21,0.188,0.0,Raydium CLMM,Scorch + Quantum + PancakeSwap,759.9458,4084138.0
2026-09-14T01:49:09+00:00,SPYx,SPY,False,1000,1.30563612,999.7206,2.79,0.1916,0.0,Raydium CLMM,Raydium CLMM,759.9458,4084138.0
2026-09-14T01:49:09+00:00,SPYx,SPY,False,10000,13.05516016,9996.1323,3.87,0.2008,0.0,Raydium CLMM + Whirlpool,Scorch + Quay + Riptide + Byreal,759.9458,4084138.0
2026-09-14T01:49:09+00:00,MSTRx,MSTR,False,100,0.77718168,99.9,10.0,0.1551,0.0,Riptide,Riptide,128.4446,729544.0
2026-09-14T01:49:09+00:00,MSTRx,MSTR,False,1000,7.7718168,999.0005,10.0,0.1551,0.0,Riptide,Riptide,128.4446,729544.0
2026-09-14T01:49:09+00:00,MSTRx,MSTR,False,10000,77.70329963,9984.783,15.22,0.1742,0.0,HumidiFi + Raydium CLMM + Riptide,Riptide,128.4446,729544.0
2026-09-14T01:49:09+00:00,METAx,META,False,100,0.15577387,99.6715,32.85,0.0042,0.3243,Whirlpool,Raydium CLMM,640.3281,208130.0
2026-09-14T01:49:09+00:00,METAx,META,False,1000,1.55687478,995.9161,40.84,0.0597,0.3489,Whirlpool,Raydium CLMM,640.3281,208130.0
2026-09-14T01:49:09+00:00,METAx,META,False,10000,15.53294036,9920.3035,79.7,0.2895,0.5089,Byreal + Raydium CLMM + Whirlpool,Byreal + Raydium CLMM + Whirlpool,640.3281,208130.0
2026-09-14T01:49:09+00:00,GOOGLx,GOOGL,False,100,0.29719262,99.6838,31.62,0.0074,0.3088,Whirlpool,Raydium CLMM,334.5674,306658.0
2026-09-14T01:49:09+00:00,GOOGLx,GOOGL,False,1000,2.96982614,996.0242,39.76,0.0781,0.3198,Whirlpool,Raydium CLMM,334.5674,306658.0
2026-09-14T01:49:09+00:00,GOOGLx,GOOGL,False,10000,29.65570922,9937.8729,62.13,0.2212,0.4009,Whirlpool + Byreal + Raydium CLMM,Byreal + Meteora DLMM + HumidiFi + Raydium CLMM,334.5674,306658.0
2026-09-14T01:49:09+00:00,AMZNx,AMZN,False,100,0.39275267,99.7447,25.53,0.0045,0.2645,Byreal,Meteora DLMM + BisonFi + Quay,254.5505,209211.0
2026-09-14T01:49:09+00:00,AMZNx,AMZN,False,1000,3.92569005,995.5228,44.77,0.0375,0.4104,Byreal,Byreal,254.5505,209211.0
2026-09-14T01:49:09+00:00,AMZNx,AMZN,False,10000,39.1953039,9924.4046,75.6,0.1943,0.5627,Byreal + Raydium CLMM + HumidiFi + Meteora DLMM,Byreal + Meteora DLMM + Quantum + Raydium CLMM,254.5505,209211.0
2026-09-14T02:04:46+00:00,AAPLx,AAPL,False,100,0.30131617,99.9557,4.43,0.0102,0.0341,Raydium CLMM,Meteora DLMM + Quantum,330.6935,803846.0
2026-09-14T02:04:46+00:00,AAPLx,AAPL,False,1000,3.00843873,998.6834,13.17,0.167,0.1271,Byreal,Raydium CLMM,330.6935,803846.0
2026-09-14T02:04:46+00:00,AAPLx,AAPL,False,10000,30.03881859,9955.8967,44.1,0.2099,0.1826,Whirlpool + Byreal + Raydium CLMM,Raydium CLMM + Whirlpool,330.6935,803846.0
2026-09-14T02:04:46+00:00,TSLAx,TSLA,False,100,0.27704504,99.9367,6.33,0.0286,0.0347,Riptide,Whirlpool,360.7918,1256357.0
2026-09-14T02:04:46+00:00,TSLAx,TSLA,False,1000,2.7704098,999.0005,10.0,0.0301,0.0699,Riptide,Riptide,360.7918,1256357.0
2026-09-14T02:04:46+00:00,TSLAx,TSLA,False,10000,27.70409804,9989.7678,10.23,0.0301,0.0723,Riptide,Raydium CLMM + Riptide + Whirlpool,360.7918,1256357.0
2026-09-14T02:04:46+00:00,NVDAx,NVDA,False,100,0.46360387,99.9525,4.75,0.0874,0.0,Whirlpool,Whirlpool,215.1023,1842224.0
2026-09-14T02:04:46+00:00,NVDAx,NVDA,False,1000,4.63510619,998.9847,10.15,0.1075,0.0,Riptide,Riptide,215.1023,1842224.0
2026-09-14T02:04:46+00:00,NVDAx,NVDA,False,10000,46.3472811,9989.1272,10.87,0.1156,0.0,Byreal + Whirlpool + Riptide,Riptide + Whirlpool,215.1023,1842224.0
2026-09-14T02:04:46+00:00,SPYx,SPY,False,100,0.13056904,99.9899,1.01,0.0003,0.0099,Raydium CLMM,Byreal,761.3666,4038023.0
2026-09-14T02:04:46+00:00,SPYx,SPY,False,1000,1.30564376,999.7206,2.79,0.0038,0.0241,Raydium CLMM,Raydium CLMM,761.3666,4038023.0
2026-09-14T02:04:46+00:00,SPYx,SPY,False,10000,13.05389578,9994.7855,5.21,0.0233,0.0289,Raydium CLMM + BisonFi + Riptide,Raydium CLMM + Byreal + Riptide,761.3666,4038023.0
2026-09-14T02:04:46+00:00,MSTRx,MSTR,False,100,0.77468995,99.9021,9.79,0.0478,0.0501,Riptide,Riptide,128.9955,733013.0
2026-09-14T02:04:46+00:00,MSTRx,MSTR,False,1000,7.7467375,999.0005,10.0,0.0499,0.0501,Riptide,Riptide,128.9955,733013.0
2026-09-14T02:04:46+00:00,MSTRx,MSTR,False,10000,77.44459454,9984.9778,15.02,0.0793,0.071,Kipseli + Raydium CLMM + Riptide,Riptide,128.9955,733013.0
2026-09-14T02:04:46+00:00,METAx,META,False,100,0.15557584,99.7817,21.83,0.0091,0.2093,Whirlpool,Byreal,641.1083,209850.0
2026-09-14T02:04:46+00:00,METAx,META,False,1000,1.554755,995.4862,45.14,0.0735,0.3781,Whirlpool,Whirlpool,641.1083,209850.0
2026-09-14T02:04:46+00:00,METAx,META,False,10000,15.52321288,9921.2327,78.77,0.23,0.559,Byreal + Whirlpool + Raydium CLMM,Byreal + Raydium CLMM + Whirlpool,641.1083,209850.0
2026-09-14T02:04:46+00:00,GOOGLx,GOOGL,False,100,0.29668322,99.7253,27.47,0.0748,0.2001,Byreal,Meteora DLMM + HumidiFi,335.9393,305191.0
2026-09-14T02:04:46+00:00,GOOGLx,GOOGL,False,1000,2.96649496,996.5336,34.66,0.0889,0.258,Raydium CLMM,Meteora DLMM + HumidiFi,335.9393,305191.0
2026-09-14T02:04:46+00:00,GOOGLx,GOOGL,False,10000,29.64411097,9942.0623,57.94,0.1591,0.421,Whirlpool + Raydium CLMM + Byreal,Meteora DLMM + TesseraV + Whirlpool + Raydium CLMM,335.9393,305191.0
2026-09-14T02:04:46+00:00,AMZNx,AMZN,False,100,0.39235307,99.5955,40.45,0.007,0.3974,Raydium CLMM,Byreal,254.8087,210321.0
2026-09-14T02:04:46+00:00,AMZNx,AMZN,False,1000,3.92236344,995.3777,46.22,0.0368,0.4256,Byreal,Byreal,254.8087,210321.0
2026-09-14T02:04:46+00:00,AMZNx,AMZN,False,10000,39.16767515,9923.4106,76.59,0.1794,0.5875,Raydium CLMM + Quantum + Meteora DLMM + Byreal,Byreal + Meteora DLMM + HumidiFi + Raydium CLMM,254.8087,210321.0
2026-09-14T02:20:22+00:00,AAPLx,AAPL,False,100,0.30165912,99.9406,5.94,0.0551,0.0043,Manifest,Whirlpool,330.1695,827548.0
2026-09-14T02:20:22+00:00,AAPLx,AAPL,False,1000,3.01045476,997.2054,27.95,0.2584,0.0185,Raydium CLMM,Whirlpool,330.1695,827548.0
2026-09-14T02:20:22+00:00,AAPLx,AAPL,False,10000,30.06524607,9954.4058,45.59,0.3912,0.065,Byreal + Whirlpool + Raydium CLMM,Whirlpool + Raydium CLMM,330.1695,827548.0
2026-09-14T02:20:22+00:00,TSLAx,TSLA,False,100,0.27673334,99.9143,8.57,0.0388,0.0469,Whirlpool,Riptide,361.1465,1250648.0
2026-09-14T02:20:22+00:00,TSLAx,TSLA,False,1000,2.76686883,999.0005,10.0,0.0556,0.0444,Riptide,Riptide,361.1465,1250648.0
2026-09-14T02:20:22+00:00,TSLAx,TSLA,False,10000,27.66874707,9989.5367,10.46,0.0554,0.0493,Riptide + Whirlpool + Raydium CLMM,Riptide + Whirlpool,361.1465,1250648.0
2026-09-14T02:20:22+00:00,NVDAx,NVDA,False,100,0.46360217,99.9544,4.56,0.1167,0.0,Riptide,Whirlpool,215.04,1836396.0
2026-09-14T02:20:22+00:00,NVDAx,NVDA,False,1000,4.63601747,999.1977,8.02,0.1168,0.0,Riptide,Whirlpool,215.04,1836396.0
2026-09-14T02:20:22+00:00,NVDAx,NVDA,False,10000,46.35437388,9990.4376,9.56,0.1293,0.0,Whirlpool + Riptide,Whirlpool + Riptide,215.04,1836396.0
2026-09-14T02:20:22+00:00,SPYx,SPY,False,100,0.13043,99.9974,0.26,0.0052,0.0,HumidiFi + Scorch,Riptide,762.1411,4284781.0
2026-09-14T02:20:22+00:00,SPYx,SPY,False,1000,1.30423774,999.9266,0.73,0.01,0.0,Raydium CLMM,Riptide,762.1411,4284781.0
2026-09-14T02:20:22+00:00,SPYx,SPY,False,10000,13.03852049,9996.2689,3.73,0.0396,0.0,Byreal + Raydium CLMM + Whirlpool,Riptide,762.1411,4284781.0
2026-09-14T02:20:22+00:00,MSTRx,MSTR,False,100,0.77156038,99.9,10.0,0.2081,0.0,Riptide,Riptide,129.311,743797.0
2026-09-14T02:20:22+00:00,MSTRx,MSTR,False,1000,7.71560383,998.8741,11.26,0.2081,0.0,Riptide,Riptide,129.311,743797.0
2026-09-14T02:20:22+00:00,MSTRx,MSTR,False,10000,77.14270217,9984.789,15.21,0.2253,0.0,Riptide,Byreal + Riptide,129.311,743797.0
2026-09-14T02:20:22+00:00,METAx,META,False,100,0.15535302,99.6678,33.22,0.4638,0.0,Whirlpool,Whirlpool,642.3193,214104.0
2026-09-14T02:20:22+00:00,METAx,META,False,1000,1.55259139,995.5251,44.75,0.5253,0.0,Raydium CLMM,Whirlpool,642.3193,214104.0
2026-09-14T02:20:22+00:00,METAx,META,False,10000,15.5036974,9921.1181,78.88,0.1649,0.126,Byreal + Whirlpool + Raydium CLMM,Byreal + Whirlpool + Raydium CLMM,642.3193,214104.0
2026-09-14T02:20:22+00:00,GOOGLx,GOOGL,False,100,0.29658308,99.7166,28.34,0.324,0.0,Whirlpool,Meteora DLMM + Flux + AlphaQ,335.2149,303353.0
2026-09-14T02:20:22+00:00,GOOGLx,GOOGL,False,1000,2.96501775,996.9642,30.36,0.3513,0.0,Raydium CLMM,Meteora DLMM + BisonFi + Quay,335.2149,303353.0
2026-09-14T02:20:22+00:00,GOOGLx,GOOGL,False,10000,29.63181811,9940.0235,59.98,0.413,0.1875,Byreal + Raydium CLMM + Whirlpool,Meteora DLMM + Scorch + AlphaQ + Raydium CLMM,335.2149,303353.0
2026-09-14T02:20:22+00:00,AMZNx,AMZN,False,100,0.3922359,99.632,36.8,0.2795,0.0888,Byreal,Raydium CLMM + Scorch + AlphaQ,254.1722,210479.0
2026-09-14T02:20:22+00:00,AMZNx,AMZN,False,1000,3.92124652,995.3775,46.23,0.3078,0.155,Byreal,Byreal,254.1722,210479.0
2026-09-14T02:20:22+00:00,AMZNx,AMZN,False,10000,39.15507842,9923.4243,76.58,0.4537,0.3135,BisonFi + Meteora DLMM + Raydium CLMM + Byreal,Byreal + Raydium CLMM + Meteora DLMM + HumidiFi,254.1722,210479.0
2026-09-14T02:36:03+00:00,AAPLx,AAPL,False,100,0.30192847,99.793,20.7,0.2023,0.0013,Raydium CLMM,Raydium CLMM,329.3884,798051.0
2026-09-14T02:36:03+00:00,AAPLx,AAPL,False,1000,3.01762326,997.2911,27.09,0.2606,0.2101,Raydium CLMM,Raydium CLMM,329.3884,798051.0
2026-09-14T02:36:03+00:00,AAPLx,AAPL,False,10000,30.13254884,9953.4884,46.51,0.2056,0.26,Byreal + Whirlpool + Raydium CLMM,Raydium CLMM + Whirlpool + Byreal,329.3884,798051.0
2026-09-14T02:36:03+00:00,TSLAx,TSLA,False,100,0.27666405,99.9,10.0,0.0,0.1442,Riptide,Riptide,361.5462,1251289.0
2026-09-14T02:36:03+00:00,TSLAx,TSLA,False,1000,2.76664054,999.0079,9.92,0.0,0.1435,Riptide,Whirlpool + Riptide,361.5462,1251289.0
2026-09-14T02:36:03+00:00,TSLAx,TSLA,False,10000,27.66640546,9989.492,10.51,0.0,0.1493,Riptide,Whirlpool + Riptide,361.5462,1251289.0
2026-09-14T02:36:03+00:00,NVDAx,NVDA,False,100,0.46353287,99.9511,4.89,0.0036,0.0453,Whirlpool,Whirlpool,215.3226,1832940.0
2026-09-14T02:36:03+00:00,NVDAx,NVDA,False,1000,4.63458514,999.0005,10.0,0.0197,0.0803,Riptide,Riptide,215.3226,1832940.0
2026-09-14T02:36:03+00:00,NVDAx,NVDA,False,10000,46.34050984,9988.9713,11.03,0.0312,0.0791,Whirlpool + Riptide,TaurusFi + Whirlpool + Riptide,215.3226,1832940.0
2026-09-14T02:36:03+00:00,SPYx,SPY,False,100,0.13042029,99.9874,1.26,0.0171,0.008,Raydium CLMM,Byreal,762.1311,4510221.0
2026-09-14T02:36:03+00:00,SPYx,SPY,False,1000,1.30413825,999.7654,2.35,0.0095,0.395,Raydium CLMM,Byreal + Raydium CLMM + AlphaQ,762.1311,4510221.0
2026-09-14T02:36:03+00:00,SPYx,SPY,False,10000,13.03853742,9994.9105,5.09,0.0,0.4006,Raydium CLMM + Whirlpool + Riptide,Riptide + Byreal + AlphaQ,762.1311,4510221.0
2026-09-14T02:36:03+00:00,MSTRx,MSTR,False,100,0.768434,99.9,10.0,0.3012,0.0,Riptide,Riptide,129.7201,746362.0
2026-09-14T02:36:03+00:00,MSTRx,MSTR,False,1000,7.68434,998.9475,10.52,0.3012,0.0,Riptide,Riptide,129.7201,746362.0
2026-09-14T02:36:03+00:00,MSTRx,MSTR,False,10000,76.81616264,9984.9072,15.09,0.3366,0.0,Byreal + Riptide,Riptide,129.7201,746362.0
2026-09-14T02:36:03+00:00,METAx,META,False,100,0.15534496,99.6771,32.29,0.317,0.0059,Raydium CLMM,Whirlpool,640.105,213531.0
2026-09-14T02:36:03+00:00,METAx,META,False,1000,1.55306753,995.9753,40.25,0.3415,0.0612,Raydium CLMM,Whirlpool,640.105,213531.0
2026-09-14T02:36:03+00:00,METAx,META,False,10000,15.5066745,9921.4729,78.53,0.4955,0.2912,Whirlpool + Raydium CLMM + Byreal,Whirlpool + Byreal + Raydium CLMM,640.105,213531.0
2026-09-14T02:36:03+00:00,GOOGLx,GOOGL,False,100,0.29642931,99.8263,17.37,0.1365,0.0373,Byreal,Meteora DLMM + Scorch + HumidiFi,336.0573,304737.0
2026-09-14T02:36:03+00:00,GOOGLx,GOOGL,False,1000,2.96389061,997.917,20.83,0.15,0.0583,Raydium CLMM,Meteora DLMM + HumidiFi,336.0573,304737.0
2026-09-14T02:36:03+00:00,GOOGLx,GOOGL,False,10000,29.62069754,9948.0559,51.94,0.2114,0.3087,Byreal + Whirlpool + Raydium CLMM,Raydium CLMM + Meteora DLMM + TesseraV + Whirlpool,336.0573,304737.0
2026-09-14T02:36:03+00:00,AMZNx,AMZN,False,100,0.39209455,99.7949,20.51,0.5,0.0,Byreal,Meteora DLMM + TesseraV,253.721,212645.0
2026-09-14T02:36:03+00:00,AMZNx,AMZN,False,1000,3.92010631,995.5309,44.69,0.5213,0.0,Byreal,Byreal,253.721,212645.0
2026-09-14T02:36:03+00:00,AMZNx,AMZN,False,10000,39.14461634,9927.5609,72.44,0.6645,0.0603,Quantum + Meteora DLMM + Byreal + Raydium CLMM,Byreal + Raydium CLMM + Meteora DLMM + HumidiFi,253.721,212645.0
2026-09-14T02:51:44+00:00,AAPLx,AAPL,False,100,0.30226657,99.7879,21.21,0.0092,0.2029,Raydium CLMM,Raydium CLMM,329.6629,784156.0
2026-09-14T02:51:44+00:00,AAPLx,AAPL,False,1000,3.02100154,997.1762,28.24,0.0643,0.2183,Raydium CLMM,Raydium CLMM,329.6629,784156.0
2026-09-14T02:51:44+00:00,AAPLx,AAPL,False,10000,30.16464464,9952.2914,47.71,0.2143,0.2633,Byreal + Whirlpool + Raydium CLMM,Whirlpool + Byreal + Raydium CLMM,329.6629,784156.0
2026-09-14T02:51:44+00:00,TSLAx,TSLA,False,100,0.27663755,99.9451,5.49,0.179,0.0,Whirlpool,Riptide,360.7684,1249811.0
2026-09-14T02:51:44+00:00,TSLAx,TSLA,False,1000,2.76544796,999.1158,8.84,0.2124,0.0,Raydium CLMM,Riptide,360.7684,1249811.0
2026-09-14T02:51:44+00:00,TSLAx,TSLA,False,10000,27.65160845,9989.5303,10.47,0.2228,0.0,Raydium CLMM + Riptide,Riptide,360.7684,1249811.0
2026-09-14T02:51:44+00:00,NVDAx,NVDA,False,100,0.463351,99.9585,4.15,0.038,0.0035,TaurusFi,Whirlpool,215.3297,1833228.0
2026-09-14T02:51:44+00:00,NVDAx,NVDA,False,1000,4.63339623,999.2311,7.69,0.0404,0.0365,Riptide,Whirlpool,215.3297,1833228.0
2026-09-14T02:51:44+00:00,NVDAx,NVDA,False,10000,46.32941057,9989.3441,10.66,0.0502,0.0564,Raydium CLMM + Riptide,Riptide + Whirlpool + Raydium CLMM + Quantum,215.3297,1833228.0
2026-09-14T02:51:44+00:00,SPYx,SPY,False,100,0.13046905,99.9922,0.78,0.0712,0.0,Raydium CLMM,Riptide,761.4233,4456072.0
2026-09-14T02:51:44+00:00,SPYx,SPY,False,1000,1.30463478,999.8792,1.21,0.0754,0.0,Raydium CLMM,Riptide,761.4233,4456072.0
2026-09-14T02:51:44+00:00,SPYx,SPY,False,10000,13.04277559,9996.0318,3.97,0.1028,0.0,Whirlpool + Byreal + Raydium CLMM,Riptide,761.4233,4456072.0
2026-09-14T02:51:44+00:00,MSTRx,MSTR,False,100,0.76714874,99.9314,6.86,0.0,0.0733,Raydium CLMM,Riptide,130.3342,746311.0
2026-09-14T02:51:44+00:00,MSTRx,MSTR,False,1000,7.66907763,999.0005,10.0,0.0267,0.0733,Riptide,Riptide,130.3342,746311.0
2026-09-14T02:51:44+00:00,MSTRx,MSTR,False,10000,76.67392745,9984.1532,15.85,0.0487,0.111,Raydium CLMM + Riptide,Riptide,130.3342,746311.0
2026-09-14T02:51:44+00:00,METAx,META,False,100,0.15530288,99.6544,34.56,0.419,0.0,Whirlpool,Whirlpool,639.6061,214742.0
2026-09-14T02:51:44+00:00,METAx,META,False,1000,1.55233961,995.5461,44.54,0.4632,0.0,Raydium CLMM,Whirlpool,639.6061,214742.0
2026-09-14T02:51:44+00:00,METAx,META,False,10000,15.50184775,9920.6597,79.34,0.6014,0.1932,Byreal + Whirlpool + Raydium CLMM,Raydium CLMM + Whirlpool + Byreal,639.6061,214742.0
2026-09-14T02:51:44+00:00,GOOGLx,GOOGL,False,100,0.29642931,99.9355,6.45,0.1582,0.0,Byreal,Meteora DLMM + HumidiFi,335.9484,304436.0
2026-09-14T02:51:44+00:00,GOOGLx,GOOGL,False,1000,2.96337785,997.4382,25.62,0.1891,0.0673,Raydium CLMM,Meteora DLMM + Quantum,335.9484,304436.0
2026-09-14T02:51:44+00:00,GOOGLx,GOOGL,False,10000,29.61772214,9946.3178,53.68,0.2431,0.2944,Byreal + Whirlpool + Raydium CLMM,Whirlpool + Meteora DLMM + HumidiFi + Raydium CLMM,335.9484,304436.0
2026-09-14T02:51:44+00:00,AMZNx,AMZN,False,100,0.39180844,99.6523,34.77,0.0062,0.3439,Raydium CLMM,Meteora DLMM + Quantum,255.1597,216772.0
2026-09-14T02:51:44+00:00,AMZNx,AMZN,False,1000,3.91655896,995.3466,46.53,0.0427,0.4228,Raydium CLMM,Byreal,255.1597,216772.0
2026-09-14T02:51:44+00:00,AMZNx,AMZN,False,10000,39.12040945,9927.983,72.02,0.1581,0.563,Raydium CLMM + Byreal,Meteora DLMM + HumidiFi + Raydium CLMM + Byreal,255.1597,216772.0
2026-09-14T03:07:21+00:00,AAPLx,AAPL,False,100,0.30218132,99.8264,17.36,0.009,0.1647,Raydium CLMM,Meteora DLMM + HumidiFi,329.7514,782254.0
2026-09-14T03:07:21+00:00,AAPLx,AAPL,False,1000,3.02014969,996.9659,30.34,0.064,0.2395,Raydium CLMM,Whirlpool,329.7514,782254.0
2026-09-14T03:07:21+00:00,AAPLx,AAPL,False,10000,30.16104465,9950.5902,49.41,0.1979,0.2968,Whirlpool + Byreal + Raydium CLMM,Whirlpool + Byreal + Raydium CLMM,329.7514,782254.0
2026-09-14T03:07:21+00:00,TSLAx,TSLA,False,100,0.27657981,99.9249,7.51,0.0,0.0839,Whirlpool,Raydium CLMM + ZeroFi,361.5229,1249895.0
2026-09-14T03:07:21+00:00,TSLAx,TSLA,False,1000,2.76558496,999.0005,10.0,0.0,0.1011,Riptide,Riptide,361.5229,1249895.0
2026-09-14T03:07:21+00:00,TSLAx,TSLA,False,10000,27.65587095,9989.4915,10.51,0.0,0.1063,Riptide + Whirlpool,Raydium CLMM + Flux + Riptide,361.5229,1249895.0
2026-09-14T03:07:21+00:00,NVDAx,NVDA,False,100,0.46343361,99.9848,1.52,0.0109,0.0043,Raydium CLMM,Whirlpool,215.3463,1823192.0
2026-09-14T03:07:21+00:00,NVDAx,NVDA,False,1000,4.6337218,999.3529,6.47,0.0242,0.0406,Raydium CLMM,Whirlpool,215.3463,1823192.0
2026-09-14T03:07:21+00:00,NVDAx,NVDA,False,10000,46.33309928,9989.9224,10.08,0.0331,0.0677,Raydium CLMM + Riptide + Whirlpool,Whirlpool + Riptide,215.3463,1823192.0
2026-09-14T03:07:21+00:00,SPYx,SPY,False,100,0.1305,99.9953,0.47,0.0,0.0126,Scorch,Raydium CLMM,761.8323,4490537.0
2026-09-14T03:07:21+00:00,SPYx,SPY,False,1000,1.3048549,999.7986,2.01,0.0033,0.0169,Riptide,Raydium CLMM,761.8323,4490537.0
2026-09-14T03:07:21+00:00,SPYx,SPY,False,10000,13.04831026,9995.0769,4.92,0.0051,0.0317,Raydium CLMM + Riptide,Riptide + Raydium CLMM + Byreal,761.8323,4490537.0
2026-09-14T03:07:21+00:00,MSTRx,MSTR,False,100,0.76452181,99.9,10.0,0.0,0.121,Riptide,Riptide,130.8013,755569.0
2026-09-14T03:07:21+00:00,MSTRx,MSTR,False,1000,7.64520649,999.0005,10.0,0.0,0.1208,Riptide,Riptide,130.8013,755569.0
2026-09-14T03:07:21+00:00,MSTRx,MSTR,False,10000,76.41073476,9986.9061,13.09,0.0332,0.0978,TesseraV + Raydium CLMM + Riptide,Riptide,130.8013,755569.0
2026-09-14T03:07:21+00:00,METAx,META,False,100,0.15526458,99.6703,32.97,0.3242,0.0055,Raydium CLMM,Whirlpool,640.37,214496.0
2026-09-14T03:07:21+00:00,METAx,META,False,1000,1.55227475,995.8213,41.79,0.348,0.0701,Raydium CLMM,Whirlpool,640.37,214496.0
2026-09-14T03:07:21+00:00,METAx,META,False,10000,15.49992525,9921.0444,78.96,0.4945,0.2965,Whirlpool + Raydium CLMM + Byreal,Byreal + Raydium CLMM + Whirlpool,640.37,214496.0
2026-09-14T03:07:21+00:00,GOOGLx,GOOGL,False,100,0.29641266,99.8631,13.69,0.4849,0.0,Byreal,Raydium CLMM + ZeroFi,334.8665,304668.0
2026-09-14T03:07:21+00:00,GOOGLx,GOOGL,False,1000,2.96337944,997.5929,24.07,0.51,0.0,Raydium CLMM,Meteora DLMM + ZeroFi,334.8665,304668.0
2026-09-14T03:07:21+00:00,GOOGLx,GOOGL,False,10000,29.61730991,9944.806,55.19,0.5653,0.0,Byreal + Whirlpool + Raydium CLMM,Meteora DLMM + ZeroFi + HumidiFi + Raydium CLMM,334.8665,304668.0
2026-09-14T03:07:21+00:00,AMZNx,AMZN,False,100,0.39213948,99.675,32.5,0.3227,0.0024,Quantum + Meteora DLMM,Byreal,254.1361,220433.0
2026-09-14T03:07:21+00:00,AMZNx,AMZN,False,1000,3.91643819,995.2667,47.33,0.4487,0.0248,Byreal,Byreal,254.1361,220433.0
2026-09-14T03:07:21+00:00,AMZNx,AMZN,False,10000,39.12337636,9926.8877,73.11,0.5529,0.1792,Raydium CLMM + Byreal + HumidiFi + Meteora DLMM,Raydium CLMM + Byreal + Meteora DLMM + Quantum,254.1361,220433.0
2026-09-14T03:52:58+00:00,AAPLx,AAPL,False,100,0.30260934,99.792,20.8,0.2056,0.0024,Raydium CLMM,Whirlpool,328.6292,763745.0
2026-09-14T03:52:58+00:00,AAPLx,AAPL,False,1000,3.02464258,997.2831,27.17,0.2534,0.0179,Raydium CLMM,Raydium CLMM,328.6292,763745.0
2026-09-14T03:52:58+00:00,AAPLx,AAPL,False,10000,30.19644057,9952.2157,47.78,0.4187,0.0594,Byreal + Whirlpool + Raydium CLMM,Raydium CLMM + Byreal + Whirlpool,328.6292,763745.0
2026-09-14T03:52:58+00:00,TSLAx,TSLA,False,100,0.27709047,99.941,5.9,0.0,0.067,Whirlpool,Riptide,360.8398,1241594.0
2026-09-14T03:52:58+00:00,TSLAx,TSLA,False,1000,2.7704175,999.2567,7.43,0.0096,0.0648,Raydium CLMM,Riptide,360.8398,1241594.0
2026-09-14T03:52:58+00:00,TSLAx,TSLA,False,10000,27.69787058,9989.7282,10.27,0.0323,0.0704,Raydium CLMM + Riptide,Riptide,360.8398,1241594.0
2026-09-14T03:52:58+00:00,NVDAx,NVDA,False,100,0.46427173,99.9269,7.31,0.0544,0.0187,Whirlpool,TaurusFi,214.7407,1811578.0
2026-09-14T03:52:58+00:00,NVDAx,NVDA,False,1000,4.6418037,999.0005,10.0,0.0741,0.0259,Riptide,Riptide,214.7407,1811578.0
2026-09-14T03:52:58+00:00,NVDAx,NVDA,False,10000,46.41299189,9988.9459,11.05,0.0849,0.0257,TaurusFi + Riptide + Whirlpool,TaurusFi + Riptide,214.7407,1811578.0
2026-09-14T03:52:58+00:00,SPYx,SPY,False,100,0.13059,99.9917,0.83,0.0,0.1291,Scorch,Raydium CLMM,762.1518,4438065.0
2026-09-14T03:52:58+00:00,SPYx,SPY,False,1000,1.30572223,999.7617,2.38,0.0,0.131,Riptide,Raydium CLMM + Byreal + AlphaQ,762.1518,4438065.0
2026-09-14T03:52:58+00:00,SPYx,SPY,False,10000,13.05720403,9994.954,5.05,0.0,0.1574,Riptide + Raydium CLMM,Raydium CLMM + Riptide + Byreal,762.1518,4438065.0
2026-09-14T03:52:58+00:00,MSTRx,MSTR,False,100,0.76228946,99.9043,9.57,0.0,0.4156,Riptide,Riptide,131.5753,770473.0
2026-09-14T03:52:58+00:00,MSTRx,MSTR,False,1000,7.62256929,998.8726,11.27,0.0,0.4284,Riptide,Riptide,131.5753,770473.0
2026-09-14T03:52:58+00:00,MSTRx,MSTR,False,10000,76.21835795,9985.0801,14.92,0.0,0.4551,Riptide,Raydium CLMM + Flux + Riptide,131.5753,770473.0
2026-09-14T03:52:58+00:00,METAx,META,False,100,0.15517594,99.6678,33.22,0.4938,0.0,Whirlpool,Whirlpool,639.6317,216916.0
2026-09-14T03:52:58+00:00,METAx,META,False,1000,1.55125986,995.769,42.31,0.5259,0.0,Raydium CLMM,Whirlpool,639.6317,216916.0
2026-09-14T03:52:58+00:00,METAx,META,False,10000,15.49002252,9921.3724,78.63,0.6706,0.1164,Whirlpool + Byreal + Raydium CLMM,Raydium CLMM + Byreal + Whirlpool,639.6317,216916.0
2026-09-14T03:52:58+00:00,GOOGLx,GOOGL,False,100,0.29693613,99.7269,27.31,0.2686,0.0046,Whirlpool,Byreal,334.9956,302392.0
2026-09-14T03:52:58+00:00,GOOGLx,GOOGL,False,1000,2.96818712,996.5405,34.6,0.308,0.0381,Whirlpool,Raydium CLMM,334.9956,302392.0
2026-09-14T03:52:58+00:00,GOOGLx,GOOGL,False,10000,29.63634935,9943.6902,56.31,0.4609,0.1027,Raydium CLMM + HumidiFi + Meteora DLMM + Whirlpool,Raydium CLMM + Whirlpool + Byreal,334.9956,302392.0
2026-09-14T03:52:58+00:00,AMZNx,AMZN,False,100,0.39258245,99.753,24.7,0.2454,0.0016,HumidiFi + Raydium CLMM,Byreal,254.0407,217884.0
2026-09-14T03:52:58+00:00,AMZNx,AMZN,False,1000,3.91897624,995.6146,43.85,0.4194,0.0192,Byreal,Byreal,254.0407,217884.0
2026-09-14T03:52:58+00:00,AMZNx,AMZN,False,10000,39.14376928,9928.7471,71.25,0.5363,0.1772,Raydium CLMM + Byreal + HumidiFi + Meteora DLMM,Raydium CLMM + Byreal + Meteora DLMM + HumidiFi,254.0407,217884.0
2026-09-14T04:09:07+00:00,AAPLx,AAPL,False,100,0.30255752,99.7895,21.05,0.204,0.0066,Raydium CLMM,Raydium CLMM,328.6923,764379.0
2026-09-14T04:09:07+00:00,AAPLx,AAPL,False,1000,3.02412483,997.1112,28.89,0.2518,0.0372,Raydium CLMM,Raydium CLMM,328.6923,764379.0
2026-09-14T04:09:07+00:00,AAPLx,AAPL,False,10000,30.19489948,9951.6929,48.31,0.4047,0.0787,Whirlpool + Raydium CLMM + Byreal,Whirlpool + Raydium CLMM + Byreal,328.6923,764379.0
2026-09-14T04:09:07+00:00,TSLAx,TSLA,False,100,0.27712662,99.9315,6.85,0.077,0.0,Whirlpool,Riptide,360.4864,1241055.0
2026-09-14T04:09:07+00:00,TSLAx,TSLA,False,1000,2.77039615,999.0005,10.0,0.1084,0.0,Riptide,Riptide,360.4864,1241055.0
2026-09-14T04:09:07+00:00,TSLAx,TSLA,False,10000,27.70404857,9989.4735,10.53,0.1081,0.0,Riptide + Whirlpool,Whirlpool + Riptide,360.4864,1241055.0
2026-09-14T04:09:07+00:00,NVDAx,NVDA,False,100,0.46407722,99.9525,4.75,0.1487,0.0,Whirlpool,Whirlpool,214.7468,1810668.0
2026-09-14T04:09:07+00:00,NVDAx,NVDA,False,1000,4.63915341,999.0006,9.99,0.2055,0.0133,Raydium CLMM,Riptide,214.7468,1810668.0
2026-09-14T04:09:07+00:00,NVDAx,NVDA,False,10000,46.38911386,9989.4976,10.5,0.0919,0.0132,Raydium CLMM + Riptide,TaurusFi + Riptide,214.7468,1810668.0
2026-09-14T04:09:07+00:00,SPYx,SPY,False,100,0.13056433,99.9896,1.04,0.0927,0.0,Byreal,Whirlpool,761.4403,4500522.0
2026-09-14T04:09:07+00:00,SPYx,SPY,False,1000,1.30549246,999.7046,2.95,0.1027,0.0,Raydium CLMM,Raydium CLMM,761.4403,4500522.0
2026-09-14T04:09:07+00:00,SPYx,SPY,False,10000,13.05263372,9994.6663,5.33,0.0307,0.0226,Riptide + Raydium CLMM + Byreal,Raydium CLMM + Riptide,761.4403,4500522.0
2026-09-14T04:09:07+00:00,MSTRx,MSTR,False,100,0.76394045,99.9,10.0,0.051,0.049,Riptide,Riptide,130.8039,763746.0
2026-09-14T04:09:07+00:00,MSTRx,MSTR,False,1000,7.6390544,999.0005,10.0,0.0555,0.0444,Riptide,Riptide,130.8039,763746.0
2026-09-14T04:09:07+00:00,MSTRx,MSTR,False,10000,75.99912393,9935.375,64.62,0.5677,0.079,Raydium CLMM + TesseraV + HumidiFi,Raydium CLMM + Flux + Deriverse + Riptide,130.8039,763746.0
2026-09-14T04:09:07+00:00,METAx,META,False,100,0.15522298,99.6733,32.67,0.3225,0.0043,Whirlpool,Meteora DLMM + Quantum,640.5396,216246.0
2026-09-14T04:09:07+00:00,METAx,META,False,1000,1.55135077,995.5048,44.95,0.3789,0.0709,Whirlpool,Whirlpool,640.5396,216246.0
2026-09-14T04:09:07+00:00,METAx,META,False,10000,15.49185683,9921.2107,78.79,0.5179,0.2714,Whirlpool + Raydium CLMM + Byreal,Byreal + Raydium CLMM + Whirlpool,640.5396,216246.0
2026-09-14T04:09:07+00:00,GOOGLx,GOOGL,False,100,0.29692685,99.7372,26.28,0.3058,0.0,Whirlpool,Meteora DLMM + HumidiFi,334.8813,301101.0
2026-09-14T04:09:07+00:00,GOOGLx,GOOGL,False,1000,2.96808067,996.4218,35.78,0.3477,0.0102,Whirlpool,Raydium CLMM,334.8813,301101.0
2026-09-14T04:09:07+00:00,GOOGLx,GOOGL,False,10000,29.63389041,9942.2411,57.76,0.5052,0.0728,Whirlpool + Raydium CLMM + HumidiFi + Meteora DLMM,Whirlpool + Byreal + Raydium CLMM,334.8813,301101.0
2026-09-14T04:09:07+00:00,AMZNx,AMZN,False,100,0.39194886,99.5965,40.35,0.0042,0.3993,Byreal,Byreal,255.0719,219521.0
2026-09-14T04:09:07+00:00,AMZNx,AMZN,False,1000,3.9187937,995.6139,43.86,0.022,0.4168,Byreal,Byreal,255.0719,219521.0
2026-09-14T04:09:07+00:00,AMZNx,AMZN,False,10000,39.13522425,9928.6058,71.39,0.1564,0.5584,Raydium CLMM + Byreal + BisonFi + Meteora DLMM,Raydium CLMM + Meteora DLMM + Quantum + Byreal,255.0719,219521.0
2026-09-14T04:25:18+00:00,AAPLx,AAPL,False,100,0.30249552,99.7895,21.05,0.1994,0.0112,Raydium CLMM,Raydium CLMM,328.775,764740.0
2026-09-14T04:25:18+00:00,AAPLx,AAPL,False,1000,3.02350518,996.939,30.61,0.2472,0.059,Raydium CLMM,Raydium CLMM,328.775,764740.0
2026-09-14T04:25:18+00:00,AAPLx,AAPL,False,10000,30.19304236,9951.0997,48.9,0.3858,0.1036,Whirlpool + Byreal + Raydium CLMM,Raydium CLMM + Whirlpool + Byreal,328.775,764740.0
2026-09-14T04:25:18+00:00,TSLAx,TSLA,False,100,0.27727559,99.9587,4.13,0.0,0.3818,Whirlpool,Riptide,360.2827,1241744.0
2026-09-14T04:25:18+00:00,TSLAx,TSLA,False,1000,2.77113022,998.9734,10.27,0.0,0.3845,Riptide,Riptide,360.2827,1241744.0
2026-09-14T04:25:18+00:00,TSLAx,TSLA,False,10000,27.71220958,9989.4883,10.51,0.0,0.3902,Riptide + Whirlpool,Raydium CLMM + Riptide,360.2827,1241744.0
2026-09-14T04:25:18+00:00,NVDAx,NVDA,False,100,0.46392909,99.9714,2.86,0.0421,0.0,Raydium CLMM,Whirlpool + Quantum + GoonFi V2,215.0449,1809284.0
2026-09-14T04:25:18+00:00,NVDAx,NVDA,False,1000,4.63867564,999.4758,5.24,0.0554,0.0,Raydium CLMM,Riptide,215.0449,1809284.0
2026-09-14T04:25:18+00:00,NVDAx,NVDA,False,10000,46.36894471,9991.2084,8.79,0.0938,0.0,Raydium CLMM + Riptide + Whirlpool,Riptide,215.0449,1809284.0
2026-09-14T04:25:18+00:00,SPYx,SPY,False,100,0.13064111,99.9884,1.16,0.0,0.0138,Whirlpool,Byreal,760.9511,4480652.0
2026-09-14T04:25:18+00:00,SPYx,SPY,False,1000,1.30626551,999.7642,2.36,0.009,0.0146,Raydium CLMM,Riptide,760.9511,4480652.0
2026-09-14T04:25:18+00:00,SPYx,SPY,False,10000,13.05948664,9995.2176,4.78,0.0332,0.0146,Riptide + Raydium CLMM + Whirlpool,Riptide + Byreal,760.9511,4480652.0
2026-09-14T04:25:18+00:00,MSTRx,MSTR,False,100,0.76356466,99.9167,8.33,0.1957,0.0,Riptide,Riptide,130.6789,763143.0
2026-09-14T04:25:18+00:00,MSTRx,MSTR,False,1000,7.6343777,999.0005,10.0,0.2139,0.0,Riptide,Riptide,130.6789,763143.0
2026-09-14T04:25:18+00:00,MSTRx,MSTR,False,10000,76.32160568,9985.3551,14.64,0.2429,0.0,Riptide + ZeroFi + Raydium CLMM,Riptide,130.6789,763143.0
2026-09-14T04:25:18+00:00,METAx,META,False,100,0.15534421,99.6628,33.72,0.2976,0.0397,Whirlpool,Whirlpool,640.2102,212449.0
2026-09-14T04:25:18+00:00,METAx,META,False,1000,1.55233663,995.3685,46.32,0.3685,0.095,Whirlpool,Whirlpool,640.2102,212449.0
2026-09-14T04:25:18+00:00,METAx,META,False,10000,15.50032088,9920.2297,79.77,0.5165,0.2827,Byreal + Whirlpool + Raydium CLMM,Byreal + Raydium CLMM + Whirlpool,640.2102,212449.0
2026-09-14T04:25:18+00:00,GOOGLx,GOOGL,False,100,0.29677201,99.702,29.8,0.0,0.3378,AlphaQ + GoonFi V2 + Meteora DLMM,Whirlpool,336.2238,298450.0
2026-09-14T04:25:18+00:00,GOOGLx,GOOGL,False,1000,2.96761767,996.6745,33.26,0.0,0.3689,HumidiFi + Meteora DLMM,Whirlpool,336.2238,298450.0
2026-09-14T04:25:18+00:00,GOOGLx,GOOGL,False,10000,29.63289705,9941.977,58.02,0.1094,0.4714,Whirlpool + Raydium CLMM + HumidiFi + Meteora DLMM,Whirlpool + Raydium CLMM + Byreal,336.2238,298450.0
2026-09-14T04:25:18+00:00,AMZNx,AMZN,False,100,0.39170384,99.5937,40.63,0.4023,0.0041,Byreal,Byreal,254.2146,222561.0
2026-09-14T04:25:18+00:00,AMZNx,AMZN,False,1000,3.9158438,995.3821,46.18,0.4327,0.0293,Byreal,Byreal,254.2146,222561.0
2026-09-14T04:25:18+00:00,AMZNx,AMZN,False,10000,39.11842045,9929.8054,70.19,0.5344,0.1684,HumidiFi + Meteora DLMM + Byreal + Raydium CLMM,Meteora DLMM + HumidiFi + Raydium CLMM + Byreal,254.2146,222561.0
2026-09-14T04:41:45+00:00,AAPLx,AAPL,False,100,0.30255345,99.7895,21.05,0.2051,0.0055,Raydium CLMM,Raydium CLMM,328.7065,764714.0
2026-09-14T04:41:45+00:00,AAPLx,AAPL,False,1000,3.02408411,997.121,28.79,0.2529,0.0351,Raydium CLMM,Whirlpool,328.7065,764714.0
2026-09-14T04:41:45+00:00,AAPLx,AAPL,False,10000,30.19383733,9951.522,48.48,0.4079,0.0771,Raydium CLMM + Whirlpool + Byreal,Byreal + Whirlpool + Raydium CLMM,328.7065,764714.0
2026-09-14T04:41:45+00:00,TSLAx,TSLA,False,100,0.27740399,99.9284,7.16,0.0903,0.0,Riptide,Whirlpool,360.0927,1241335.0
2026-09-14T04:41:45+00:00,TSLAx,TSLA,False,1000,2.77403994,999.0361,9.64,0.0903,0.0061,Riptide,Raydium CLMM,360.0927,1241335.0
2026-09-14T04:41:45+00:00,TSLAx,TSLA,False,10000,27.74039945,9989.9999,10.0,0.0843,0.0157,Riptide,Raydium CLMM + Riptide,360.0927,1241335.0
2026-09-14T04:41:45+00:00,NVDAx,NVDA,False,100,0.46391971,99.9524,4.76,0.0437,0.0039,Whirlpool,Whirlpool,215.0496,1811595.0
2026-09-14T04:41:45+00:00,NVDAx,NVDA,False,1000,4.63811012,999.0358,9.64,0.0268,0.0714,Riptide,Riptide,215.0496,1811595.0
2026-09-14T04:41:45+00:00,NVDAx,NVDA,False,10000,46.37534765,9989.2288,10.77,0.0375,0.0703,Raydium CLMM + Riptide,Whirlpool + TaurusFi + Riptide,215.0496,1811595.0
2026-09-14T04:41:45+00:00,SPYx,SPY,False,100,0.13065965,99.9826,1.74,0.0622,0.0,Raydium CLMM,Byreal,760.3667,4511889.0
2026-09-14T04:41:45+00:00,SPYx,SPY,False,1000,1.30654078,999.7287,2.71,0.0665,0.0,Raydium CLMM,Riptide,760.3667,4511889.0
2026-09-14T04:41:45+00:00,SPYx,SPY,False,10000,13.06231723,9994.339,5.66,0.0901,0.0,Byreal + Raydium CLMM + Riptide,Raydium CLMM + Riptide,760.3667,4511889.0
2026-09-14T04:41:45+00:00,MSTRx,MSTR,False,100,0.7651487,99.955,4.5,0.059,0.0,Riptide,Raydium CLMM + Flux + GoonFi V2,130.5892,761158.0
2026-09-14T04:41:45+00:00,MSTRx,MSTR,False,1000,7.65148704,999.3274,6.73,0.059,0.0082,Riptide,Raydium CLMM + HumidiFi,130.5892,761158.0
2026-09-14T04:41:45+00:00,MSTRx,MSTR,False,10000,76.49855502,9987.9851,12.01,0.0803,0.0398,Riptide + ZeroFi + Raydium CLMM,Riptide + Raydium CLMM + Quantum,130.5892,761158.0
2026-09-14T04:41:45+00:00,METAx,META,False,100,0.15534281,99.6678,33.22,0.0093,0.323,Whirlpool,Whirlpool,642.0684,212475.0
2026-09-14T04:41:45+00:00,METAx,META,False,1000,1.55242528,995.4841,45.16,0.0738,0.378,Whirlpool,Whirlpool,642.0684,212475.0
2026-09-14T04:41:45+00:00,METAx,META,False,10000,15.50077039,9920.9667,79.03,0.225,0.5666,Whirlpool + Byreal + Raydium CLMM,Raydium CLMM + Byreal + Whirlpool,642.0684,212475.0
2026-09-14T04:41:45+00:00,GOOGLx,GOOGL,False,100,0.29691076,99.7212,27.88,0.3348,0.0,Whirlpool,Meteora DLMM + Flux + AlphaQ,334.8082,297850.0
2026-09-14T04:41:45+00:00,GOOGLx,GOOGL,False,1000,2.96789964,996.3942,36.06,0.3753,0.0,Whirlpool,Raydium CLMM,334.8082,297850.0
2026-09-14T04:41:45+00:00,GOOGLx,GOOGL,False,10000,29.63436238,9941.9459,58.05,0.5252,0.0557,Whirlpool + Raydium CLMM + Byreal,Raydium CLMM + Byreal + Whirlpool,334.8082,297850.0
2026-09-14T04:41:45+00:00,AMZNx,AMZN,False,100,0.39180406,99.6893,31.07,0.3289,0.0,Byreal,Meteora DLMM + Quantum,254.3373,221965.0
2026-09-14T04:41:45+00:00,AMZNx,AMZN,False,1000,3.91684551,995.466,45.34,0.3593,0.0944,Byreal,Byreal,254.3373,221965.0
2026-09-14T04:41:45+00:00,AMZNx,AMZN,False,10000,39.12115184,9930.0089,69.99,0.4796,0.2213,Byreal + Raydium CLMM,Byreal + Raydium CLMM + Meteora DLMM + BisonFi,254.3373,221965.0
2026-09-14T04:58:02+00:00,AAPLx,AAPL,False,100,0.30258297,99.7895,21.05,0.2051,0.0082,Raydium CLMM,Raydium CLMM,328.6799,764002.0
2026-09-14T04:58:02+00:00,AAPLx,AAPL,False,1000,3.02437913,997.1975,28.02,0.2502,0.0302,Raydium CLMM,Raydium CLMM,328.6799,764002.0
2026-09-14T04:58:02+00:00,AAPLx,AAPL,False,10000,30.19555643,9951.9422,48.06,0.4092,0.0716,Raydium CLMM + Whirlpool + Byreal,Raydium CLMM + Whirlpool + Byreal,328.6799,764002.0
2026-09-14T04:58:02+00:00,TSLAx,TSLA,False,100,0.2772327,99.9217,7.83,0.0,0.1076,Riptide,Whirlpool,360.7424,1238194.0
2026-09-14T04:58:02+00:00,TSLAx,TSLA,False,1000,2.77232701,999.0236,9.76,0.0,0.1269,Riptide,Riptide + Whirlpool,360.7424,1238194.0
2026-09-14T04:58:02+00:00,TSLAx,TSLA,False,10000,27.72335464,9989.5068,10.49,0.0,0.1345,Riptide,Riptide + Whirlpool,360.7424,1238194.0
2026-09-14T04:58:02+00:00,NVDAx,NVDA,False,100,0.46385929,99.9527,4.73,0.041,0.0063,Raydium CLMM,Whirlpool,215.086,1813933.0
2026-09-14T04:58:02+00:00,NVDAx,NVDA,False,1000,4.63797911,999.2175,7.82,0.0542,0.0241,Raydium CLMM,Riptide,215.086,1813933.0
2026-09-14T04:58:02+00:00,NVDAx,NVDA,False,10000,46.37066275,9990.2462,9.75,0.0739,0.0237,Whirlpool + Raydium CLMM + Riptide,Riptide + TaurusFi + Whirlpool,215.086,1813933.0
2026-09-14T04:58:02+00:00,SPYx,SPY,False,100,0.13063702,99.9974,0.26,0.0813,0.0,Riptide,Byreal,760.3618,4484903.0
2026-09-14T04:58:02+00:00,SPYx,SPY,False,1000,1.30637023,999.9061,0.94,0.0813,0.0,Riptide,Raydium CLMM,760.3618,4484903.0
2026-09-14T04:58:02+00:00,SPYx,SPY,False,10000,13.06351663,9996.1592,3.84,0.0,0.0,Scorch + Raydium CLMM + Riptide,Raydium CLMM + Whirlpool + Byreal,760.3618,4484903.0
2026-09-14T04:58:02+00:00,MSTRx,MSTR,False,100,0.76478215,99.9,10.0,0.0757,0.0242,Riptide,Riptide,130.6315,761078.0
2026-09-14T04:58:02+00:00,MSTRx,MSTR,False,1000,7.64782151,999.1014,8.99,0.0757,0.0142,Riptide,Riptide,130.6315,761078.0
2026-09-14T04:58:02+00:00,MSTRx,MSTR,False,10000,76.43183269,9985.4794,14.52,0.1363,0.0089,ZeroFi + Raydium CLMM + Riptide,Riptide,130.6315,761078.0
2026-09-14T04:58:02+00:00,METAx,META,False,100,0.15533844,99.668,33.2,0.3257,0.0064,Whirlpool,Whirlpool,640.0619,212041.0
2026-09-14T04:58:02+00:00,METAx,META,False,1000,1.55239266,995.4932,45.07,0.3893,0.0616,Whirlpool,Whirlpool,640.0619,212041.0
2026-09-14T04:58:02+00:00,METAx,META,False,10000,15.50070779,9921.0626,78.94,0.5383,0.2524,Byreal + Whirlpool + Raydium CLMM,Whirlpool + Raydium CLMM + Byreal,640.0619,212041.0
2026-09-14T04:58:02+00:00,GOOGLx,GOOGL,False,100,0.29671036,99.6817,31.83,0.3116,0.0061,HumidiFi + Meteora DLMM,Whirlpool,335.1161,299843.0
2026-09-14T04:58:02+00:00,GOOGLx,GOOGL,False,1000,2.96709785,996.5038,34.96,0.3124,0.0373,HumidiFi + Meteora DLMM,Whirlpool,335.1161,299843.0
2026-09-14T04:58:02+00:00,GOOGLx,GOOGL,False,10000,29.63069227,9942.4519,57.55,0.4478,0.1283,Whirlpool + Raydium CLMM + HumidiFi + Meteora DLMM,Byreal + Raydium CLMM + Whirlpool,335.1161,299843.0
2026-09-14T04:58:02+00:00,AMZNx,AMZN,False,100,0.39179547,99.5942,40.58,0.0,0.4626,Byreal,Byreal,255.3321,220197.0
2026-09-14T04:58:02+00:00,AMZNx,AMZN,False,1000,3.91677877,995.4568,45.43,0.0,0.4812,Byreal,Byreal,255.3321,220197.0
2026-09-14T04:58:02+00:00,AMZNx,AMZN,False,10000,39.1256495,9928.6114,71.39,0.0806,0.5743,HumidiFi + Meteora DLMM + Byreal + Raydium CLMM,Byreal + Raydium CLMM + Meteora DLMM + Quantum,255.3321,220197.0
2026-09-14T05:14:26+00:00,AAPLx,AAPL,False,100,0.3022916,99.7895,21.05,0.0117,0.1989,Raydium CLMM,Raydium CLMM,329.6359,758474.0
2026-09-14T05:14:26+00:00,AAPLx,AAPL,False,1000,3.02182448,997.0571,29.43,0.0478,0.2466,Whirlpool,Raydium CLMM,329.6359,758474.0
2026-09-14T05:14:26+00:00,AAPLx,AAPL,False,10000,30.20385429,9952.9284,47.07,0.0954,0.3757,Raydium CLMM + Whirlpool,Byreal + Whirlpool + Raydium CLMM,329.6359,758474.0
2026-09-14T05:14:26+00:00,TSLAx,TSLA,False,100,0.27739892,99.9579,4.21,0.0,0.1356,Whirlpool,Riptide,360.7699,1237408.0
2026-09-14T05:14:26+00:00,TSLAx,TSLA,False,1000,2.77238428,999.0005,10.0,0.0914,0.0086,Riptide,Riptide,360.7699,1237408.0
2026-09-14T05:14:26+00:00,TSLAx,TSLA,False,10000,27.72399053,9989.4574,10.54,0.0909,0.0146,Whirlpool + Riptide,Riptide,360.7699,1237408.0
2026-09-14T05:14:26+00:00,NVDAx,NVDA,False,100,0.46386032,99.9523,4.77,0.0441,0.0036,Raydium CLMM,Whirlpool,215.0857,1809420.0
2026-09-14T05:14:26+00:00,NVDAx,NVDA,False,1000,4.63859535,999.1142,8.86,0.0443,0.0,Riptide,Whirlpool,215.0857,1809420.0
2026-09-14T05:14:26+00:00,NVDAx,NVDA,False,10000,46.38229171,9989.5765,10.42,0.2095,0.0,Raydium CLMM + Riptide,Riptide + Whirlpool + TaurusFi,215.0857,1809420.0
2026-09-14T05:14:26+00:00,SPYx,SPY,False,100,0.13062,99.9865,1.35,0.0124,0.0011,Scorch,Raydium CLMM,761.01,4080915.0
2026-09-14T05:14:26+00:00,SPYx,SPY,False,1000,1.30612844,999.7672,2.33,0.0179,0.0054,Riptide,Raydium CLMM,761.01,4080915.0
2026-09-14T05:14:26+00:00,SPYx,SPY,False,10000,13.06118304,9995.077,4.92,0.0187,0.0278,Byreal + Riptide + Raydium CLMM,Riptide + Raydium CLMM + Byreal,761.01,4080915.0
2026-09-14T05:14:26+00:00,MSTRx,MSTR,False,100,0.76413586,99.9,10.0,0.2131,0.0,Riptide,Riptide,130.5664,761457.0
2026-09-14T05:14:26+00:00,MSTRx,MSTR,False,1000,7.6413586,998.957,10.43,0.2131,0.0,Riptide,Riptide,130.5664,761457.0
2026-09-14T05:14:26+00:00,MSTRx,MSTR,False,10000,76.40066361,9985.4931,14.51,0.23,0.0,Riptide + ZeroFi + Raydium CLMM,Riptide,130.5664,761457.0
2026-09-14T05:14:26+00:00,METAx,META,False,100,0.15536029,99.674,32.6,0.3195,0.0065,Raydium CLMM,Whirlpool,640.0093,210693.0
2026-09-14T05:14:26+00:00,METAx,META,False,1000,1.55321917,995.9433,40.57,0.3441,0.0618,Raydium CLMM,Whirlpool,640.0093,210693.0
2026-09-14T05:14:26+00:00,METAx,META,False,10000,15.5079736,9921.5302,78.47,0.4995,0.2866,Raydium CLMM + Byreal + Whirlpool,Raydium CLMM + Whirlpool + Byreal,640.0093,210693.0
2026-09-14T05:14:26+00:00,GOOGLx,GOOGL,False,100,0.29674087,99.6751,32.49,0.3225,0.0024,Whirlpool,Meteora DLMM + Quantum,335.0437,299341.0
2026-09-14T05:14:26+00:00,GOOGLx,GOOGL,False,1000,2.96648118,996.0854,39.15,0.3537,0.0379,Whirlpool,Whirlpool,335.0437,299341.0
2026-09-14T05:14:26+00:00,GOOGLx,GOOGL,False,10000,29.62946962,9941.5454,58.45,0.4724,0.1127,Byreal + Whirlpool + Raydium CLMM,Byreal + Raydium CLMM + Whirlpool,335.0437,299341.0
2026-09-14T05:14:26+00:00,AMZNx,AMZN,False,100,0.39182006,99.5964,40.36,0.0,0.405,Byreal,Byreal,255.1716,219839.0
2026-09-14T05:14:26+00:00,AMZNx,AMZN,False,1000,3.91740372,995.584,44.16,0.019,0.4227,Byreal,Byreal,255.1716,219839.0
2026-09-14T05:14:26+00:00,AMZNx,AMZN,False,10000,39.12626233,9929.3816,70.62,0.1409,0.5661,HumidiFi + Meteora DLMM + Byreal + Raydium CLMM,Meteora DLMM + HumidiFi + Raydium CLMM + Byreal,255.1716,219839.0
2026-09-14T05:30:38+00:00,AAPLx,AAPL,False,100,0.3023083,99.7895,21.05,0.2019,0.0087,Raydium CLMM,Raydium CLMM,328.9857,758380.0
2026-09-14T05:30:38+00:00,AAPLx,AAPL,False,1000,3.02182448,997.002,29.98,0.2434,0.0565,Whirlpool,Raydium CLMM,328.9857,758380.0
2026-09-14T05:30:38+00:00,AAPLx,AAPL,False,10000,30.20420447,9953.0917,46.91,0.2898,0.1798,Raydium CLMM + Whirlpool,Byreal + Whirlpool + Raydium CLMM,328.9857,758380.0
2026-09-14T05:30:38+00:00,TSLAx,TSLA,False,100,0.27759389,99.9431,5.69,0.0427,0.0142,Riptide,Byreal,360.0201,1235068.0
2026-09-14T05:30:38+00:00,TSLAx,TSLA,False,1000,2.77594973,999.0005,10.0,0.0423,0.0577,Riptide,Riptide,360.0201,1235068.0
2026-09-14T05:30:38+00:00,TSLAx,TSLA,False,10000,27.76180063,9987.583,12.42,0.034,0.0348,Riptide,Riptide + Byreal + Raydium CLMM,360.0201,1235068.0
2026-09-14T05:30:38+00:00,NVDAx,NVDA,False,100,0.46401525,99.9543,4.57,0.0,0.0,Riptide,Whirlpool,215.1459,1807213.0
2026-09-14T05:30:38+00:00,NVDAx,NVDA,False,1000,4.64025186,999.1426,8.57,0.0,0.1137,Riptide,Riptide + Whirlpool,215.1459,1807213.0
2026-09-14T05:30:38+00:00,NVDAx,NVDA,False,10000,46.40167762,9989.342,10.66,0.0,0.1343,Riptide + Whirlpool + HumidiFi,Riptide + Whirlpool + TaurusFi,215.1459,1807213.0
2026-09-14T05:30:38+00:00,SPYx,SPY,False,100,0.13065062,99.9874,1.26,0.0,0.0862,Riptide,Byreal,761.471,4030522.0
2026-09-14T05:30:38+00:00,SPYx,SPY,False,1000,1.30650628,999.8578,1.42,0.0,0.0878,Riptide,Raydium CLMM + Byreal + AlphaQ,761.471,4030522.0
2026-09-14T05:30:38+00:00,SPYx,SPY,False,10000,13.06484288,9995.2682,4.73,0.0,0.1192,Riptide + Raydium CLMM,Raydium CLMM + Riptide + Byreal,761.471,4030522.0
2026-09-14T05:30:38+00:00,MSTRx,MSTR,False,100,0.76709008,99.9599,4.01,0.0714,0.0,Riptide,Raydium CLMM + Quantum,130.2458,757985.0
2026-09-14T05:30:38+00:00,MSTRx,MSTR,False,1000,7.67102448,999.36,6.4,0.0697,0.0,Riptide,Raydium CLMM + BisonFi + GoonFi V2,130.2458,757985.0
2026-09-14T05:30:38+00:00,MSTRx,MSTR,False,10000,76.69524103,9986.3406,13.66,0.0893,0.0474,Riptide,Riptide + Raydium CLMM + BisonFi + GoonFi V2,130.2458,757985.0
2026-09-14T05:30:38+00:00,METAx,META,False,100,0.15536043,99.668,33.2,0.4466,0.0,Whirlpool,Whirlpool,639.0477,210619.0
2026-09-14T05:30:38+00:00,METAx,META,False,1000,1.55319509,995.8665,41.33,0.4729,0.0,Raydium CLMM,Whirlpool,639.0477,210619.0
2026-09-14T05:30:38+00:00,METAx,META,False,10000,15.50808432,9921.4454,78.55,0.6258,0.1608,Whirlpool + Raydium CLMM + Byreal,Whirlpool + Byreal + Raydium CLMM,639.0477,210619.0
2026-09-14T05:30:38+00:00,GOOGLx,GOOGL,False,100,0.29699856,99.7725,22.75,0.0,0.501,HumidiFi + Meteora DLMM,Raydium CLMM,336.7646,304648.0
2026-09-14T05:30:38+00:00,GOOGLx,GOOGL,False,1000,2.96833954,997.0625,29.37,0.0,0.5119,HumidiFi + Meteora DLMM,Whirlpool + Raydium CLMM,336.7646,304648.0
2026-09-14T05:30:38+00:00,GOOGLx,GOOGL,False,10000,29.63485462,9946.5338,53.47,0.0,0.5897,Whirlpool + Byreal + GoonFi V2 + Meteora DLMM,Whirlpool + Raydium CLMM + Byreal,336.7646,304648.0
2026-09-14T05:30:38+00:00,AMZNx,AMZN,False,100,0.39185611,99.5991,40.09,0.3959,0.0051,Byreal,Raydium CLMM,254.1386,221086.0
2026-09-14T05:30:38+00:00,AMZNx,AMZN,False,1000,3.9178143,995.5997,44.0,0.4149,0.0253,Byreal,Byreal,254.1386,221086.0
2026-09-14T05:30:38+00:00,AMZNx,AMZN,False,10000,39.12575885,9930.0378,69.96,0.548,0.1524,HumidiFi + Meteora DLMM + Byreal + Raydium CLMM,Meteora DLMM + Quantum + Raydium CLMM + Byreal,254.1386,221086.0
2026-09-14T05:46:43+00:00,AAPLx,AAPL,False,100,0.3022608,99.7887,21.13,0.2051,0.0057,Raydium CLMM,Raydium CLMM,329.0286,762266.0
2026-09-14T05:46:43+00:00,AAPLx,AAPL,False,1000,3.02133809,996.9905,30.09,0.2476,0.0535,Whirlpool,Raydium CLMM,329.0286,762266.0
2026-09-14T05:46:43+00:00,AAPLx,AAPL,False,10000,30.19791669,9951.9661,48.03,0.2986,0.1823,Whirlpool + Raydium CLMM,Whirlpool + Byreal + Raydium CLMM,329.0286,762266.0
2026-09-14T05:46:43+00:00,TSLAx,TSLA,False,100,0.27784483,99.9526,4.74,0.0,0.1542,Whirlpool,Byreal,360.2305,1229945.0
2026-09-14T05:46:43+00:00,TSLAx,TSLA,False,1000,2.77729079,999.0118,9.88,0.0,0.164,Riptide,Riptide + Byreal,360.2305,1229945.0
2026-09-14T05:46:43+00:00,TSLAx,TSLA,False,10000,27.77305427,9989.6422,10.36,0.0,0.1693,Whirlpool + Riptide,Raydium CLMM + Byreal + Riptide,360.2305,1229945.0
2026-09-14T05:46:43+00:00,NVDAx,NVDA,False,100,0.46425921,99.9702,2.98,0.0603,0.0,Whirlpool,TaurusFi,214.8611,1810004.0
2026-09-14T05:46:43+00:00,NVDAx,NVDA,False,1000,4.64006544,999.0065,9.93,0.1147,0.0372,Riptide,Riptide,214.8611,1810004.0
2026-09-14T05:46:43+00:00,NVDAx,NVDA,False,10000,46.39761144,9987.7319,12.27,0.2066,0.0,Raydium CLMM + Riptide,TaurusFi + Riptide,214.8611,1810004.0
2026-09-14T05:46:43+00:00,SPYx,SPY,False,100,0.13075999,99.9862,1.38,0.0127,0.0169,Riptide,Raydium CLMM,760.1751,4239614.0
2026-09-14T05:46:43+00:00,SPYx,SPY,False,1000,1.307598,999.8173,1.83,0.0,0.0213,Riptide,Raydium CLMM,760.1751,4239614.0
2026-09-14T05:46:43+00:00,SPYx,SPY,False,10000,13.07598347,9995.6476,4.35,0.0,0.0452,Riptide,Raydium CLMM + Byreal,760.1751,4239614.0
2026-09-14T05:46:43+00:00,MSTRx,MSTR,False,100,0.76773043,99.9,10.0,0.1408,0.0,Riptide,Riptide,130.0462,753026.0
2026-09-14T05:46:43+00:00,MSTRx,MSTR,False,1000,7.67730431,999.0005,10.0,0.1408,0.0,Riptide,Riptide,130.0462,753026.0
2026-09-14T05:46:43+00:00,MSTRx,MSTR,False,10000,76.75021548,9983.3006,16.7,0.1705,0.0,Riptide,Riptide,130.0462,753026.0
2026-09-14T05:46:43+00:00,METAx,META,False,100,0.15535893,99.668,33.2,0.3266,0.0055,Whirlpool,Whirlpool,639.9777,210571.0
2026-09-14T05:46:43+00:00,METAx,META,False,1000,1.55319509,995.8761,41.24,0.3518,0.0608,Raydium CLMM,Whirlpool,639.9777,210571.0
2026-09-14T05:46:43+00:00,METAx,META,False,10000,15.50804189,9921.4556,78.54,0.5052,0.2824,Byreal + Whirlpool + Raydium CLMM,Whirlpool + Raydium CLMM + Byreal,639.9777,210571.0
2026-09-14T05:46:43+00:00,GOOGLx,GOOGL,False,100,0.29695058,99.7267,27.33,0.2695,0.0037,Quantum + Meteora DLMM,Whirlpool,334.9866,302229.0
2026-09-14T05:46:43+00:00,GOOGLx,GOOGL,False,1000,2.96743516,996.4406,35.59,0.3391,0.0169,HumidiFi + Meteora DLMM,Raydium CLMM,334.9866,302229.0
2026-09-14T05:46:43+00:00,GOOGLx,GOOGL,False,10000,29.63422448,9944.0599,55.94,0.4738,0.086,Byreal + Whirlpool + BisonFi + Meteora DLMM,Byreal + Raydium CLMM + Whirlpool,334.9866,302229.0
2026-09-14T05:46:43+00:00,AMZNx,AMZN,False,100,0.39211737,99.6671,33.29,0.0041,0.3288,Raydium CLMM,Byreal,254.9604,216780.0
2026-09-14T05:46:43+00:00,AMZNx,AMZN,False,1000,3.9197354,996.1303,38.7,0.0408,0.3463,Raydium CLMM,Byreal,254.9604,216780.0
2026-09-14T05:46:43+00:00,AMZNx,AMZN,False,10000,39.14294678,9928.5258,71.47,0.1795,0.5362,Byreal + BisonFi + Meteora DLMM + Raydium CLMM,Raydium CLMM + Byreal + Meteora DLMM + Quantum,254.9604,216780.0
2026-09-14T06:03:34+00:00,AAPLx,AAPL,False,100,0.30260727,99.7895,21.05,0.335,0.0,Raydium CLMM,Raydium CLMM,328.2155,756871.0
2026-09-14T06:03:34+00:00,AAPLx,AAPL,False,1000,3.02462189,997.19,28.1,0.3828,0.0,Raydium CLMM,Whirlpool,328.2155,756871.0
2026-09-14T06:03:34+00:00,AAPLx,AAPL,False,10000,30.20614331,9950.4288,49.57,0.5148,0.0,Whirlpool + Raydium CLMM,Byreal + Whirlpool + Raydium CLMM,328.2155,756871.0
2026-09-14T06:03:34+00:00,TSLAx,TSLA,False,100,0.27733108,99.9355,6.45,0.0,0.0692,Whirlpool,Riptide,360.5226,1233551.0
2026-09-14T06:03:34+00:00,TSLAx,TSLA,False,1000,2.77280646,999.1734,8.27,0.0135,0.0692,Raydium CLMM,Riptide,360.5226,1233551.0
2026-09-14T06:03:34+00:00,TSLAx,TSLA,False,10000,27.72330449,9989.593,10.41,0.0306,0.0735,Riptide + Raydium CLMM,Riptide,360.5226,1233551.0
2026-09-14T06:03:34+00:00,NVDAx,NVDA,False,100,0.46411191,100.0089,-0.89,0.0055,0.0,Raydium CLMM,Whirlpool + Scorch + AlphaQ,215.0445,1806064.0
2026-09-14T06:03:34+00:00,NVDAx,NVDA,False,1000,4.64044216,999.1508,8.49,0.0201,0.0646,Raydium CLMM,Whirlpool + HumidiFi,215.0445,1806064.0
2026-09-14T06:03:34+00:00,NVDAx,NVDA,False,10000,46.39932502,9990.2206,9.78,0.0313,0.0665,Riptide + Whirlpool + Raydium CLMM,Whirlpool + Scorch + Manifest + Riptide,215.0445,1806064.0
2026-09-14T06:03:34+00:00,SPYx,SPY,False,100,0.13070433,99.9897,1.03,0.0094,0.0009,Whirlpool,Byreal,760.5167,4182462.0
2026-09-14T06:03:34+00:00,SPYx,SPY,False,1000,1.30694622,999.7607,2.39,0.0168,0.0071,Riptide,Raydium CLMM,760.5167,4182462.0
2026-09-14T06:03:34+00:00,SPYx,SPY,False,10000,13.06947197,9995.1407,4.86,0.0167,0.0318,Riptide + Whirlpool,Raydium CLMM + Riptide + Byreal,760.5167,4182462.0
2026-09-14T06:03:34+00:00,MSTRx,MSTR,False,100,0.76525261,99.9681,3.19,0.0,0.0668,Raydium CLMM,Riptide,130.6712,753415.0
2026-09-14T06:03:34+00:00,MSTRx,MSTR,False,1000,7.64626109,999.0282,9.72,0.047,0.0502,Raydium CLMM,Riptide,130.6712,753415.0
2026-09-14T06:03:34+00:00,MSTRx,MSTR,False,10000,76.44697711,9986.8038,13.2,0.0674,0.0225,Riptide + Raydium CLMM,Riptide,130.6712,753415.0
2026-09-14T06:03:34+00:00,METAx,META,False,100,0.1554109,99.668,33.2,0.3259,0.0061,Whirlpool,Whirlpool,639.7613,210105.0
2026-09-14T06:03:34+00:00,METAx,META,False,1000,1.55317601,995.5036,44.96,0.3858,0.0641,Whirlpool,Whirlpool,639.7613,210105.0
2026-09-14T06:03:34+00:00,METAx,META,False,10000,15.511311,9922.031,77.97,0.5169,0.2641,Byreal + Whirlpool + Raydium CLMM,Byreal + Raydium CLMM + Whirlpool,639.7613,210105.0
2026-09-14T06:03:34+00:00,GOOGLx,GOOGL,False,100,0.29675297,99.7539,24.61,0.0114,0.2348,Whirlpool,Meteora DLMM + HumidiFi,336.0769,303004.0
2026-09-14T06:03:34+00:00,GOOGLx,GOOGL,False,1000,2.96660214,997.2727,27.27,0.0426,0.2302,Whirlpool,Meteora DLMM + GoonFi V2 + SolFi V2,336.0769,303004.0
2026-09-14T06:03:34+00:00,GOOGLx,GOOGL,False,10000,29.62362433,9943.1543,56.85,0.1855,0.3837,Raydium CLMM + Byreal + Whirlpool,Meteora DLMM + GoonFi V2 + Whirlpool + Raydium CLMM,336.0769,303004.0
2026-09-14T06:03:34+00:00,AMZNx,AMZN,False,100,0.39206491,99.8586,14.14,0.2668,0.0,Raydium CLMM,Meteora DLMM + Quantum,254.3292,217209.0
2026-09-14T06:03:34+00:00,AMZNx,AMZN,False,1000,3.91921105,996.2553,37.45,0.3033,0.0713,Raydium CLMM,Meteora DLMM + Quantum,254.3292,217209.0
2026-09-14T06:03:34+00:00,AMZNx,AMZN,False,10000,39.14094673,9930.3661,69.63,0.4335,0.264,Byreal + Raydium CLMM,Byreal + Meteora DLMM + Quantum + Raydium CLMM,254.3292,217209.0
2026-09-14T06:20:00+00:00,AAPLx,AAPL,False,100,0.30236547,99.7895,21.05,0.0,0.3091,Raydium CLMM,Raydium CLMM,329.8991,757462.0
2026-09-14T06:20:00+00:00,AAPLx,AAPL,False,1000,3.02220564,996.9532,30.47,0.0,0.3554,Raydium CLMM,Raydium CLMM + Whirlpool,329.8991,757462.0
2026-09-14T06:20:00+00:00,AAPLx,AAPL,False,10000,30.20001873,9950.2725,49.73,0.022,0.4754,Whirlpool + Raydium CLMM,Whirlpool + Raydium CLMM + Byreal,329.8991,757462.0
2026-09-14T06:20:00+00:00,TSLAx,TSLA,False,100,0.2771049,99.9488,5.12,0.295,0.0,Whirlpool,Riptide,359.728,1236372.0
2026-09-14T06:20:00+00:00,TSLAx,TSLA,False,1000,2.77024286,999.1968,8.03,0.324,0.0,Raydium CLMM,Riptide,359.728,1236372.0
2026-09-14T06:20:00+00:00,TSLAx,TSLA,False,10000,27.69755537,9989.6233,10.38,0.3415,0.0,Raydium CLMM + Riptide,Riptide,359.728,1236372.0
2026-09-14T06:20:00+00:00,NVDAx,NVDA,False,100,0.46429944,99.9283,7.17,0.0576,0.0142,Riptide,TaurusFi,214.8399,1800453.0
2026-09-14T06:20:00+00:00,NVDAx,NVDA,False,1000,4.64299877,999.0005,10.0,0.0575,0.0425,Riptide,Riptide,214.8399,1800453.0
2026-09-14T06:20:00+00:00,NVDAx,NVDA,False,10000,46.42468211,9988.8773,11.12,0.0689,0.0424,TaurusFi + Whirlpool + Riptide,TaurusFi + Riptide,214.8399,1800453.0
2026-09-14T06:20:00+00:00,SPYx,SPY,False,100,0.13061428,99.9852,1.48,0.0004,0.056,Riptide,Whirlpool,761.0867,4283522.0
2026-09-14T06:20:00+00:00,SPYx,SPY,False,1000,1.30614282,999.8195,1.8,0.0,0.0592,Riptide,AlphaQ + Whirlpool + Raydium CLMM,761.0867,4283522.0
2026-09-14T06:20:00+00:00,SPYx,SPY,False,10000,13.0614317,9995.2893,4.71,0.0,0.0883,Riptide,Raydium CLMM + Whirlpool + Riptide,761.0867,4283522.0
2026-09-14T06:20:00+00:00,MSTRx,MSTR,False,100,0.76289357,99.959,4.1,0.0452,0.0,Riptide,Byreal,130.9909,759876.0
2026-09-14T06:20:00+00:00,MSTRx,MSTR,False,1000,7.62893574,999.0005,10.0,0.0452,0.0548,Riptide,Riptide,130.9909,759876.0
2026-09-14T06:20:00+00:00,MSTRx,MSTR,False,10000,76.26649168,9984.7838,15.22,0.0752,0.077,Riptide + GoonFi V2 + Raydium CLMM,Riptide + Byreal,130.9909,759876.0
2026-09-14T06:20:00+00:00,METAx,META,False,100,0.15541211,99.668,33.2,0.3233,0.0088,Whirlpool,Whirlpool,639.7541,209427.0
2026-09-14T06:20:00+00:00,METAx,META,False,1000,1.55318913,995.5036,44.96,0.3831,0.0668,Whirlpool,Whirlpool,639.7541,209427.0
2026-09-14T06:20:00+00:00,METAx,META,False,10000,15.51146188,9922.0996,77.9,0.5141,0.2663,Whirlpool + GoonFi V2 + Meteora DLMM + Raydium CLMM,Byreal + Raydium CLMM + Whirlpool,639.7541,209427.0
2026-09-14T06:20:00+00:00,GOOGLx,GOOGL,False,100,0.2962102,99.6767,32.33,0.0025,0.3223,Raydium CLMM,Whirlpool,336.7125,306608.0
2026-09-14T06:20:00+00:00,GOOGLx,GOOGL,False,1000,2.96177555,996.3463,36.54,0.0121,0.3529,Raydium CLMM,Whirlpool,336.7125,306608.0
2026-09-14T06:20:00+00:00,GOOGLx,GOOGL,False,10000,29.59993295,9942.4558,57.54,0.0727,0.5031,HumidiFi + Meteora DLMM + Raydium CLMM + Whirlpool,Byreal + Raydium CLMM + Whirlpool,336.7125,306608.0
2026-09-14T06:20:00+00:00,AMZNx,AMZN,False,100,0.39247768,99.7139,28.61,0.0,0.3889,Quantum + Meteora DLMM,Byreal,254.998,213758.0
2026-09-14T06:20:00+00:00,AMZNx,AMZN,False,1000,3.91946221,995.6139,43.86,0.0323,0.4065,Byreal,Byreal,254.998,213758.0
2026-09-14T06:20:00+00:00,AMZNx,AMZN,False,10000,39.15430028,9926.3358,73.66,0.1351,0.6023,Raydium CLMM + HumidiFi + Meteora DLMM + Byreal,Byreal + Meteora DLMM + Quantum + Raydium CLMM,254.998,213758.0
2026-09-14T06:36:25+00:00,AAPLx,AAPL,False,100,0.30220986,99.7895,21.05,0.0074,0.2031,Raydium CLMM,Raydium CLMM,329.7205,758521.0
2026-09-14T06:36:25+00:00,AAPLx,AAPL,False,1000,3.02102068,997.0616,29.38,0.0431,0.2509,Whirlpool,Raydium CLMM,329.7205,758521.0
2026-09-14T06:36:25+00:00,AAPLx,AAPL,False,10000,30.19623272,9950.8857,49.11,0.0893,0.4022,Whirlpool + Raydium CLMM,Raydium CLMM + Whirlpool + Byreal,329.7205,758521.0
2026-09-14T06:36:25+00:00,TSLAx,TSLA,False,100,0.27706012,99.922,7.8,0.0724,0.0055,Whirlpool,Raydium CLMM,360.5915,1242184.0
2026-09-14T06:36:25+00:00,TSLAx,TSLA,False,1000,2.77029278,999.1084,8.92,0.0835,0.2091,Riptide,Whirlpool + Raydium CLMM + Riptide,360.5915,1242184.0
2026-09-14T06:36:25+00:00,TSLAx,TSLA,False,10000,27.70260293,9990.0234,9.98,0.0,0.0182,Riptide,Riptide + Raydium CLMM,360.5915,1242184.0
2026-09-14T06:36:25+00:00,NVDAx,NVDA,False,100,0.464769,99.9325,6.75,0.0225,0.0451,Whirlpool,TaurusFi,214.6996,1798623.0
2026-09-14T06:36:25+00:00,NVDAx,NVDA,False,1000,4.64637104,998.9749,10.25,0.0508,0.0517,Riptide,Riptide,214.6996,1798623.0
2026-09-14T06:36:25+00:00,NVDAx,NVDA,False,10000,46.45999617,9989.7254,10.27,0.0588,0.0646,TaurusFi + Whirlpool + Riptide,TaurusFi + Riptide + Whirlpool,214.6996,1798623.0
2026-09-14T06:36:25+00:00,SPYx,SPY,False,100,0.13068777,99.9853,1.47,0.0,0.1113,Byreal,Whirlpool,761.4026,4357452.0
2026-09-14T06:36:25+00:00,SPYx,SPY,False,1000,1.30677028,999.7251,2.75,0.0,0.116,Raydium CLMM,PancakeSwap + Whirlpool + Raydium CLMM,761.4026,4357452.0
2026-09-14T06:36:25+00:00,SPYx,SPY,False,10000,13.06685326,9994.6128,5.39,0.0,0.1359,Raydium CLMM + Riptide + Byreal,Riptide + Raydium CLMM + Byreal,761.4026,4357452.0
2026-09-14T06:36:25+00:00,MSTRx,MSTR,False,100,0.76645596,99.8982,10.18,0.0,0.125,Riptide,Riptide,130.4722,753656.0
2026-09-14T06:36:25+00:00,MSTRx,MSTR,False,1000,7.66470073,999.0005,10.0,0.0,0.122,Riptide,Riptide,130.4722,753656.0
2026-09-14T06:36:25+00:00,MSTRx,MSTR,False,10000,76.61932135,9985.3434,14.66,0.0141,0.1325,Riptide + ZeroFi + Raydium CLMM,Riptide,130.4722,753656.0
2026-09-14T06:36:25+00:00,METAx,META,False,100,0.15554872,99.6596,34.04,0.1015,0.2392,Whirlpool,Whirlpool,640.6388,208054.0
2026-09-14T06:36:25+00:00,METAx,META,False,1000,1.5546132,995.459,45.41,0.1576,0.297,Whirlpool,Whirlpool,640.6388,208054.0
2026-09-14T06:36:25+00:00,METAx,META,False,10000,15.51654836,9921.3925,78.61,0.3476,0.44,Byreal + Whirlpool + Raydium CLMM,Byreal + Whirlpool + Raydium CLMM,640.6388,208054.0
2026-09-14T06:36:25+00:00,GOOGLx,GOOGL,False,100,0.29629663,99.6733,32.67,0.3935,0.0,Whirlpool,Whirlpool,335.3105,308259.0
2026-09-14T06:36:25+00:00,GOOGLx,GOOGL,False,1000,2.96204092,996.0708,39.29,0.4247,0.0,Whirlpool,Whirlpool,335.3105,308259.0
2026-09-14T06:36:25+00:00,GOOGLx,GOOGL,False,10000,29.60000048,9941.5735,58.43,0.4933,0.0915,HumidiFi + Meteora DLMM + Raydium CLMM + Whirlpool,Whirlpool + Raydium CLMM + Byreal,335.3105,308259.0
2026-09-14T06:36:25+00:00,AMZNx,AMZN,False,100,0.39213441,99.6129,38.71,0.3872,0.0,BisonFi + Raydium CLMM,Byreal,253.9789,214632.0
2026-09-14T06:36:25+00:00,AMZNx,AMZN,False,1000,3.92000465,995.6104,43.9,0.4212,0.0178,Byreal,Byreal,253.9789,214632.0
2026-09-14T06:36:25+00:00,AMZNx,AMZN,False,10000,39.15508576,9925.5658,74.43,0.5355,0.21,Quantum + Meteora DLMM + Raydium CLMM + Byreal,Meteora DLMM + HumidiFi + Raydium CLMM + Byreal,253.9789,214632.0
2026-09-14T06:52:49+00:00,AAPLx,AAPL,False,100,0.30222791,99.7895,21.05,0.0069,0.2036,Raydium CLMM,Raydium CLMM,329.0344,758860.0
2026-09-14T06:52:49+00:00,AAPLx,AAPL,False,1000,3.02091106,996.9658,30.34,0.0522,0.2513,Whirlpool,Raydium CLMM,329.0344,758860.0
2026-09-14T06:52:49+00:00,AAPLx,AAPL,False,10000,30.19626756,9951.5396,48.46,0.0947,0.3903,Raydium CLMM + Whirlpool,Whirlpool + Byreal + Raydium CLMM,329.0344,758860.0
2026-09-14T06:52:49+00:00,TSLAx,TSLA,False,100,0.27708315,99.9321,6.79,0.0228,0.0452,Riptide,Whirlpool,360.7362,1242402.0
2026-09-14T06:52:49+00:00,TSLAx,TSLA,False,1000,2.77081622,999.051,9.49,0.0383,0.0567,Riptide,Raydium CLMM,360.7362,1242402.0
2026-09-14T06:52:49+00:00,TSLAx,TSLA,False,10000,27.70832339,9990.042,9.96,0.0377,0.0619,Riptide,Raydium CLMM + Riptide,360.7362,1242402.0
2026-09-14T06:52:49+00:00,NVDAx,NVDA,False,100,0.46488462,99.9522,4.78,0.0002,0.0476,Riptide,Byreal,214.6912,1796457.0
2026-09-14T06:52:49+00:00,NVDAx,NVDA,False,1000,4.64886575,999.2433,7.57,0.0,0.0759,Riptide,Byreal,214.6912,1796457.0
2026-09-14T06:52:49+00:00,NVDAx,NVDA,False,10000,46.48377648,9989.2241,10.78,0.0093,0.0985,Scorch + Whirlpool + Riptide,Riptide + Byreal,214.6912,1796457.0
2026-09-14T06:52:49+00:00,SPYx,SPY,False,100,0.13080028,99.999,0.1,0.0,0.0016,Raydium CLMM,Riptide,759.9916,4322230.0
2026-09-14T06:52:49+00:00,SPYx,SPY,False,1000,1.30794933,999.9487,0.51,0.0035,0.0016,Raydium CLMM,Riptide,759.9916,4322230.0
2026-09-14T06:52:49+00:00,SPYx,SPY,False,10000,13.07563305,9996.3297,3.67,0.0331,0.0037,Whirlpool + Byreal + Raydium CLMM,Riptide,759.9916,4322230.0
2026-09-14T06:52:49+00:00,MSTRx,MSTR,False,100,0.76604894,99.894,10.6,0.0784,0.0277,Riptide,Riptide,130.4059,753999.0
2026-09-14T06:52:49+00:00,MSTRx,MSTR,False,1000,7.66095322,998.7869,12.13,0.0723,0.049,Riptide,Riptide,130.4059,753999.0
2026-09-14T06:52:49+00:00,MSTRx,MSTR,False,10000,76.60583513,9986.0439,13.96,0.0771,0.0625,Riptide + ZeroFi + Raydium CLMM,Byreal + Riptide + Raydium CLMM + GoonFi V2,130.4059,753999.0
2026-09-14T06:52:49+00:00,METAx,META,False,100,0.15555193,99.6579,34.21,0.0,0.5126,Whirlpool,Whirlpool,639.1609,208016.0
2026-09-14T06:52:49+00:00,METAx,META,False,1000,1.55464529,995.7159,42.84,0.0,0.5429,Whirlpool,Whirlpool + Byreal + Raydium CLMM,639.1609,208016.0
2026-09-14T06:52:49+00:00,METAx,META,False,10000,15.51679812,9921.3837,78.62,0.0759,0.7108,Raydium CLMM + Byreal + Whirlpool,Raydium CLMM + Whirlpool + Byreal,639.1609,208016.0
2026-09-14T06:52:49+00:00,GOOGLx,GOOGL,False,100,0.29629066,99.6931,30.69,0.3015,0.0054,Flux + Meteora DLMM,Whirlpool,335.609,308917.0
2026-09-14T06:52:49+00:00,GOOGLx,GOOGL,False,1000,2.96155278,996.1566,38.43,0.3471,0.0374,Raydium CLMM,Whirlpool,335.609,308917.0
2026-09-14T06:52:49+00:00,GOOGLx,GOOGL,False,10000,29.59780172,9941.9385,58.06,0.4067,0.1746,Raydium CLMM + Byreal + Whirlpool,Raydium CLMM + Meteora DLMM + HumidiFi + Whirlpool,335.609,308917.0
2026-09-14T06:52:49+00:00,AMZNx,AMZN,False,100,0.3920251,99.5966,40.34,0.0043,0.3992,Raydium CLMM,Byreal,255.0127,215025.0
2026-09-14T06:52:49+00:00,AMZNx,AMZN,False,1000,3.91955622,995.6139,43.86,0.022,0.4167,Byreal,Byreal,255.0127,215025.0
2026-09-14T06:52:49+00:00,AMZNx,AMZN,False,10000,39.15246965,9925.8955,74.1,0.1319,0.6092,Byreal + Quantum + Meteora DLMM + Raydium CLMM,Byreal + Raydium CLMM + Meteora DLMM + HumidiFi,255.0127,215025.0
2026-09-14T07:09:06+00:00,AAPLx,AAPL,False,100,0.3020943,99.7895,21.05,0.2051,0.0054,Raydium CLMM,Raydium CLMM,329.194,759774.0
2026-09-14T07:09:06+00:00,AAPLx,AAPL,False,1000,3.02062518,997.3123,26.88,0.2156,0.0532,Raydium CLMM,Raydium CLMM,329.194,759774.0
2026-09-14T07:09:06+00:00,AAPLx,AAPL,False,10000,30.19175955,9952.5742,47.43,0.2635,0.2113,Raydium CLMM + Byreal + Whirlpool,Byreal + Whirlpool + Raydium CLMM,329.194,759774.0
2026-09-14T07:09:06+00:00,TSLAx,TSLA,False,100,0.2776098,99.9389,6.11,0.0,0.0782,Riptide,Raydium CLMM,360.1997,1236079.0
2026-09-14T07:09:06+00:00,TSLAx,TSLA,False,1000,2.77610031,999.2751,7.25,0.0,0.0898,Riptide,Raydium CLMM,360.1997,1236079.0
2026-09-14T07:09:06+00:00,TSLAx,TSLA,False,10000,27.68977534,9964.6319,35.37,0.2393,0.1146,Whirlpool + Raydium CLMM + Riptide + Meteora DLMM,Raydium CLMM + Riptide,360.1997,1236079.0
2026-09-14T07:09:06+00:00,NVDAx,NVDA,False,100,0.46683262,99.9953,0.47,0.004,0.0007,Riptide,Byreal,213.8236,1790446.0
2026-09-14T07:09:06+00:00,NVDAx,NVDA,False,1000,4.6680444,999.7225,2.78,0.01,0.0177,Riptide,Raydium CLMM,213.8236,1790446.0
2026-09-14T07:09:06+00:00,NVDAx,NVDA,False,10000,46.6742842,9990.2483,9.75,0.0232,0.0743,Riptide,Byreal + Raydium CLMM + Riptide,213.8236,1790446.0
2026-09-14T07:09:06+00:00,SPYx,SPY,False,100,0.13081762,99.9817,1.83,0.0,0.3876,Raydium CLMM,Byreal,762.7277,4288538.0
2026-09-14T07:09:06+00:00,SPYx,SPY,False,1000,1.30813147,999.7471,2.53,0.0,0.3911,Raydium CLMM,AlphaQ + Raydium CLMM + Byreal,762.7277,4288538.0
2026-09-14T07:09:06+00:00,SPYx,SPY,False,10000,13.07972646,9994.7939,5.21,0.0,0.4057,Raydium CLMM + Riptide + Byreal,Byreal + Raydium CLMM + Riptide,762.7277,4288538.0
2026-09-14T07:09:06+00:00,MSTRx,MSTR,False,100,0.76612475,99.9,10.0,0.0735,0.0264,Riptide,Riptide,130.4021,752168.0
2026-09-14T07:09:06+00:00,MSTRx,MSTR,False,10000,76.5790298,9985.5557,14.44,0.1172,0.0273,Riptide + ZeroFi + Raydium CLMM,Riptide,130.4021,752168.0
2026-09-14T07:09:06+00:00,METAx,META,False,100,0.15557865,99.6625,33.75,0.3281,0.0094,Whirlpool,Whirlpool,639.1465,205565.0
2026-09-14T07:09:06+00:00,METAx,META,False,1000,1.55463488,995.3953,46.05,0.4019,0.0588,Whirlpool,Raydium CLMM,639.1465,205565.0
2026-09-14T07:09:06+00:00,METAx,META,False,10000,15.51617986,9920.4729,79.53,0.5952,0.2013,Whirlpool + Raydium CLMM + Byreal,Raydium CLMM + Whirlpool + Byreal,639.1465,205565.0
2026-09-14T07:09:06+00:00,GOOGLx,GOOGL,False,100,0.29622986,99.6733,32.67,0.0078,0.3189,Whirlpool,Whirlpool,336.674,308447.0
2026-09-14T07:09:06+00:00,GOOGLx,GOOGL,False,1000,2.96155278,996.1647,38.35,0.033,0.3507,Raydium CLMM,Whirlpool,336.674,308447.0
2026-09-14T07:09:06+00:00,GOOGLx,GOOGL,False,10000,29.59848874,9942.0237,57.98,0.0905,0.4897,GoonFi V2 + Meteora DLMM + Raydium CLMM + Whirlpool,Byreal + Raydium CLMM + Whirlpool,336.674,308447.0
2026-09-14T07:09:06+00:00,AMZNx,AMZN,False,100,0.39206452,99.5965,40.35,0.343,0.0607,Byreal,Byreal,254.1286,214810.0
2026-09-14T07:09:06+00:00,AMZNx,AMZN,False,1000,3.91995338,995.612,43.88,0.3606,0.0785,Byreal,Byreal,254.1286,214810.0
2026-09-14T07:09:06+00:00,AMZNx,AMZN,False,10000,39.15137692,9925.3949,74.61,0.483,0.2643,Byreal + Raydium CLMM,Byreal + Meteora DLMM + HumidiFi + Raydium CLMM,254.1286,214810.0
2026-09-14T07:25:14+00:00,AAPLx,AAPL,False,100,0.30205761,99.7949,20.51,0.1997,0.2011,Raydium CLMM,Raydium CLMM,329.2397,761194.0
2026-09-14T07:25:14+00:00,AAPLx,AAPL,False,1000,3.02030366,997.3813,26.19,0.0154,0.2465,Raydium CLMM,Raydium CLMM,329.2397,761194.0
2026-09-14T07:25:14+00:00,AAPLx,AAPL,False,10000,30.18929881,9952.625,47.38,0.0609,0.4131,Whirlpool + Raydium CLMM + Byreal,Raydium CLMM + Byreal + Whirlpool,329.2397,761194.0
2026-09-14T07:25:14+00:00,TSLAx,TSLA,False,100,0.27728475,99.9578,4.22,0.1537,0.0,Whirlpool,Riptide,360.0013,1236599.0
2026-09-14T07:25:14+00:00,TSLAx,TSLA,False,1000,2.77124451,999.0005,10.0,0.2114,0.0,Riptide,Riptide,360.0013,1236599.0
2026-09-14T07:25:14+00:00,TSLAx,TSLA,False,10000,27.71261513,9989.493,10.51,0.2108,0.0,Whirlpool + Riptide + Raydium CLMM,Riptide,360.0013,1236599.0
2026-09-14T07:25:14+00:00,NVDAx,NVDA,False,100,0.46602076,99.9542,4.58,0.002,0.0438,Raydium CLMM,Riptide,214.1637,1784615.0
2026-09-14T07:25:14+00:00,NVDAx,NVDA,False,1000,4.65953233,999.3969,6.03,0.0165,0.0438,Raydium CLMM,Riptide,214.1637,1784615.0
2026-09-14T07:25:14+00:00,NVDAx,NVDA,False,10000,46.58018729,9989.8973,10.1,0.049,0.0521,Raydium CLMM + Riptide + Whirlpool,Riptide,214.1637,1784615.0
2026-09-14T07:25:14+00:00,SPYx,SPY,False,100,0.13084828,99.9931,0.69,0.0751,0.0,Raydium CLMM,Scorch + HumidiFi,759.7076,4279905.0
2026-09-14T07:25:14+00:00,SPYx,SPY,False,1000,1.30843852,999.7246,2.75,0.0785,0.0,Raydium CLMM,Raydium CLMM,759.7076,4279905.0
2026-09-14T07:25:14+00:00,SPYx,SPY,False,10000,13.08186102,9994.7783,5.22,0.0977,0.0,Byreal + Riptide + Raydium CLMM,Scorch + SolFi V2 + Riptide + Raydium CLMM,759.7076,4279905.0
2026-09-14T07:25:14+00:00,MSTRx,MSTR,False,100,0.76683189,99.908,9.2,0.1278,0.0,Riptide,Raydium CLMM + HumidiFi,130.2094,749939.0
2026-09-14T07:25:14+00:00,MSTRx,MSTR,False,1000,7.66831892,998.8273,11.73,0.1278,0.0,Riptide,Riptide,130.2094,749939.0
2026-09-14T07:25:14+00:00,MSTRx,MSTR,False,10000,76.67055242,9985.0247,14.98,0.1443,0.0055,Riptide,Raydium CLMM + HumidiFi + Riptide,130.2094,749939.0
2026-09-14T07:25:14+00:00,METAx,META,False,100,0.15559789,99.6675,33.25,0.3668,0.0,Whirlpool,Whirlpool,638.7068,204340.0
2026-09-14T07:25:14+00:00,METAx,META,False,1000,1.55497528,995.4691,45.31,0.431,0.0222,Whirlpool,Whirlpool,638.7068,204340.0
2026-09-14T07:25:14+00:00,METAx,META,False,10000,15.52047385,9920.1496,79.85,0.6185,0.1811,Raydium CLMM + Byreal + Whirlpool,Byreal + Whirlpool + Raydium CLMM,638.7068,204340.0
2026-09-14T07:25:14+00:00,GOOGLx,GOOGL,False,100,0.29635865,99.6733,32.67,0.0044,0.3223,Whirlpool,Whirlpool,336.5428,306534.0
2026-09-14T07:25:14+00:00,GOOGLx,GOOGL,False,1000,2.9626608,996.0397,39.6,0.0357,0.3605,Whirlpool,Whirlpool,336.5428,306534.0
2026-09-14T07:25:14+00:00,GOOGLx,GOOGL,False,10000,29.60316462,9940.7113,59.29,0.1148,0.1547,Byreal + Whirlpool + Raydium CLMM,Whirlpool + Byreal + Raydium CLMM,336.5428,306534.0
2026-09-14T07:25:14+00:00,AMZNx,AMZN,False,100,0.39224045,99.615,38.5,0.3817,0.0034,GoonFi V2 + PancakeSwap + Meteora DLMM,Byreal,253.9129,213838.0
2026-09-14T07:25:14+00:00,AMZNx,AMZN,False,1000,3.92098411,995.4912,45.09,0.4177,0.0333,Byreal,Byreal,253.9129,213838.0
2026-09-14T07:25:14+00:00,AMZNx,AMZN,False,10000,39.16038623,9924.9219,75.08,0.5441,0.2078,BisonFi + Meteora DLMM + Raydium CLMM + Byreal,Meteora DLMM + BisonFi + Byreal + Raydium CLMM,253.9129,213838.0
2026-09-14T07:41:13+00:00,AAPLx,AAPL,False,100,0.30208509,99.7895,21.05,0.2399,0.0,Raydium CLMM,Raydium CLMM,329.1018,762328.0
2026-09-14T07:41:13+00:00,AAPLx,AAPL,False,1000,3.01992768,997.1126,28.87,0.2704,0.0184,Whirlpool,Raydium CLMM,329.1018,762328.0
2026-09-14T07:41:13+00:00,AAPLx,AAPL,False,10000,30.1870978,9951.5649,48.44,0.3106,0.1743,Byreal + Whirlpool + Raydium CLMM,Whirlpool + Byreal + Raydium CLMM,329.1018,762328.0
2026-09-14T07:41:13+00:00,TSLAx,TSLA,False,100,0.2775062,99.9527,4.73,0.0128,0.0345,Riptide,Whirlpool,360.2398,1236159.0
2026-09-14T07:41:13+00:00,TSLAx,TSLA,False,1000,2.775062,999.1582,8.42,0.0128,0.0714,Riptide,Raydium CLMM,360.2398,1236159.0
2026-09-14T07:41:13+00:00,TSLAx,TSLA,False,10000,27.75062009,9989.6588,10.34,0.0128,0.0906,Riptide,Riptide + Raydium CLMM,360.2398,1236159.0
2026-09-14T07:41:13+00:00,NVDAx,NVDA,False,100,0.46607217,99.9244,7.56,0.0491,0.0265,Riptide,Whirlpool,214.0501,1785666.0
2026-09-14T07:41:13+00:00,NVDAx,NVDA,False,1000,4.66072171,999.0005,10.0,0.0491,0.0509,Riptide,Riptide,214.0501,1785666.0
2026-09-14T07:41:13+00:00,NVDAx,NVDA,False,10000,46.60057692,9988.6055,11.39,0.0633,0.0499,Raydium CLMM + Riptide,Whirlpool + Riptide,214.0501,1785666.0
2026-09-14T07:41:13+00:00,SPYx,SPY,False,100,0.13088572,99.9873,1.27,0.0068,0.0059,Whirlpool,Byreal,759.4923,4240720.0
2026-09-14T07:41:13+00:00,SPYx,SPY,False,1000,1.30874813,999.7243,2.76,0.0152,0.0124,Raydium CLMM,Raydium CLMM,759.4923,4240720.0
2026-09-14T07:41:13+00:00,SPYx,SPY,False,10000,13.08480664,9994.8746,5.13,0.0397,0.0116,Raydium CLMM + Byreal + Riptide,Riptide + Raydium CLMM,759.4923,4240720.0
2026-09-14T07:41:13+00:00,MSTRx,MSTR,False,100,0.76623651,99.8828,11.72,0.0,0.1323,Riptide,Riptide,130.5037,747604.0
2026-09-14T07:41:13+00:00,MSTRx,MSTR,False,1000,7.66465052,999.0005,10.0,0.0,0.1448,Riptide,Riptide,130.5037,747604.0
2026-09-14T07:41:13+00:00,MSTRx,MSTR,False,10000,76.61977195,9984.4425,15.56,0.0,0.1656,Riptide,Riptide,130.5037,747604.0
2026-09-14T07:41:13+00:00,METAx,META,False,100,0.15575331,99.6711,32.89,0.3184,0.0106,Whirlpool,Raydium CLMM,638.4118,202528.0
2026-09-14T07:41:13+00:00,METAx,META,False,1000,1.55665012,995.8915,41.09,0.3749,0.0361,Whirlpool,Raydium CLMM,638.4118,202528.0
2026-09-14T07:41:13+00:00,METAx,META,False,10000,15.53078003,9919.7796,80.22,0.6035,0.1999,Raydium CLMM + Byreal + Whirlpool,Byreal + Whirlpool + Raydium CLMM,638.4118,202528.0
2026-09-14T07:41:13+00:00,GOOGLx,GOOGL,False,100,0.29639326,99.6734,32.66,0.3289,0.0,Whirlpool,Whirlpool,335.4207,306852.0
2026-09-14T07:41:13+00:00,GOOGLx,GOOGL,False,1000,2.96301498,996.0287,39.71,0.3598,0.0375,Whirlpool,Whirlpool,335.4207,306852.0
2026-09-14T07:41:13+00:00,GOOGLx,GOOGL,False,10000,29.60422162,9941.084,58.92,0.4469,0.1429,Byreal + Raydium CLMM + Whirlpool,Whirlpool + Raydium CLMM + Byreal,335.4207,306852.0
2026-09-14T07:41:13+00:00,AMZNx,AMZN,False,100,0.39216955,99.5957,40.43,0.0024,0.4019,Byreal,Byreal,254.9387,214706.0
2026-09-14T07:41:13+00:00,AMZNx,AMZN,False,1000,3.92085888,995.5292,44.71,0.0237,0.4234,Byreal,Byreal,254.9387,214706.0
2026-09-14T07:41:13+00:00,AMZNx,AMZN,False,10000,39.14988529,9924.6737,75.33,0.1734,0.5808,Byreal + Quantum + Meteora DLMM + Raydium CLMM,Raydium CLMM + Meteora DLMM + HumidiFi + Byreal,254.9387,214706.0
2026-09-14T07:56:57+00:00,AAPLx,AAPL,False,100,0.30204164,99.792,20.8,0.0048,0.2032,Byreal,Raydium CLMM,329.9108,761447.0
2026-09-14T07:56:57+00:00,AAPLx,AAPL,False,1000,3.01989516,997.2704,27.3,0.022,0.251,Raydium CLMM,Raydium CLMM,329.9108,761447.0
2026-09-14T07:56:57+00:00,AAPLx,AAPL,False,10000,30.18593273,9952.3658,47.63,0.0652,0.4115,Byreal + Whirlpool + Raydium CLMM,Whirlpool + Raydium CLMM + Byreal,329.9108,761447.0
2026-09-14T07:56:57+00:00,TSLAx,TSLA,False,100,0.27779043,99.9065,9.35,0.0926,0.0009,Whirlpool,Raydium CLMM + Flux + JupLend AMM,359.5688,1228284.0
2026-09-14T07:56:57+00:00,TSLAx,TSLA,False,1000,2.77788466,998.8585,11.42,0.0933,0.0188,Riptide,Raydium CLMM,359.5688,1228284.0
2026-09-14T07:56:57+00:00,TSLAx,TSLA,False,10000,27.77884862,9989.7633,10.24,0.0954,0.007,Whirlpool + Riptide,Riptide + Raydium CLMM,359.5688,1228284.0
2026-09-14T07:56:57+00:00,NVDAx,NVDA,False,100,0.46658034,99.9335,6.65,0.0874,0.0,Whirlpool,TaurusFi,213.7304,1785478.0
2026-09-14T07:56:57+00:00,NVDAx,NVDA,False,1000,4.6650136,999.0654,9.35,0.1043,0.0,Riptide,Riptide,213.7304,1785478.0
2026-09-14T07:56:57+00:00,NVDAx,NVDA,False,10000,46.63971098,9988.4282,11.57,0.1266,0.0,TaurusFi + Riptide + Whirlpool,TaurusFi + Riptide,213.7304,1785478.0
2026-09-14T07:56:57+00:00,SPYx,SPY,False,100,0.13093235,99.9904,0.96,0.0042,0.0054,Raydium CLMM,Byreal,759.2251,4150858.0
2026-09-14T07:56:57+00:00,SPYx,SPY,False,1000,1.30927863,999.7237,2.76,0.0076,0.02,Raydium CLMM,Raydium CLMM,759.2251,4150858.0
2026-09-14T07:56:57+00:00,SPYx,SPY,False,10000,13.09060749,9994.8686,5.13,0.0243,0.027,Riptide + Raydium CLMM + AlphaQ,Raydium CLMM + Byreal,759.2251,4150858.0
2026-09-14T07:56:57+00:00,MSTRx,MSTR,False,100,0.76306655,99.9772,2.28,0.0287,0.0,BisonFi + Raydium CLMM,Riptide,130.9856,757911.0
2026-09-14T07:56:57+00:00,MSTRx,MSTR,False,1000,7.62892904,999.5099,4.9,0.0515,0.0,BisonFi + Raydium CLMM,Riptide,130.9856,757911.0
2026-09-14T07:56:57+00:00,MSTRx,MSTR,False,10000,76.24255772,9986.4008,13.6,0.1127,0.0233,Riptide + HumidiFi + Raydium CLMM,Riptide,130.9856,757911.0
2026-09-14T07:56:57+00:00,METAx,META,False,100,0.15581907,99.6866,31.34,0.0,0.4993,Whirlpool,Raydium CLMM,641.3626,201783.0
2026-09-14T07:56:57+00:00,METAx,META,False,1000,1.5573003,995.772,42.28,0.381,0.0419,Whirlpool,Raydium CLMM,641.3626,201783.0
2026-09-14T07:56:57+00:00,METAx,META,False,10000,15.54065984,9915.5617,84.44,0.6114,0.2148,Raydium CLMM + Byreal + Whirlpool,Raydium CLMM + Whirlpool + Byreal,641.3626,201783.0
2026-09-14T07:56:57+00:00,GOOGLx,GOOGL,False,100,0.29639602,99.6734,32.66,0.3228,0.0038,Whirlpool,Whirlpool,335.4306,306012.0
2026-09-14T07:56:57+00:00,GOOGLx,GOOGL,False,1000,2.96304261,996.0273,39.73,0.3537,0.0437,Whirlpool,Whirlpool,335.4306,306012.0
2026-09-14T07:56:57+00:00,GOOGLx,GOOGL,False,10000,29.60611564,9941.114,58.89,0.4354,0.1541,Whirlpool + Byreal + Raydium CLMM,Byreal + Whirlpool + Raydium CLMM,335.4306,306012.0
2026-09-14T07:56:57+00:00,AMZNx,AMZN,False,100,0.39220833,99.6184,38.16,0.0,0.461,Byreal,Raydium CLMM + BisonFi,255.1175,215814.0
2026-09-14T07:56:57+00:00,AMZNx,AMZN,False,1000,3.92126792,995.6058,43.94,0.0,0.4981,Byreal,Byreal + Meteora DLMM + Raydium CLMM + Quantum,255.1175,215814.0
2026-09-14T07:56:57+00:00,AMZNx,AMZN,False,10000,39.15677022,9924.7478,75.25,0.0837,0.6694,Raydium CLMM + HumidiFi + Meteora DLMM + Byreal,Raydium CLMM + Meteora DLMM + HumidiFi + Byreal,255.1175,215814.0
2026-09-14T08:12:50+00:00,AAPLx,AAPL,False,100,0.30064287,99.7895,21.05,0.1989,0.0116,Raydium CLMM,Raydium CLMM,330.815,806535.0
2026-09-14T08:12:50+00:00,AAPLx,AAPL,False,1000,3.00588593,997.2387,27.61,0.2169,0.0593,Raydium CLMM,Raydium CLMM,330.815,806535.0
2026-09-14T08:12:50+00:00,AAPLx,AAPL,False,10000,30.04463878,9952.8481,47.15,0.2641,0.2079,Whirlpool + Raydium CLMM,Whirlpool + Raydium CLMM + Byreal,330.815,806535.0
2026-09-14T08:12:50+00:00,TSLAx,TSLA,False,100,0.27881603,99.9313,6.87,0.0675,0.0012,Riptide,Raydium CLMM,358.3499,1212991.0
2026-09-14T08:12:50+00:00,TSLAx,TSLA,False,1000,2.78776612,999.0358,9.64,0.0755,0.0209,Riptide,Raydium CLMM,358.3499,1212991.0
2026-09-14T08:12:50+00:00,TSLAx,TSLA,False,10000,27.87766122,9990.0418,9.96,0.0755,0.0241,Riptide,Raydium CLMM + Byreal + Riptide,358.3499,1212991.0
2026-09-14T08:12:50+00:00,NVDAx,NVDA,False,100,0.46636554,99.9225,7.75,0.1311,0.0,TaurusFi,TaurusFi,213.739,1790472.0
2026-09-14T08:12:50+00:00,NVDAx,NVDA,False,1000,4.66313829,999.0005,10.0,0.1404,0.0,Riptide,Riptide,213.739,1790472.0
2026-09-14T08:12:50+00:00,NVDAx,NVDA,False,10000,46.61762916,9988.3372,11.66,0.1699,0.0,Riptide + TaurusFi + Whirlpool,Riptide + TaurusFi,213.739,1790472.0
2026-09-14T08:12:50+00:00,SPYx,SPY,False,100,0.13085611,99.986,1.4,0.0015,0.0125,Whirlpool,Raydium CLMM,759.6879,4142396.0
2026-09-14T08:12:50+00:00,SPYx,SPY,False,1000,1.30852592,999.8008,1.99,0.0042,0.0157,Riptide,Raydium CLMM,759.6879,4142396.0
2026-09-14T08:12:50+00:00,SPYx,SPY,False,10000,13.08526274,9995.5743,4.43,0.0042,0.0401,Whirlpool + Riptide,Byreal + Raydium CLMM + Riptide,759.6879,4142396.0
2026-09-14T08:12:50+00:00,MSTRx,MSTR,False,100,0.76278469,99.9,10.0,0.0,0.2171,Riptide,Riptide,131.2255,754618.0
2026-09-14T08:12:50+00:00,MSTRx,MSTR,False,1000,7.62784691,998.9068,10.93,0.0,0.2265,Riptide,Riptide,131.2255,754618.0
2026-09-14T08:12:50+00:00,MSTRx,MSTR,False,10000,76.28910564,9985.2027,14.8,0.0,0.279,ZeroFi + Raydium CLMM + Riptide,Riptide,131.2255,754618.0
2026-09-14T08:12:50+00:00,METAx,META,False,100,0.1557438,99.6745,32.55,0.3175,0.0081,Raydium CLMM,Whirlpool,638.4426,199670.0
2026-09-14T08:12:50+00:00,METAx,META,False,1000,1.55703922,995.8138,41.86,0.343,0.0759,Raydium CLMM,Whirlpool,638.4426,199670.0
2026-09-14T08:12:50+00:00,METAx,META,False,10000,15.54616793,9917.4639,82.54,0.498,0.329,Whirlpool + Byreal + Raydium CLMM,Byreal + Raydium CLMM + Whirlpool,638.4426,199670.0
2026-09-14T08:12:50+00:00,GOOGLx,GOOGL,False,100,0.2967531,99.6732,32.68,0.0,0.3855,Whirlpool,Whirlpool,336.3099,301992.0
2026-09-14T08:12:50+00:00,GOOGLx,GOOGL,False,1000,2.96661178,996.2434,37.57,0.0,0.4034,Whirlpool,Meteora DLMM + Quantum + Whirlpool + Byreal,336.3099,301992.0
2026-09-14T08:12:50+00:00,GOOGLx,GOOGL,False,10000,29.6263294,9941.4976,58.5,0.1063,0.4793,Whirlpool + Byreal + Raydium CLMM,Byreal + Whirlpool + Raydium CLMM,336.3099,301992.0
2026-09-14T08:12:50+00:00,AMZNx,AMZN,False,100,0.39238934,99.6002,39.98,0.3142,0.0859,Quantum + Meteora DLMM,Byreal,253.9958,213864.0
2026-09-14T08:12:50+00:00,AMZNx,AMZN,False,1000,3.92288617,995.5356,44.64,0.3398,0.107,Byreal,Byreal,253.9958,213864.0
2026-09-14T08:12:50+00:00,AMZNx,AMZN,False,10000,39.17164745,9924.1008,75.9,0.4852,0.2751,Byreal + Raydium CLMM + BisonFi + Meteora DLMM,Byreal + Meteora DLMM + HumidiFi + Raydium CLMM,253.9958,213864.0
2026-09-14T08:28:48+00:00,AAPLx,AAPL,False,100,0.30096475,99.8029,19.71,0.0056,0.1916,Raydium CLMM,Byreal,331.0949,810536.0
2026-09-14T08:28:48+00:00,AAPLx,AAPL,False,1000,3.00820851,997.3007,26.99,0.0534,0.2167,Raydium CLMM,Byreal,331.0949,810536.0
2026-09-14T08:28:48+00:00,AAPLx,AAPL,False,10000,30.04485994,9951.9959,48.0,0.177,0.3035,Raydium CLMM + Whirlpool,Raydium CLMM + Whirlpool + Byreal,331.0949,810536.0
2026-09-14T08:28:48+00:00,TSLAx,TSLA,False,100,0.27877099,99.9213,7.87,0.1401,0.0,BinaryFi,Whirlpool,358.1403,1211022.0
2026-09-14T08:28:48+00:00,TSLAx,TSLA,False,1000,2.78770999,999.0138,9.86,0.1401,0.0,BinaryFi,Riptide,358.1403,1211022.0
2026-09-14T08:28:48+00:00,TSLAx,TSLA,False,10000,27.86137983,9984.0196,15.98,0.1964,0.0,Riptide + BinaryFi,Byreal + Whirlpool + Riptide,358.1403,1211022.0
2026-09-14T08:28:48+00:00,NVDAx,NVDA,False,100,0.46804295,99.9421,5.79,0.0,0.0626,Riptide,Raydium CLMM,213.5291,1772551.0
2026-09-14T08:28:48+00:00,NVDAx,NVDA,False,1000,4.68042959,999.1616,8.38,0.0,0.0886,Riptide,Raydium CLMM,213.5291,1772551.0
2026-09-14T08:28:48+00:00,NVDAx,NVDA,False,10000,46.79696818,9988.6231,11.38,0.0113,0.1025,TaurusFi + Riptide,Riptide + Raydium CLMM,213.5291,1772551.0
2026-09-14T08:28:48+00:00,SPYx,SPY,False,100,0.13086393,99.9937,0.63,0.0082,0.0,Raydium CLMM,Whirlpool,759.5931,4130659.0
2026-09-14T08:28:48+00:00,SPYx,SPY,False,1000,1.30859834,999.7304,2.7,0.0114,0.0156,Raydium CLMM,Raydium CLMM,759.5931,4130659.0
2026-09-14T08:28:48+00:00,SPYx,SPY,False,10000,13.08446329,9994.5282,5.47,0.0324,0.0224,Raydium CLMM + Riptide + Byreal,Raydium CLMM + Riptide + Whirlpool,759.5931,4130659.0
2026-09-14T08:28:48+00:00,MSTRx,MSTR,False,100,0.76308239,99.9239,7.61,0.0512,0.025,Riptide,Raydium CLMM,130.9537,760693.0
2026-09-14T08:28:48+00:00,MSTRx,MSTR,False,1000,7.62984757,999.0005,10.0,0.064,0.036,Riptide,Riptide,130.9537,760693.0
2026-09-14T08:28:48+00:00,MSTRx,MSTR,False,10000,76.30030017,9985.7223,14.28,0.0616,0.0812,Riptide + ZeroFi + Raydium CLMM,Raydium CLMM + Riptide,130.9537,760693.0
2026-09-14T08:28:48+00:00,METAx,META,False,100,0.1557438,99.6701,32.99,0.0066,0.3234,Raydium CLMM,Whirlpool,640.4352,199533.0
2026-09-14T08:28:48+00:00,METAx,META,False,1000,1.55703922,995.7969,42.03,0.0322,0.3883,Raydium CLMM,Whirlpool,640.4352,199533.0
2026-09-14T08:28:48+00:00,METAx,META,False,10000,15.54656898,9917.6588,82.34,0.1851,0.6395,Byreal + Whirlpool + Raydium CLMM,Raydium CLMM + Byreal + Whirlpool,640.4352,199533.0
2026-09-14T08:28:48+00:00,GOOGLx,GOOGL,False,100,0.29676514,99.7278,27.22,0.3144,0.0,Whirlpool,Byreal,335.0425,302798.0
2026-09-14T08:28:48+00:00,GOOGLx,GOOGL,False,1000,2.96673212,996.5541,34.46,0.3452,0.0,Whirlpool,Byreal,335.0425,302798.0
2026-09-14T08:28:48+00:00,GOOGLx,GOOGL,False,10000,29.62448114,9942.0512,57.95,0.4891,0.0908,Raydium CLMM + HumidiFi + Meteora DLMM + Whirlpool,Raydium CLMM + Byreal + Whirlpool,335.0425,302798.0
2026-09-14T08:28:48+00:00,AMZNx,AMZN,False,100,0.39260155,99.6456,35.44,0.4012,0.0,Kipseli + Meteora DLMM,Byreal,253.6375,212956.0
2026-09-14T08:28:48+00:00,AMZNx,AMZN,False,1000,3.92321797,995.5355,44.64,0.4722,0.0,Byreal,Byreal,253.6375,212956.0
2026-09-14T08:28:48+00:00,AMZNx,AMZN,False,10000,39.17817289,9923.8762,76.12,0.6092,0.153,HumidiFi + Meteora DLMM + Byreal + Raydium CLMM,Byreal + Meteora DLMM + HumidiFi + Raydium CLMM,253.6375,212956.0
2026-09-14T08:44:48+00:00,AAPLx,AAPL,False,100,0.30091348,99.7895,21.05,0.0058,0.2047,Raydium CLMM,Raydium CLMM,331.1516,808442.0
2026-09-14T08:44:48+00:00,AAPLx,AAPL,False,1000,3.00769621,996.9418,30.58,0.0536,0.2523,Raydium CLMM,Raydium CLMM,331.1516,808442.0
2026-09-14T08:44:48+00:00,AAPLx,AAPL,False,10000,30.0438258,9948.9228,51.08,0.1637,0.3476,Whirlpool + Raydium CLMM,Raydium CLMM + Whirlpool,331.1516,808442.0
2026-09-14T08:44:48+00:00,TSLAx,TSLA,False,100,0.27869061,99.9243,7.57,0.0,0.1113,Whirlpool,Riptide,358.8751,1210400.0
2026-09-14T08:44:48+00:00,TSLAx,TSLA,False,1000,2.78623038,999.0005,10.0,0.0,0.1113,Riptide,Riptide,358.8751,1210400.0
2026-09-14T08:44:48+00:00,TSLAx,TSLA,False,10000,27.86302897,9989.675,10.32,0.0,0.1172,Whirlpool + BinaryFi + Riptide,Riptide,358.8751,1210400.0
2026-09-14T08:44:48+00:00,NVDAx,NVDA,False,100,0.46802285,99.9346,6.54,0.0267,0.0387,Riptide,Whirlpool,213.2015,1772397.0
2026-09-14T08:44:48+00:00,NVDAx,NVDA,False,1000,4.68022853,999.0146,9.85,0.0267,0.0719,Riptide,Riptide,213.2015,1772397.0
2026-09-14T08:44:48+00:00,NVDAx,NVDA,False,10000,46.79447347,9988.5298,11.47,0.0433,0.0714,Riptide + TaurusFi,Whirlpool + TaurusFi + Riptide,213.2015,1772397.0
2026-09-14T08:44:48+00:00,SPYx,SPY,False,100,0.13089411,99.9971,0.29,0.0003,0.0025,Raydium CLMM,Riptide,759.4775,4113891.0
2026-09-14T08:44:48+00:00,SPYx,SPY,False,1000,1.30889997,999.9399,0.6,0.0035,0.0,Raydium CLMM,Riptide,759.4775,4113891.0
2026-09-14T08:44:48+00:00,SPYx,SPY,False,10000,13.0855356,9997.2224,2.78,0.2001,0.0,Byreal + Raydium CLMM,Riptide,759.4775,4113891.0
2026-09-14T08:44:48+00:00,MSTRx,MSTR,False,100,0.76405135,99.8952,10.48,0.0969,0.0098,Riptide,Riptide,130.7277,757909.0
2026-09-14T08:44:48+00:00,MSTRx,MSTR,False,1000,7.64088725,999.0005,10.0,0.0902,0.0098,Riptide,Riptide,130.7277,757909.0
2026-09-14T08:44:48+00:00,MSTRx,MSTR,False,10000,76.3910061,9985.2532,14.75,0.1136,0.034,ZeroFi + Raydium CLMM + Riptide,Riptide + Byreal,130.7277,757909.0
2026-09-14T08:44:48+00:00,METAx,META,False,100,0.15577299,99.6813,31.87,0.0,0.3242,Manifest + Scorch + Meteora DLMM,Whirlpool,640.3805,199744.0
2026-09-14T08:44:48+00:00,METAx,META,False,1000,1.55703922,995.7135,42.87,0.0388,0.39,Raydium CLMM,Whirlpool,640.3805,199744.0
2026-09-14T08:44:48+00:00,METAx,META,False,10000,15.54691002,9917.5372,82.46,0.1896,0.6363,Raydium CLMM + Byreal + Whirlpool,Byreal + Raydium CLMM + Whirlpool,640.3805,199744.0
2026-09-14T08:44:48+00:00,GOOGLx,GOOGL,False,100,0.29666376,99.6916,30.84,0.0,0.3505,Whirlpool,Byreal,336.3496,288928.0
2026-09-14T08:44:48+00:00,GOOGLx,GOOGL,False,1000,2.96571873,996.192,38.08,0.0,0.392,Whirlpool,Byreal,336.3496,288928.0
2026-09-14T08:44:48+00:00,GOOGLx,GOOGL,False,10000,29.61410452,9937.1502,62.85,0.1341,0.4951,Raydium CLMM + Byreal + Whirlpool,Raydium CLMM + Byreal + Whirlpool,336.3496,288928.0
2026-09-14T08:44:48+00:00,AMZNx,AMZN,False,100,0.39280766,99.6724,32.76,0.0,0.4036,AlphaQ + Flux + Meteora DLMM,Byreal,254.7151,212608.0
2026-09-14T08:44:48+00:00,AMZNx,AMZN,False,1000,3.92422254,995.4915,45.09,0.0219,0.4291,Byreal,Byreal,254.7151,212608.0
2026-09-14T08:44:48+00:00,AMZNx,AMZN,False,10000,39.18317035,9924.0716,75.93,0.1723,0.588,BisonFi + Meteora DLMM + Raydium CLMM + Byreal,Raydium CLMM + Meteora DLMM + Flux + Byreal,254.7151,212608.0
2026-09-14T09:00:49+00:00,AAPLx,AAPL,False,100,0.3009077,99.7976,20.24,0.3661,0.0,Byreal,Raydium CLMM,329.9611,804319.0
2026-09-14T09:00:49+00:00,AAPLx,AAPL,False,1000,3.00831963,997.2489,27.51,0.3911,0.0,Byreal,Raydium CLMM,329.9611,804319.0
2026-09-14T09:00:49+00:00,AAPLx,AAPL,False,10000,30.05323568,9951.1298,48.87,0.4903,0.0,Byreal + Raydium CLMM + Whirlpool,Raydium CLMM + Whirlpool,329.9611,804319.0
2026-09-14T09:00:49+00:00,TSLAx,TSLA,False,100,0.27869217,99.9477,5.23,0.1077,0.0,Whirlpool,Riptide,358.3475,1219622.0
2026-09-14T09:00:49+00:00,TSLAx,TSLA,False,1000,2.78652999,999.3369,6.63,0.1218,0.0,BinaryFi,Riptide,358.3475,1219622.0
2026-09-14T09:00:49+00:00,TSLAx,TSLA,False,10000,27.85811342,9990.2009,9.8,0.1475,0.0,Raydium CLMM + Riptide,Riptide,358.3475,1219622.0
2026-09-14T09:00:49+00:00,NVDAx,NVDA,False,100,0.4701027,99.9503,4.97,0.0,0.1535,Riptide,Whirlpool + GoonFi V2 + AlphaQ,212.5376,1744654.0
2026-09-14T09:00:49+00:00,NVDAx,NVDA,False,1000,4.70078555,999.109,8.91,0.0,0.1878,Riptide,Riptide + Whirlpool + GoonFi V2 + AlphaQ,212.5376,1744654.0
2026-09-14T09:00:49+00:00,SPYx,SPY,False,100,0.13090285,99.9916,0.84,0.0885,0.0,Byreal,Riptide,758.7643,4024598.0
2026-09-14T09:00:49+00:00,SPYx,SPY,False,1000,1.30895975,999.8631,1.37,0.0938,0.1199,Raydium CLMM,Riptide,758.7643,4024598.0
2026-09-14T09:00:49+00:00,SPYx,SPY,False,10000,13.08650116,9995.9597,4.04,0.0,0.123,AlphaQ + Raydium CLMM + Byreal,Riptide,758.7643,4024598.0
2026-09-14T09:00:49+00:00,MSTRx,MSTR,False,100,0.76685197,99.9374,6.26,0.0899,0.0,Riptide,Raydium CLMM + HumidiFi,130.2606,748504.0
2026-09-14T09:00:49+00:00,MSTRx,MSTR,False,1000,7.66817867,999.1084,8.92,0.0944,0.0,Riptide,Raydium CLMM + Flux,130.2606,748504.0
2026-09-14T09:00:49+00:00,MSTRx,MSTR,False,10000,76.66224615,9987.2727,12.73,0.1198,0.0074,ZeroFi + Raydium CLMM + Riptide,Riptide + Raydium CLMM + HumidiFi,130.2606,748504.0
2026-09-14T09:00:49+00:00,METAx,META,False,100,0.15576763,99.6677,33.23,0.3285,0.0038,Whirlpool,Whirlpool,638.2812,199626.0
2026-09-14T09:00:49+00:00,METAx,META,False,1000,1.55703922,995.5999,44.0,0.3693,0.071,Raydium CLMM,Whirlpool,638.2812,199626.0
2026-09-14T09:00:49+00:00,METAx,META,False,10000,15.54737714,9917.3903,82.61,0.5165,0.3112,Whirlpool + Byreal + Raydium CLMM,Byreal + Raydium CLMM + Whirlpool,638.2812,199626.0
2026-09-14T09:00:49+00:00,GOOGLx,GOOGL,False,100,0.29620094,99.7942,20.58,0.0,0.1668,HumidiFi + Meteora DLMM,Whirlpool,337.2266,329469.0
2026-09-14T09:00:49+00:00,GOOGLx,GOOGL,False,1000,2.9594378,996.7071,32.93,0.4427,0.0,HumidiFi + Meteora DLMM,Whirlpool,337.2266,329469.0
2026-09-14T09:00:49+00:00,GOOGLx,GOOGL,False,10000,29.55620175,9941.1258,58.87,0.5841,0.0118,BisonFi + Meteora DLMM + Raydium CLMM + Whirlpool,Whirlpool + Byreal + Raydium CLMM,337.2266,329469.0
2026-09-14T09:00:49+00:00,AMZNx,AMZN,False,100,0.39324965,99.6718,32.82,0.3161,0.0122,BisonFi + Meteora DLMM,Byreal,253.4381,210031.0
2026-09-14T09:00:49+00:00,AMZNx,AMZN,False,1000,3.92795242,995.2086,47.91,0.4313,0.048,Byreal,Byreal,253.4381,210031.0
2026-09-14T09:00:49+00:00,AMZNx,AMZN,False,10000,39.21956991,9922.0497,77.95,0.5833,0.1974,Byreal + Quantum + Meteora DLMM + Raydium CLMM,Raydium CLMM + Meteora DLMM + HumidiFi + Byreal,253.4381,210031.0
2026-09-14T09:16:42+00:00,AAPLx,AAPL,False,100,0.3011218,99.7902,20.98,0.1863,0.0236,Raydium CLMM,Whirlpool,330.331,806033.0
2026-09-14T09:16:42+00:00,AAPLx,AAPL,False,1000,3.00977785,997.2265,27.74,0.234,0.0435,Raydium CLMM,Whirlpool,330.331,806033.0
2026-09-14T09:16:42+00:00,AAPLx,AAPL,False,10000,30.05283874,9949.0621,50.94,0.383,0.1269,Raydium CLMM + Byreal + Whirlpool,Raydium CLMM + Whirlpool,330.331,806033.0
2026-09-14T09:16:42+00:00,TSLAx,TSLA,False,100,0.27903499,99.9448,5.52,0.053,0.0022,BinaryFi,Raydium CLMM,358.1211,1221015.0
2026-09-14T09:16:42+00:00,TSLAx,TSLA,False,1000,2.79058999,999.3987,6.01,0.0444,0.0158,BinaryFi,Raydium CLMM,358.1211,1221015.0
2026-09-14T09:16:42+00:00,TSLAx,TSLA,False,10000,27.81999462,9961.9305,38.07,0.3521,0.0287,BinaryFi + Riptide,Riptide + Raydium CLMM,358.1211,1221015.0
2026-09-14T09:16:42+00:00,NVDAx,NVDA,False,100,0.4712317,99.9226,7.74,0.0675,0.01,Whirlpool,TaurusFi,211.6668,1729601.0
2026-09-14T09:16:42+00:00,NVDAx,NVDA,False,1000,4.71236589,999.0005,10.0,0.0664,0.0336,Riptide,Riptide,211.6668,1729601.0
2026-09-14T09:16:42+00:00,NVDAx,NVDA,False,10000,47.11604735,9988.1359,11.86,0.0826,0.0361,TaurusFi + Riptide + Whirlpool,Riptide + TaurusFi,211.6668,1729601.0
2026-09-14T09:16:42+00:00,SPYx,SPY,False,100,0.13106165,99.9921,0.79,0.0,0.0122,Whirlpool,Scorch + GoonFi V2 + Quantum,758.547,3811876.0
2026-09-14T09:16:42+00:00,SPYx,SPY,False,1000,1.3104747,999.7352,2.65,0.0066,0.0199,Raydium CLMM,Riptide,758.547,3811876.0
2026-09-14T09:16:42+00:00,SPYx,SPY,False,10000,13.1014224,9994.6225,5.38,0.0319,0.0218,Riptide + Raydium CLMM + Byreal,Riptide + Byreal,758.547,3811876.0
2026-09-14T09:16:42+00:00,MSTRx,MSTR,False,100,0.76861862,99.9883,1.17,0.0,0.0315,Riptide,Raydium CLMM + Flux + GoonFi V2,130.1042,746466.0
2026-09-14T09:16:42+00:00,MSTRx,MSTR,False,1000,7.68650003,999.6555,3.44,0.0,0.0583,Riptide,Raydium CLMM + Whirlpool + HumidiFi,130.1042,746466.0
2026-09-14T09:16:42+00:00,MSTRx,MSTR,False,10000,76.84118691,9987.0121,12.99,0.0071,0.1228,Riptide,Raydium CLMM + Riptide + HumidiFi,130.1042,746466.0
2026-09-14T09:16:42+00:00,METAx,META,False,100,0.15573984,99.6732,32.68,0.0044,0.3225,Raydium CLMM,Whirlpool,640.473,200231.0
2026-09-14T09:16:42+00:00,METAx,META,False,1000,1.55699969,995.8344,41.66,0.03,0.3867,Raydium CLMM,Whirlpool,640.473,200231.0
2026-09-14T09:16:42+00:00,METAx,META,False,10000,15.54606369,9917.7579,82.24,0.1836,0.64,Raydium CLMM + Whirlpool + Byreal,Byreal + Whirlpool + Raydium CLMM,640.473,200231.0
2026-09-14T09:16:42+00:00,GOOGLx,GOOGL,False,100,0.29704999,99.7574,24.26,0.0,0.3231,HumidiFi + Meteora DLMM,Whirlpool,334.3388,307143.0
2026-09-14T09:16:42+00:00,GOOGLx,GOOGL,False,1000,2.96707776,996.0626,39.37,0.0345,0.3594,Whirlpool,Whirlpool,334.3388,307143.0
2026-09-14T09:16:42+00:00,GOOGLx,GOOGL,False,10000,29.64962432,9939.7119,60.29,0.2461,0.3577,Raydium CLMM + HumidiFi + Meteora DLMM + Whirlpool,Whirlpool + Byreal + Meteora DLMM + TesseraV,334.3388,307143.0
2026-09-14T09:16:42+00:00,AMZNx,AMZN,False,100,0.39374866,99.5924,40.76,0.4477,0.0,Byreal,Byreal,252.7834,205908.0
2026-09-14T09:16:42+00:00,AMZNx,AMZN,False,1000,3.93608648,995.2124,47.88,0.5309,0.0,Raydium CLMM,Byreal,252.7834,205908.0
2026-09-14T09:16:42+00:00,AMZNx,AMZN,False,10000,39.33939781,9927.9379,72.06,0.5852,0.1362,Byreal + Raydium CLMM,Byreal + Meteora DLMM + HumidiFi + Raydium CLMM,252.7834,205908.0
2026-09-14T09:32:42+00:00,AAPLx,AAPL,False,100,0.30110821,99.7907,20.93,0.2029,0.0064,Raydium CLMM,Whirlpool,330.2736,802524.0
2026-09-14T09:32:42+00:00,AAPLx,AAPL,False,1000,3.00903015,997.0285,29.72,0.2709,0.0263,Raydium CLMM,Whirlpool,330.2736,802524.0
2026-09-14T09:32:42+00:00,AAPLx,AAPL,False,10000,30.04814952,9947.4805,52.52,0.4106,0.115,Whirlpool + Raydium CLMM,Raydium CLMM + Whirlpool + Byreal,330.2736,802524.0
2026-09-14T09:32:42+00:00,TSLAx,TSLA,False,100,0.27928791,99.9154,8.46,0.1165,0.0,Whirlpool,Riptide,357.5506,1214914.0
2026-09-14T09:32:42+00:00,TSLAx,TSLA,False,1000,2.79309999,999.2332,7.67,0.1086,0.1883,BinaryFi,Riptide,357.5506,1214914.0
2026-09-14T09:32:42+00:00,TSLAx,TSLA,False,10000,27.89478155,9979.3336,20.67,0.018,0.1899,BinaryFi + Whirlpool + Riptide,Byreal + Riptide,357.5506,1214914.0
2026-09-14T09:32:42+00:00,NVDAx,NVDA,False,100,0.47073913,99.9082,9.18,0.0182,0.0261,Raydium CLMM,Riptide,211.9818,1724597.0
2026-09-14T09:32:42+00:00,NVDAx,NVDA,False,1000,4.70670469,999.0394,9.61,0.0802,0.0171,Raydium CLMM,Riptide,211.9818,1724597.0
2026-09-14T09:32:42+00:00,NVDAx,NVDA,False,10000,47.06254743,9989.1942,10.81,0.0976,0.0105,Riptide + Raydium CLMM,Riptide,211.9818,1724597.0
2026-09-14T09:32:42+00:00,SPYx,SPY,False,100,0.13105736,99.9889,1.11,0.0,0.0159,Whirlpool,Byreal,758.5339,3764304.0
2026-09-14T09:32:42+00:00,SPYx,SPY,False,1000,1.31039696,999.7037,2.96,0.0087,0.0209,Raydium CLMM,Raydium CLMM,758.5339,3764304.0
2026-09-14T09:32:42+00:00,SPYx,SPY,False,10000,13.1017028,9994.8631,5.14,0.026,0.0254,Raydium CLMM + Riptide,Raydium CLMM + Byreal + Riptide,758.5339,3764304.0
2026-09-14T09:32:42+00:00,MSTRx,MSTR,False,100,0.76801706,99.8944,10.56,0.1872,0.0,Riptide,Riptide,129.9289,735686.0
2026-09-14T09:32:42+00:00,MSTRx,MSTR,False,1000,7.68060729,999.0005,10.0,0.1815,0.0,Riptide,Riptide,129.9289,735686.0
2026-09-14T09:32:42+00:00,MSTRx,MSTR,False,10000,76.7713294,9984.8786,15.12,0.2267,0.0,Riptide + Raydium CLMM,Riptide,129.9289,735686.0
2026-09-14T09:32:42+00:00,METAx,META,False,100,0.15573127,99.6677,33.23,0.0,0.3403,Whirlpool,Whirlpool,640.5489,200536.0
2026-09-14T09:32:42+00:00,METAx,META,False,1000,1.55684832,995.7376,42.62,0.0218,0.4045,Raydium CLMM,Whirlpool,640.5489,200536.0
2026-09-14T09:32:42+00:00,METAx,META,False,10000,15.54511582,9917.8059,82.19,0.1719,0.6512,Raydium CLMM + Byreal + Whirlpool,Raydium CLMM + Whirlpool + Byreal,640.5489,200536.0
2026-09-14T09:32:42+00:00,GOOGLx,GOOGL,False,100,0.29684464,99.7008,29.92,0.0,0.3512,Raydium CLMM,Whirlpool,336.1681,307549.0
2026-09-14T09:32:42+00:00,GOOGLx,GOOGL,False,1000,2.96786349,996.534,34.66,0.0,0.379,Raydium CLMM,Whirlpool + Meteora DLMM + HumidiFi + Flux,336.1681,307549.0
2026-09-14T09:32:42+00:00,GOOGLx,GOOGL,False,10000,29.65089484,9943.9951,56.0,0.061,0.4994,Whirlpool + Raydium CLMM + Byreal,Whirlpool + Meteora DLMM + TesseraV + Byreal,336.1681,307549.0
2026-09-14T09:32:42+00:00,AMZNx,AMZN,False,100,0.3940002,99.6103,38.97,0.0,0.3996,HumidiFi + Meteora DLMM,Byreal,253.7681,204127.0
2026-09-14T09:32:42+00:00,AMZNx,AMZN,False,1000,3.93791913,995.2268,47.73,0.0429,0.4346,Byreal,Byreal,253.7681,204127.0
2026-09-14T09:32:42+00:00,AMZNx,AMZN,False,10000,39.34291935,9927.7245,72.28,0.135,0.5885,Raydium CLMM + Byreal + BisonFi + Meteora DLMM,Byreal + Raydium CLMM + Meteora DLMM + HumidiFi,253.7681,204127.0
2026-09-14T09:48:46+00:00,AAPLx,AAPL,False,100,0.30112647,99.7903,20.97,0.2006,0.0091,Raydium CLMM,Whirlpool,330.275,802050.0
2026-09-14T09:48:46+00:00,AAPLx,AAPL,False,1000,3.00921265,997.0249,29.75,0.2686,0.029,Raydium CLMM,Whirlpool,330.275,802050.0
2026-09-14T09:48:46+00:00,AAPLx,AAPL,False,10000,30.04927144,9947.6018,52.4,0.4106,0.1138,Whirlpool + Raydium CLMM,Whirlpool + Byreal + Raydium CLMM,330.275,802050.0
2026-09-14T09:48:46+00:00,TSLAx,TSLA,False,100,0.27920499,99.9386,6.14,0.043,0.0184,BinaryFi,Riptide,357.9349,1196382.0
2026-09-14T09:48:46+00:00,TSLAx,TSLA,False,1000,2.79200999,999.2655,7.34,0.0445,0.029,BinaryFi,Riptide,357.9349,1196382.0
2026-09-14T09:48:46+00:00,TSLAx,TSLA,False,10000,27.9126952,9988.0751,11.92,0.071,0.0483,Riptide,Riptide + Whirlpool,357.9349,1196382.0
2026-09-14T09:48:46+00:00,NVDAx,NVDA,False,100,0.47034758,99.9104,8.96,0.2354,0.0,Riptide,Whirlpool,211.7062,1723949.0
2026-09-14T09:48:46+00:00,NVDAx,NVDA,False,1000,4.70347588,998.9606,10.39,0.0,0.3719,Riptide,Riptide + Whirlpool,211.7062,1723949.0
2026-09-14T09:48:46+00:00,NVDAx,NVDA,False,10000,47.03380061,9988.7582,11.24,0.0,0.3783,Raydium CLMM + Riptide,Riptide + Whirlpool,211.7062,1723949.0
2026-09-14T09:48:46+00:00,SPYx,SPY,False,100,0.13124,100.11,-11.0,0.0,0.0111,Pump.fun Amm + Scorch,Raydium CLMM + Flux,758.397,3730788.0
2026-09-14T09:48:46+00:00,SPYx,SPY,False,1000,1.310724,999.7605,2.39,0.0043,0.0197,Raydium CLMM,Riptide,758.397,3730788.0
2026-09-14T09:48:46+00:00,MSTRx,MSTR,False,100,0.76548511,99.9182,8.18,0.005,0.0768,Raydium CLMM,Riptide,130.603,741217.0
2026-09-14T09:48:46+00:00,MSTRx,MSTR,False,1000,7.65345912,998.9171,10.83,0.0232,0.0851,Riptide,Riptide,130.603,741217.0
2026-09-14T09:48:46+00:00,MSTRx,MSTR,False,10000,76.51938703,9985.7069,14.29,0.0431,0.0999,Riptide + Raydium CLMM,Riptide,130.603,741217.0
2026-09-14T09:48:46+00:00,METAx,META,False,100,0.15571708,99.7327,26.73,0.0043,0.2631,Raydium CLMM,Meteora DLMM + Flux + Quay,640.5602,200536.0
2026-09-14T09:48:46+00:00,METAx,META,False,1000,1.55677215,995.8307,41.69,0.0299,0.3872,Raydium CLMM,Whirlpool,640.5602,200536.0
2026-09-14T09:48:46+00:00,METAx,META,False,10000,15.54405738,9918.0734,81.93,0.1818,0.6386,Whirlpool + Byreal + Raydium CLMM,Whirlpool + Raydium CLMM + Meteora DLMM + GoonFi V2,640.5602,200536.0
2026-09-14T09:48:46+00:00,GOOGLx,GOOGL,False,100,0.29684844,99.8704,12.96,0.2491,0.0,Raydium CLMM,Meteora DLMM + HumidiFi,334.993,306526.0
2026-09-14T09:48:46+00:00,GOOGLx,GOOGL,False,1000,2.96790149,998.7132,12.87,0.2687,0.0,Raydium CLMM,Meteora DLMM + HumidiFi,334.993,306526.0
2026-09-14T09:48:46+00:00,GOOGLx,GOOGL,False,10000,29.65401245,9954.6117,45.39,0.3527,0.1015,Raydium CLMM + Byreal + Whirlpool,Whirlpool + Byreal + Meteora DLMM + TesseraV,334.993,306526.0
2026-09-14T09:48:46+00:00,AMZNx,AMZN,False,100,0.3937837,99.7232,27.68,0.3658,0.0,Byreal,Raydium CLMM + Flux,252.9662,205586.0
2026-09-14T09:48:46+00:00,AMZNx,AMZN,False,1000,3.93645261,995.2269,47.73,0.4008,0.0768,Byreal,Byreal,252.9662,205586.0
2026-09-14T09:48:46+00:00,AMZNx,AMZN,False,10000,39.33576754,9929.87,70.13,0.4736,0.5918,Byreal + Raydium CLMM,Byreal + Meteora DLMM + BisonFi + Raydium CLMM,252.9662,205586.0
2026-09-14T10:04:59+00:00,AAPLx,AAPL,False,100,0.30104834,99.785,21.5,0.2075,0.0076,Raydium CLMM,Raydium CLMM,330.3293,802168.0
2026-09-14T10:04:59+00:00,AAPLx,AAPL,False,1000,3.00843213,996.7674,32.33,0.2755,0.0479,Raydium CLMM,Whirlpool,330.3293,802168.0
2026-09-14T10:04:59+00:00,AAPLx,AAPL,False,10000,30.04782922,9947.1688,52.83,0.4013,0.1276,Raydium CLMM + Whirlpool,Whirlpool + Raydium CLMM,330.3293,802168.0
2026-09-14T10:04:59+00:00,TSLAx,TSLA,False,100,0.2791335,99.9447,5.53,0.0928,0.0,Whirlpool,Riptide,357.8561,1212641.0
2026-09-14T10:04:59+00:00,TSLAx,TSLA,False,1000,2.79085999,999.3228,6.77,0.1098,0.0,BinaryFi,Riptide,357.8561,1212641.0
2026-09-14T10:04:59+00:00,TSLAx,TSLA,False,10000,27.89631976,9990.0668,9.93,0.1538,0.0,Whirlpool + Riptide + Raydium CLMM,Riptide + BinaryFi,357.8561,1212641.0
2026-09-14T10:04:59+00:00,NVDAx,NVDA,False,100,0.47037162,99.9185,8.15,0.1802,0.0,Riptide,TaurusFi,211.8171,1722651.0
2026-09-14T10:04:59+00:00,NVDAx,NVDA,False,1000,4.70368076,999.0005,10.0,0.1874,0.0,Riptide,Riptide,211.8171,1722651.0
2026-09-14T10:04:59+00:00,NVDAx,NVDA,False,10000,47.03308583,9989.1743,10.83,0.1953,0.0,Raydium CLMM + Riptide,TaurusFi + Riptide,211.8171,1722651.0
2026-09-14T10:04:59+00:00,SPYx,SPY,False,100,0.13107064,99.9801,1.99,0.0538,0.0,Byreal,Byreal,758.0708,3789832.0
2026-09-14T10:04:59+00:00,SPYx,SPY,False,1000,1.31065034,999.7536,2.46,0.0581,0.0,Raydium CLMM,Riptide,758.0708,3789832.0
2026-09-14T10:04:59+00:00,SPYx,SPY,False,10000,13.10332754,9995.114,4.89,0.0823,0.1711,Byreal + Raydium CLMM + Riptide,AlphaQ + Riptide + Byreal,758.0708,3789832.0
2026-09-14T10:04:59+00:00,MSTRx,MSTR,False,100,0.75737621,99.8849,11.51,0.1864,0.0,Riptide,Riptide,131.7655,780734.0
2026-09-14T10:04:59+00:00,MSTRx,MSTR,False,1000,7.57490977,999.0156,9.84,0.1713,0.0,Riptide,Riptide,131.7655,780734.0
2026-09-14T10:04:59+00:00,MSTRx,MSTR,False,10000,75.72809233,9983.7336,16.27,0.199,0.0,ZeroFi + Raydium CLMM + Riptide,Riptide,131.7655,780734.0
2026-09-14T10:04:59+00:00,METAx,META,False,100,0.1557481,99.6677,33.23,0.3257,0.0066,Whirlpool,Whirlpool,638.3917,200631.0
2026-09-14T10:04:59+00:00,METAx,META,False,1000,1.55659754,995.4574,45.43,0.3822,0.0723,Whirlpool,Whirlpool,638.3917,200631.0
2026-09-14T10:04:59+00:00,METAx,META,False,10000,15.54288055,9917.8869,82.11,0.53,0.2926,Byreal + Whirlpool + Raydium CLMM,Byreal + Whirlpool + Raydium CLMM,638.3917,200631.0
2026-09-14T10:04:59+00:00,GOOGLx,GOOGL,False,100,0.2971728,99.7469,25.31,0.2494,0.0037,BisonFi + Meteora DLMM,Whirlpool,334.8104,299726.0
2026-09-14T10:04:59+00:00,GOOGLx,GOOGL,False,1000,2.9716293,997.1588,28.41,0.2527,0.0315,Quantum + Meteora DLMM,Whirlpool,334.8104,299726.0
2026-09-14T10:04:59+00:00,GOOGLx,GOOGL,False,10000,29.67225554,9944.2881,55.71,0.4005,0.1572,BisonFi + Meteora DLMM + Whirlpool + Raydium CLMM,Whirlpool + Raydium CLMM + Byreal,334.8104,299726.0
2026-09-14T10:04:59+00:00,AMZNx,AMZN,False,100,0.39449931,99.7526,24.74,0.2425,0.0049,Quay + Flux + Raydium CLMM,Byreal,252.8267,206704.0
2026-09-14T10:04:59+00:00,AMZNx,AMZN,False,1000,3.93728191,995.2269,47.73,0.4375,0.04,Byreal,Byreal,252.8267,206704.0
2026-09-14T10:04:59+00:00,AMZNx,AMZN,False,10000,39.34109271,9928.9263,71.07,0.5177,0.194,Byreal + HumidiFi + Meteora DLMM + Raydium CLMM,Raydium CLMM + Meteora DLMM + BisonFi + Byreal,252.8267,206704.0
2026-09-14T10:21:04+00:00,AAPLx,AAPL,False,100,0.3007722,99.785,21.5,0.2059,0.0091,Raydium CLMM,Raydium CLMM,330.6489,803299.0
2026-09-14T10:21:04+00:00,AAPLx,AAPL,False,1000,3.00648398,996.7609,32.39,0.247,0.0771,Whirlpool,Raydium CLMM,330.6489,803299.0
2026-09-14T10:21:04+00:00,AAPLx,AAPL,False,10000,30.04430121,9948.0683,51.93,0.3151,0.2048,Whirlpool + Byreal + Raydium CLMM,Raydium CLMM + Whirlpool,330.6489,803299.0
2026-09-14T10:21:04+00:00,TSLAx,TSLA,False,100,0.27870783,99.9629,3.71,0.0479,0.0,Whirlpool,Riptide,358.5585,1216957.0
2026-09-14T10:21:04+00:00,TSLAx,TSLA,False,1000,2.78592103,999.0955,9.05,0.0894,0.0011,Raydium CLMM,Riptide,358.5585,1216957.0
2026-09-14T10:21:04+00:00,TSLAx,TSLA,False,10000,27.79469126,9966.8361,33.16,0.3208,0.0109,Riptide + BinaryFi + Raydium CLMM,BinaryFi + Riptide,358.5585,1216957.0
2026-09-14T10:21:04+00:00,NVDAx,NVDA,False,100,0.47072141,99.9382,6.18,0.1206,0.14,Whirlpool,TaurusFi,212.2098,1726855.0
2026-09-14T10:21:04+00:00,NVDAx,NVDA,False,1000,4.70495438,999.012,9.88,0.0,0.2472,Riptide,TaurusFi + Riptide,212.2098,1726855.0
2026-09-14T10:21:04+00:00,NVDAx,NVDA,False,10000,47.04585353,9989.5483,10.45,0.0,0.13,Whirlpool + TaurusFi + Riptide,Riptide + TaurusFi,212.2098,1726855.0
2026-09-14T10:21:04+00:00,SPYx,SPY,False,100,0.13100183,99.9903,0.97,0.0169,0.0,Byreal,Riptide,758.7381,3884312.0
2026-09-14T10:21:04+00:00,SPYx,SPY,False,1000,1.30992857,999.8348,1.65,0.0237,0.0,Byreal,Riptide,758.7381,3884312.0
2026-09-14T10:21:04+00:00,SPYx,SPY,False,10000,13.09628662,9996.0588,3.94,0.0466,0.0,AlphaQ + Byreal + Raydium CLMM,Riptide,758.7381,3884312.0
2026-09-14T10:21:04+00:00,MSTRx,MSTR,False,100,0.75829007,99.9356,6.44,0.1099,0.0,Riptide,Riptide,131.7056,779458.0
2026-09-14T10:21:04+00:00,MSTRx,MSTR,False,1000,7.58020465,998.8536,11.46,0.1454,0.0,Riptide,Riptide,131.7056,779458.0
2026-09-14T10:21:04+00:00,MSTRx,MSTR,False,10000,75.78104442,9987.7353,12.26,0.1731,0.0,Riptide,Riptide,131.7056,779458.0
2026-09-14T10:21:04+00:00,METAx,META,False,100,0.15506555,99.6846,31.54,0.0498,0.2683,Raydium CLMM,Whirlpool,642.9672,212915.0
2026-09-14T10:21:04+00:00,METAx,META,False,1000,1.5503162,995.8385,41.61,0.0691,0.3473,Raydium CLMM,Whirlpool,642.9672,212915.0
2026-09-14T10:21:04+00:00,METAx,META,False,10000,15.4804109,9921.4079,78.59,0.2157,0.5714,Raydium CLMM + Byreal + Whirlpool,Byreal + Raydium CLMM + Whirlpool,642.9672,212915.0
2026-09-14T10:21:04+00:00,GOOGLx,GOOGL,False,100,0.29682714,99.6708,32.92,0.0008,0.3284,Whirlpool,Whirlpool,336.0136,308467.0
2026-09-14T10:21:04+00:00,GOOGLx,GOOGL,False,1000,2.96750299,996.0725,39.28,0.0267,0.3661,Whirlpool,Whirlpool,336.0136,308467.0
2026-09-14T10:21:04+00:00,GOOGLx,GOOGL,False,10000,29.64673404,9938.4316,61.57,0.122,0.4942,Raydium CLMM + Whirlpool + Byreal,Whirlpool + Byreal + Meteora DLMM + TesseraV,336.0136,308467.0
2026-09-14T10:21:04+00:00,AMZNx,AMZN,False,100,0.39387186,99.5926,40.74,0.4004,0.007,Byreal,Byreal,252.812,206780.0
2026-09-14T10:21:04+00:00,AMZNx,AMZN,False,1000,3.93733378,995.2268,47.73,0.4355,0.3648,Byreal,Byreal,252.812,206780.0
2026-09-14T10:21:04+00:00,AMZNx,AMZN,False,10000,39.34111845,9928.5386,71.46,0.1946,0.521,Byreal + Raydium CLMM + Quantum + Meteora DLMM,Meteora DLMM + Quantum + Byreal + Raydium CLMM,252.812,206780.0
2026-09-14T10:37:40+00:00,AAPLx,AAPL,False,100,0.30061013,99.7979,20.21,0.0025,0.1996,Whirlpool,Meteora DLMM + Quantum,331.5005,805070.0
2026-09-14T10:37:40+00:00,AAPLx,AAPL,False,1000,3.00550344,997.0259,29.74,0.0223,0.2751,Whirlpool,Raydium CLMM,331.5005,805070.0
2026-09-14T10:37:40+00:00,AAPLx,AAPL,False,10000,30.03785922,9949.5241,50.48,0.0795,0.4256,Whirlpool + Raydium CLMM + Byreal,Byreal + Raydium CLMM + Whirlpool,331.5005,805070.0
2026-09-14T10:37:40+00:00,TSLAx,TSLA,False,100,0.27830272,99.9471,5.29,0.0029,0.05,Whirlpool,Riptide,359.2408,1219557.0
2026-09-14T10:37:40+00:00,TSLAx,TSLA,False,1000,2.78218745,999.0037,9.96,0.0331,0.0666,Raydium CLMM,Riptide,359.2408,1219557.0
2026-09-14T10:37:40+00:00,TSLAx,TSLA,False,10000,27.8266974,9991.6071,8.39,0.0158,0.0682,BinaryFi + Riptide,Riptide,359.2408,1219557.0
2026-09-14T10:37:40+00:00,NVDAx,NVDA,False,100,0.4698902,99.9005,9.95,0.0244,0.0751,Raydium CLMM,Riptide,212.2686,1727721.0
2026-09-14T10:37:40+00:00,NVDAx,NVDA,False,1000,4.69888031,999.0005,10.0,0.2118,0.0,Riptide,Riptide,212.2686,1727721.0
2026-09-14T10:37:40+00:00,NVDAx,NVDA,False,10000,46.98923641,9989.8243,10.18,0.2108,0.0881,Riptide + Raydium CLMM,Riptide,212.2686,1727721.0
2026-09-14T10:37:40+00:00,SPYx,SPY,False,100,0.13093203,99.9952,0.48,0.0159,0.0,Byreal,Riptide,758.3935,3877348.0
2026-09-14T10:37:40+00:00,SPYx,SPY,False,1000,1.30923924,999.8901,1.1,0.0221,0.0,Raydium CLMM,Riptide,758.3935,3877348.0
2026-09-14T10:37:40+00:00,MSTRx,MSTR,False,100,0.75844998,99.905,9.5,0.0,0.1266,Riptide,Raydium CLMM + Flux,131.8631,779283.0
2026-09-14T10:37:40+00:00,MSTRx,MSTR,False,1000,7.58449983,998.9633,10.37,0.0,0.1353,Riptide,Riptide + Raydium CLMM + Flux,131.8631,779283.0
2026-09-14T10:37:40+00:00,MSTRx,MSTR,False,10000,75.82764299,9985.0306,14.97,0.0,0.1585,Riptide,Raydium CLMM + Quantum + Riptide,131.8631,779283.0
2026-09-14T10:37:40+00:00,METAx,META,False,100,0.15328211,99.617,38.3,0.0151,0.368,Raydium CLMM,Whirlpool,650.6626,246148.0
2026-09-14T10:37:40+00:00,METAx,META,False,1000,1.53205087,995.1111,48.89,0.0653,0.4239,Raydium CLMM,Whirlpool,650.6626,246148.0
2026-09-14T10:37:40+00:00,METAx,META,False,10000,15.2754478,9898.791,101.21,0.3592,0.6552,Whirlpool + Raydium CLMM + Byreal,Byreal + Whirlpool + Raydium CLMM,650.6626,246148.0
2026-09-14T10:37:40+00:00,GOOGLx,GOOGL,False,100,0.29590445,99.7653,23.47,0.0076,0.3669,Whirlpool,Byreal,337.4198,328239.0
2026-09-14T10:37:40+00:00,GOOGLx,GOOGL,False,1000,2.9573157,996.6762,33.24,0.0392,0.3126,HumidiFi + Meteora DLMM,Byreal,337.4198,328239.0
2026-09-14T10:37:40+00:00,GOOGLx,GOOGL,False,10000,29.53836792,9941.9604,58.04,0.1317,0.4789,Whirlpool + Raydium CLMM + TesseraV + Meteora DLMM,Whirlpool + Raydium CLMM + Byreal,337.4198,328239.0
2026-09-14T10:37:40+00:00,AMZNx,AMZN,False,100,0.39382695,99.593,40.7,0.3098,0.0975,Byreal,Byreal,253.081,199713.0
2026-09-14T10:37:40+00:00,AMZNx,AMZN,False,1000,3.93694833,995.2625,47.38,0.3433,0.1309,Byreal,Byreal,253.081,199713.0
2026-09-14T10:37:40+00:00,AMZNx,AMZN,False,10000,39.34040508,9928.7053,71.29,0.4169,0.2973,Byreal + Raydium CLMM + Quantum + Meteora DLMM,Raydium CLMM + Byreal + Meteora DLMM + BisonFi,253.081,199713.0
2026-09-14T11:08:37+00:00,AAPLx,AAPL,False,100,0.29897416,99.7728,22.72,0.0,0.3257,Raydium CLMM,Raydium CLMM,333.6502,859087.0
2026-09-14T11:08:37+00:00,AAPLx,AAPL,False,1000,2.98951328,996.8728,31.27,0.0,0.4036,Raydium CLMM,Whirlpool + Byreal + Raydium CLMM,333.6502,859087.0
2026-09-14T11:08:37+00:00,AAPLx,AAPL,False,10000,29.88012809,9951.3514,48.65,0.0,0.5273,BisonFi + Whirlpool + Raydium CLMM,Byreal + Whirlpool + Raydium CLMM,333.6502,859087.0
2026-09-14T11:08:37+00:00,TSLAx,TSLA,False,100,0.27785798,99.9281,7.19,0.0105,0.0614,Byreal + Quantum + Raydium CLMM,Riptide,359.7862,1228506.0
2026-09-14T11:08:37+00:00,TSLAx,TSLA,False,1000,2.77780026,999.0058,9.94,0.0386,0.0609,Riptide,Riptide,359.7862,1228506.0
2026-09-14T11:08:37+00:00,TSLAx,TSLA,False,10000,27.77790585,9989.7533,10.25,0.0389,0.0636,Flux + Raydium CLMM + Riptide,Raydium CLMM + Whirlpool + Riptide,359.7862,1228506.0
2026-09-14T11:08:37+00:00,NVDAx,NVDA,False,100,0.46992607,99.8982,10.18,0.0247,0.0771,Riptide,Riptide,212.343,1730035.0
2026-09-14T11:08:37+00:00,NVDAx,NVDA,False,1000,4.69934921,999.0005,10.0,0.0229,0.0771,Riptide,Riptide,212.343,1730035.0
2026-09-14T11:08:37+00:00,NVDAx,NVDA,False,10000,46.98646645,9989.5132,10.49,0.0378,0.0671,Whirlpool + Riptide + Kipseli,Riptide,212.343,1730035.0
2026-09-14T11:08:37+00:00,SPYx,SPY,False,100,0.13088487,99.9816,1.84,0.0023,0.0003,Byreal,Raydium CLMM,759.5193,3833466.0
2026-09-14T11:08:37+00:00,SPYx,SPY,False,1000,1.3087763,999.7291,2.71,0.0236,0.0035,Raydium CLMM,Raydium CLMM,759.5193,3833466.0
2026-09-14T11:08:37+00:00,SPYx,SPY,False,10000,13.0865665,9995.1959,4.8,0.0128,0.0352,Byreal + Raydium CLMM,Raydium CLMM + Riptide + Byreal,759.5193,3833466.0
2026-09-14T11:08:37+00:00,MSTRx,MSTR,False,100,0.76347926,99.9,10.0,0.1042,0.0,Riptide,Riptide,130.8167,763567.0
2026-09-14T11:08:37+00:00,MSTRx,MSTR,False,1000,7.6347926,998.8716,11.28,0.1037,0.0091,Riptide,Riptide,130.8167,763567.0
2026-09-14T11:08:37+00:00,MSTRx,MSTR,False,10000,76.33259732,9984.5751,15.42,0.1238,0.0305,Riptide,Riptide,130.8167,763567.0
2026-09-14T11:08:37+00:00,METAx,META,False,100,0.15272442,99.6101,38.99,0.3483,0.0418,Raydium CLMM,Whirlpool,650.8646,238364.0
2026-09-14T11:08:37+00:00,METAx,META,False,1000,1.5264937,993.906,60.94,0.3972,0.0556,Raydium CLMM,Raydium CLMM,650.8646,238364.0
2026-09-14T11:08:37+00:00,METAx,META,False,10000,15.19407729,9867.0421,132.96,1.0158,0.317,Raydium CLMM + Byreal + Whirlpool,Whirlpool + Byreal + Raydium CLMM,650.8646,238364.0
2026-09-14T11:08:37+00:00,GOOGLx,GOOGL,False,100,0.29094827,99.8242,17.58,0.0,0.3498,Whirlpool,Whirlpool,343.2382,418877.0
2026-09-14T11:08:37+00:00,GOOGLx,GOOGL,False,1000,2.90336309,995.1684,48.32,0.0078,0.0,Whirlpool + Meteora DLMM,Whirlpool,343.2382,418877.0
2026-09-14T11:08:37+00:00,GOOGLx,GOOGL,False,10000,29.00511168,9927.4426,72.56,0.1088,0.6173,Byreal + Raydium CLMM + BisonFi + Meteora DLMM,Whirlpool + Raydium CLMM + Byreal,343.2382,418877.0
2026-09-14T11:08:37+00:00,AMZNx,AMZN,False,100,0.39225661,99.5955,40.45,0.3987,0.0058,Byreal,Byreal,253.8668,233620.0
2026-09-14T11:08:37+00:00,AMZNx,AMZN,False,1000,3.92187658,995.5626,44.37,0.4162,0.0276,Raydium CLMM,Byreal,253.8668,233620.0
2026-09-14T11:08:37+00:00,AMZNx,AMZN,False,10000,39.20075569,9941.7935,58.21,0.4619,0.1207,Byreal + Raydium CLMM + Quantum + Meteora DLMM,Raydium CLMM + Meteora DLMM + HumidiFi + Byreal,253.8668,233620.0
2026-09-14T11:39:31+00:00,AAPLx,AAPL,False,100,0.29841431,99.7945,20.55,0.0,0.2242,Quay + BisonFi + Whirlpool,Raydium CLMM,333.305,883281.0
2026-09-14T11:39:31+00:00,AAPLx,AAPL,False,1000,2.98332164,996.5176,34.82,0.0,0.3398,Raydium CLMM,Whirlpool,333.305,883281.0
2026-09-14T11:39:31+00:00,AAPLx,AAPL,False,10000,29.8190606,9949.5189,50.48,0.0558,0.4493,Raydium CLMM + Byreal + Whirlpool,Raydium CLMM + Byreal + Whirlpool,333.305,883281.0
2026-09-14T11:39:31+00:00,TSLAx,TSLA,False,100,0.27782434,99.9119,8.81,0.0869,0.0012,Riptide,Raydium CLMM,359.5496,1230520.0
2026-09-14T11:39:31+00:00,TSLAx,TSLA,False,1000,2.77824421,999.0005,10.0,0.0869,0.0131,Riptide,Riptide,359.5496,1230520.0
2026-09-14T11:39:31+00:00,TSLAx,TSLA,False,10000,27.78244217,9990.026,9.97,0.0869,0.0129,Riptide,Riptide + Raydium CLMM,359.5496,1230520.0
2026-09-14T11:39:31+00:00,NVDAx,NVDA,False,100,0.46819563,99.9336,6.64,0.1057,0.0,HumidiFi + Whirlpool,Riptide,212.9235,1739734.0
2026-09-14T11:39:31+00:00,NVDAx,NVDA,False,1000,4.68008391,999.0005,10.0,0.1458,0.0,Riptide,Riptide,212.9235,1739734.0
2026-09-14T11:39:31+00:00,NVDAx,NVDA,False,10000,46.80128258,9990.0064,9.99,0.0,0.0,Whirlpool + Riptide + HumidiFi,Riptide + Raydium CLMM,212.9235,1739734.0
2026-09-14T11:39:31+00:00,SPYx,SPY,False,100,0.13091435,99.9947,0.53,0.0,0.0722,Byreal,Riptide,759.8637,3774290.0
2026-09-14T11:39:31+00:00,SPYx,SPY,False,10000,13.08599882,9995.2392,4.76,0.0,0.0731,Byreal + Riptide + Raydium CLMM,Raydium CLMM + Riptide,759.8637,3774290.0
2026-09-14T11:39:31+00:00,MSTRx,MSTR,False,100,0.76105995,99.8739,12.61,0.0,0.1877,Riptide,Riptide,131.4486,767470.0
2026-09-14T11:39:31+00:00,MSTRx,MSTR,False,1000,7.61259135,999.0005,10.0,0.0,0.1877,Riptide,Riptide,131.4486,767470.0
2026-09-14T11:39:31+00:00,MSTRx,MSTR,False,10000,76.09509246,9985.0858,14.91,0.0,0.1964,Riptide + ZeroFi + Raydium CLMM,Riptide,131.4486,767470.0
2026-09-14T11:39:31+00:00,METAx,META,False,100,0.15040235,99.5699,43.01,0.3722,0.0582,Raydium CLMM,Whirlpool,660.748,251329.0
2026-09-14T11:39:31+00:00,METAx,META,False,1000,1.50268847,993.0478,69.52,0.4606,0.235,Raydium CLMM,Raydium CLMM,660.748,251329.0
2026-09-14T11:39:31+00:00,METAx,META,False,10000,14.94412124,9829.5388,170.46,1.0095,0.7022,Raydium CLMM + Whirlpool + Byreal,Raydium CLMM + Byreal + Whirlpool,660.748,251329.0
2026-09-14T11:39:31+00:00,GOOGLx,GOOGL,False,100,0.29027914,99.6883,31.17,0.0,0.3937,BisonFi + Meteora DLMM,Whirlpool,342.5906,416962.0
2026-09-14T11:39:31+00:00,GOOGLx,GOOGL,False,1000,2.90275825,996.244,37.56,0.0,0.4564,HumidiFi + Meteora DLMM,Raydium CLMM + Whirlpool + Byreal,342.5906,416962.0
2026-09-14T11:39:31+00:00,GOOGLx,GOOGL,False,10000,28.97532697,9929.1462,70.85,0.099,0.6102,BisonFi + Meteora DLMM + Raydium CLMM + Byreal,Meteora DLMM + BisonFi + Raydium CLMM + Byreal,342.5906,416962.0
2026-09-14T11:39:31+00:00,AMZNx,AMZN,False,100,0.39125527,99.5904,40.96,0.4082,0.0014,Byreal,Byreal,254.4913,227372.0
2026-09-14T11:39:31+00:00,AMZNx,AMZN,False,1000,3.91074976,995.095,49.05,0.4541,0.0365,Byreal,Raydium CLMM,254.4913,227372.0
2026-09-14T11:39:31+00:00,AMZNx,AMZN,False,10000,39.03024923,9918.5748,81.43,0.6508,0.1646,Byreal + Raydium CLMM + Quantum + Meteora DLMM,Meteora DLMM + Quantum + Byreal + Raydium CLMM,254.4913,227372.0
2026-09-14T11:55:20+00:00,AAPLx,AAPL,False,100,0.29883399,99.7701,22.99,0.2137,0.0163,Raydium CLMM,Raydium CLMM,333.4305,872700.0
2026-09-14T11:55:20+00:00,AAPLx,AAPL,False,1000,2.98595781,996.469,35.31,0.2932,0.0601,BisonFi + Whirlpool,Whirlpool,333.4305,872700.0
2026-09-14T11:55:20+00:00,AAPLx,AAPL,False,10000,29.83733905,9948.8764,51.12,0.3675,0.1443,TesseraV + Whirlpool + Raydium CLMM,Whirlpool + Byreal + Raydium CLMM,333.4305,872700.0
2026-09-14T11:55:20+00:00,TSLAx,TSLA,False,100,0.27815776,99.9092,9.08,0.0314,0.0594,Riptide,Whirlpool,359.3266,1224597.0
2026-09-14T11:55:20+00:00,TSLAx,TSLA,False,1000,2.78135952,999.0005,10.0,0.0392,0.0608,Riptide,Riptide,359.3266,1224597.0
2026-09-14T11:55:20+00:00,TSLAx,TSLA,False,10000,27.81359523,9989.1402,10.86,0.0392,0.0694,Riptide,Byreal + Whirlpool + Riptide,359.3266,1224597.0
2026-09-14T11:55:20+00:00,NVDAx,NVDA,False,100,0.46803741,99.9,10.0,0.0818,0.0182,Riptide,Riptide,213.08,1738236.0
2026-09-14T11:55:20+00:00,NVDAx,NVDA,False,1000,4.68029731,999.3095,6.9,0.0834,0.0,Riptide,Riptide,213.08,1738236.0
2026-09-14T11:55:20+00:00,NVDAx,NVDA,False,10000,46.7886798,9989.8812,10.12,0.114,0.0,Whirlpool + HumidiFi + Raydium CLMM + Riptide,Riptide,213.08,1738236.0
2026-09-14T11:55:20+00:00,SPYx,SPY,False,100,0.13085431,99.981,1.9,0.184,0.0,Raydium CLMM,Byreal,758.3232,3764135.0
2026-09-14T11:55:20+00:00,SPYx,SPY,False,1000,1.30849218,999.7134,2.87,0.1878,0.0,Raydium CLMM,Raydium CLMM,758.3232,3764135.0
2026-09-14T11:55:20+00:00,SPYx,SPY,False,10000,13.08471693,9994.8694,5.13,0.1894,0.0,Raydium CLMM + Riptide + Byreal,Riptide + Raydium CLMM + Byreal,758.3232,3764135.0
2026-09-14T11:55:20+00:00,MSTRx,MSTR,False,100,0.76102236,99.9,10.0,0.0875,0.0125,Riptide,Riptide,131.2621,783721.0
2026-09-14T11:55:20+00:00,MSTRx,MSTR,False,1000,7.6102236,999.0005,10.0,0.0875,0.0125,Riptide,Riptide,131.2621,783721.0
2026-09-14T11:55:20+00:00,MSTRx,MSTR,False,10000,76.08142849,9986.9798,13.02,0.1148,0.0154,Riptide + Byreal + ZeroFi + Raydium CLMM,Riptide,131.2621,783721.0
2026-09-14T11:55:20+00:00,METAx,META,False,100,0.15010748,99.6004,39.96,0.3634,0.0364,Raydium CLMM,Byreal,662.1197,254383.0
2026-09-14T11:55:20+00:00,METAx,META,False,1000,1.4998242,993.1679,68.32,0.4464,0.2379,Raydium CLMM,Raydium CLMM,662.1197,254383.0
2026-09-14T11:55:20+00:00,METAx,META,False,10000,14.91400804,9831.3626,168.64,1.0055,0.6878,Whirlpool + Raydium CLMM + Byreal,Byreal + Raydium CLMM + Whirlpool,662.1197,254383.0
2026-09-14T11:55:20+00:00,GOOGLx,GOOGL,False,100,0.28982787,99.6986,30.14,0.2926,0.0088,Quantum + Meteora DLMM,Byreal,343.1413,425428.0
2026-09-14T11:55:20+00:00,GOOGLx,GOOGL,False,1000,2.89611348,995.812,41.88,0.3671,0.0519,Deriverse + BisonFi + Meteora DLMM,Byreal,343.1413,425428.0
2026-09-14T11:55:20+00:00,GOOGLx,GOOGL,False,10000,28.9139872,9925.2614,74.74,0.5293,0.2193,Raydium CLMM + Whirlpool + TesseraV + Meteora DLMM,Meteora DLMM + BisonFi + Byreal + Raydium CLMM,343.1413,425428.0
2026-09-14T11:55:20+00:00,AMZNx,AMZN,False,100,0.39103249,99.5902,40.98,0.406,0.0038,Byreal,Byreal,254.6462,228076.0
2026-09-14T11:55:20+00:00,AMZNx,AMZN,False,1000,3.90838381,994.9581,50.42,0.4554,0.0525,Byreal,Byreal,254.6462,228076.0
2026-09-14T11:55:20+00:00,AMZNx,AMZN,False,10000,39.0181416,9917.8237,82.18,0.6193,0.2037,Raydium CLMM + Byreal + HumidiFi + Meteora DLMM,Meteora DLMM + Quantum + Raydium CLMM + Byreal,254.6462,228076.0
2026-09-14T12:11:07+00:00,AAPLx,AAPL,False,100,0.29933845,99.7701,22.99,0.0164,0.2136,Raydium CLMM,Raydium CLMM,332.8541,855440.0
2026-09-14T12:11:07+00:00,AAPLx,AAPL,False,1000,2.99032937,996.3581,36.42,0.1184,0.2461,Whirlpool,Whirlpool,332.8541,855440.0
2026-09-14T12:11:07+00:00,AAPLx,AAPL,False,10000,29.8705824,9947.5838,52.42,0.2277,0.2972,Byreal + Whirlpool + Raydium CLMM,Raydium CLMM + Whirlpool + Byreal,332.8541,855440.0
2026-09-14T12:11:07+00:00,TSLAx,TSLA,False,100,0.27847932,99.9,10.0,0.1269,0.0,Riptide,Riptide,358.559,1219474.0
2026-09-14T12:11:07+00:00,TSLAx,TSLA,False,1000,2.78479322,999.0038,9.96,0.1269,0.0,Riptide,Riptide,358.559,1219474.0
2026-09-14T12:11:07+00:00,TSLAx,TSLA,False,10000,27.8478392,9989.8376,10.16,0.1272,0.0,Riptide,Raydium CLMM + Whirlpool + Riptide,358.559,1219474.0
2026-09-14T12:11:07+00:00,NVDAx,NVDA,False,100,0.4685486,99.9,10.0,0.0634,0.0353,Riptide,Riptide,212.8786,1734842.0
2026-09-14T12:11:07+00:00,NVDAx,NVDA,False,1000,4.68548603,999.0019,9.98,0.0647,0.0351,Riptide,Riptide,212.8786,1734842.0
2026-09-14T12:11:07+00:00,NVDAx,NVDA,False,10000,46.85479442,9989.8373,10.16,0.0649,0.0368,Riptide,Whirlpool + Flux + Riptide,212.8786,1734842.0
2026-09-14T12:11:07+00:00,SPYx,SPY,False,100,0.13093364,99.982,1.8,0.0179,0.0002,Byreal,Raydium CLMM,759.1042,3731346.0
2026-09-14T12:11:07+00:00,SPYx,SPY,False,1000,1.3092478,999.7126,2.87,0.0246,0.0041,Raydium CLMM,Raydium CLMM,759.1042,3731346.0
2026-09-14T12:11:07+00:00,SPYx,SPY,False,10000,13.09157386,9994.6558,5.34,0.0315,0.0219,Raydium CLMM + Riptide + Byreal,Riptide + Byreal + Raydium CLMM,759.1042,3731346.0
2026-09-14T12:11:07+00:00,MSTRx,MSTR,False,100,0.76001746,99.9,10.0,0.4698,0.0,Riptide,Riptide,130.9292,780802.0
2026-09-14T12:11:07+00:00,MSTRx,MSTR,False,1000,7.59908399,999.0005,10.0,0.4841,0.0,Riptide,Riptide,130.9292,780802.0
2026-09-14T12:11:07+00:00,MSTRx,MSTR,False,10000,75.96527836,9985.0601,14.94,0.5175,0.0,Riptide + Raydium CLMM + ZeroFi,Riptide,130.9292,780802.0
2026-09-14T12:11:07+00:00,METAx,META,False,100,0.15027207,99.5986,40.14,0.006,0.3955,Whirlpool,Byreal,663.7487,239432.0
2026-09-14T12:11:07+00:00,METAx,META,False,1000,1.5010273,993.186,68.14,0.1187,0.5634,Raydium CLMM,Raydium CLMM,663.7487,239432.0
2026-09-14T12:11:07+00:00,METAx,META,False,10000,14.92945538,9833.4073,166.59,0.6564,1.0162,Byreal + Whirlpool + Raydium CLMM,Whirlpool + Byreal + Raydium CLMM,663.7487,239432.0
2026-09-14T12:11:07+00:00,GOOGLx,GOOGL,False,100,0.28978034,99.6916,30.84,0.3891,0.0,Whirlpool,Byreal,342.856,424896.0
2026-09-14T12:11:07+00:00,GOOGLx,GOOGL,False,1000,2.89398423,995.1536,48.46,0.5204,0.0,Whirlpool,Byreal,342.856,424896.0
2026-09-14T12:11:07+00:00,GOOGLx,GOOGL,False,10000,28.89972276,9924.5451,75.45,0.6583,0.0969,BisonFi + Meteora DLMM + Raydium CLMM + Byreal,Whirlpool + Byreal + Meteora DLMM + TesseraV,342.856,424896.0
2026-09-14T12:11:07+00:00,AMZNx,AMZN,False,100,0.39103603,99.6365,36.35,0.4012,0.0,Byreal,Meteora DLMM + Flux,254.6492,227935.0
2026-09-14T12:11:07+00:00,AMZNx,AMZN,False,1000,3.90842066,994.959,50.41,0.4506,0.0538,Byreal,Byreal,254.6492,227935.0
2026-09-14T12:11:07+00:00,AMZNx,AMZN,False,10000,39.01307145,9917.9388,82.06,0.6318,0.1901,Raydium CLMM + Byreal + BisonFi + Meteora DLMM,Meteora DLMM + HumidiFi + Byreal + Raydium CLMM,254.6492,227935.0
2026-09-14T12:26:55+00:00,AAPLx,AAPL,False,100,0.29939448,99.7991,20.09,0.2083,0.0,Raydium CLMM,Whirlpool,332.1754,855921.0
2026-09-14T12:26:55+00:00,AAPLx,AAPL,False,1000,2.98989614,996.4431,35.57,0.3433,0.0125,Raydium CLMM,Whirlpool,332.1754,855921.0
2026-09-14T12:26:55+00:00,AAPLx,AAPL,False,10000,29.86805703,9947.1404,52.86,0.4463,0.0827,Raydium CLMM + Byreal + Whirlpool,Raydium CLMM + Byreal + Whirlpool,332.1754,855921.0
2026-09-14T12:26:55+00:00,TSLAx,TSLA,False,100,0.27862219,99.9254,7.46,0.0231,0.0516,Riptide,Raydium CLMM,358.7558,1219796.0
2026-09-14T12:26:55+00:00,TSLAx,TSLA,False,1000,2.78609316,999.0005,10.0,0.0277,0.0723,Riptide,Riptide,358.7558,1219796.0
2026-09-14T12:26:55+00:00,TSLAx,TSLA,False,10000,27.8609316,9990.0255,9.97,0.0277,0.0721,Riptide,Riptide + Whirlpool + Raydium CLMM,358.7558,1219796.0
2026-09-14T12:26:55+00:00,NVDAx,NVDA,False,100,0.46841832,99.9004,9.96,0.1266,0.0,Whirlpool,Riptide,212.8222,1736037.0
2026-09-14T12:26:55+00:00,NVDAx,NVDA,False,1000,4.68416629,999.0008,9.99,0.1269,0.4587,Riptide,Riptide + Whirlpool,212.8222,1736037.0
2026-09-14T12:26:55+00:00,NVDAx,NVDA,False,10000,46.84166466,9989.9743,10.03,0.0,0.4591,Whirlpool + Riptide,Riptide + Raydium CLMM,212.8222,1736037.0
2026-09-14T12:26:55+00:00,SPYx,SPY,False,100,0.13094,99.9984,0.16,0.0037,0.0,Scorch,Riptide,759.1919,3808599.0
2026-09-14T12:26:55+00:00,SPYx,SPY,False,1000,1.3091762,999.813,1.87,0.0208,0.0,Raydium CLMM,Riptide,759.1919,3808599.0
2026-09-14T12:26:55+00:00,SPYx,SPY,False,10000,13.08828218,9995.4872,4.51,0.0474,0.0,Byreal + Riptide + Raydium CLMM,Riptide,759.1919,3808599.0
2026-09-14T12:26:55+00:00,MSTRx,MSTR,False,100,0.75553814,99.9,10.0,0.0,0.1563,Riptide,Riptide,132.4047,790002.0
2026-09-14T12:26:55+00:00,MSTRx,MSTR,False,1000,7.55538145,998.9348,10.65,0.0,0.1628,Riptide,Riptide,132.4047,790002.0
2026-09-14T12:26:55+00:00,MSTRx,MSTR,False,10000,75.53390616,9983.2654,16.73,0.0,0.1973,Riptide + ZeroFi + BisonFi + Raydium CLMM,Riptide,132.4047,790002.0
2026-09-14T12:26:55+00:00,METAx,META,False,100,0.1507943,99.6127,38.73,0.3659,0.0215,Whirlpool,Raydium CLMM,659.1024,236729.0
2026-09-14T12:26:55+00:00,METAx,META,False,1000,1.50472587,993.1842,68.16,0.5784,0.1037,Raydium CLMM,Raydium CLMM,659.1024,236729.0
2026-09-14T12:26:55+00:00,METAx,META,False,10000,14.97465379,9837.2079,162.79,1.0582,0.5759,Raydium CLMM + Whirlpool + Byreal,Whirlpool + Byreal + Raydium CLMM,659.1024,236729.0
2026-09-14T12:26:55+00:00,GOOGLx,GOOGL,False,100,0.28987537,99.6518,34.82,0.0119,0.3364,Byreal,Whirlpool,344.0493,416376.0
2026-09-14T12:26:55+00:00,GOOGLx,GOOGL,False,1000,2.89764596,996.0325,39.67,0.0501,0.3468,Byreal,Meteora DLMM + GoonFi V2,344.0493,416376.0
2026-09-14T12:26:55+00:00,GOOGLx,GOOGL,False,10000,28.92841062,9923.8541,76.15,0.2158,0.5468,BisonFi + Meteora DLMM + Raydium CLMM + Byreal,Byreal + Meteora DLMM + BisonFi + GoonFi V2,344.0493,416376.0
2026-09-14T12:26:55+00:00,AMZNx,AMZN,False,100,0.39106888,99.615,38.5,0.3995,0.0,Byreal,Meteora DLMM + Quantum,254.638,226791.0
2026-09-14T12:26:55+00:00,AMZNx,AMZN,False,1000,3.90877277,994.9675,50.33,0.4483,0.0552,Byreal,Byreal,254.638,226791.0
2026-09-14T12:26:55+00:00,AMZNx,AMZN,False,10000,39.01791656,9918.0467,81.95,0.6261,0.1947,HumidiFi + Meteora DLMM + Byreal + Raydium CLMM,Meteora DLMM + HumidiFi + Raydium CLMM + Byreal,254.638,226791.0
2026-09-14T12:42:49+00:00,AAPLx,AAPL,False,100,0.29933531,99.7701,22.99,0.2126,0.0174,Raydium CLMM,Raydium CLMM,332.1978,840138.0
2026-09-14T12:42:49+00:00,AAPLx,AAPL,False,1000,2.99249937,996.2638,37.36,0.3496,0.0232,Raydium CLMM,Whirlpool,332.1978,840138.0
2026-09-14T12:42:49+00:00,AAPLx,AAPL,False,10000,29.90020529,9946.9183,53.08,0.4331,0.0981,Raydium CLMM + Byreal + Whirlpool,Byreal + Whirlpool + Raydium CLMM,332.1978,840138.0
2026-09-14T12:42:49+00:00,TSLAx,TSLA,False,100,0.27851027,99.9424,5.76,0.1529,0.0,Whirlpool,Riptide,358.4185,1218473.0
2026-09-14T12:42:49+00:00,TSLAx,TSLA,False,1000,2.78392341,999.0005,10.0,0.1952,0.0,Riptide,Riptide,358.4185,1218473.0
2026-09-14T12:42:49+00:00,TSLAx,TSLA,False,10000,27.83935211,9990.1392,9.86,0.1948,0.0,Whirlpool + Riptide,Riptide,358.4185,1218473.0
2026-09-14T12:42:49+00:00,NVDAx,NVDA,False,100,0.46952376,99.9476,5.24,0.0,0.0666,Riptide,Whirlpool,212.3975,1724810.0
2026-09-14T12:42:49+00:00,NVDAx,NVDA,False,1000,4.69523762,999.0005,10.0,0.0,0.1141,Riptide,Riptide,212.3975,1724810.0
2026-09-14T12:42:49+00:00,NVDAx,NVDA,False,10000,46.95214373,9990.0031,10.0,0.0,0.1141,Raydium CLMM + Riptide,Whirlpool + Riptide,212.3975,1724810.0
2026-09-14T12:42:49+00:00,SPYx,SPY,False,100,0.13103064,99.9982,0.18,0.0,0.0036,Raydium CLMM,Scorch + GoonFi V2,758.6728,3777429.0
2026-09-14T12:42:49+00:00,SPYx,SPY,False,1000,1.31023051,999.9315,0.68,0.0054,0.0033,Raydium CLMM,Riptide,758.6728,3777429.0
2026-09-14T12:42:49+00:00,SPYx,SPY,False,10000,13.09832932,9996.2811,3.72,0.0339,0.01,Raydium CLMM + Byreal + Whirlpool,Riptide,758.6728,3777429.0
2026-09-14T12:42:49+00:00,MSTRx,MSTR,False,100,0.75806901,99.9,10.0,0.122,0.0,Riptide,Riptide,131.7212,783648.0
2026-09-14T12:42:49+00:00,MSTRx,MSTR,False,1000,7.58200674,999.149,8.51,0.1046,0.0,Riptide,Riptide,131.7212,783648.0
2026-09-14T12:42:49+00:00,MSTRx,MSTR,False,10000,75.74932541,9980.2954,19.7,0.1978,0.0,Riptide + Raydium CLMM,Riptide + Raydium CLMM + GoonFi V2,131.7212,783648.0
2026-09-14T12:42:49+00:00,METAx,META,False,100,0.15089966,99.6231,37.69,0.3677,0.0092,Whirlpool,Raydium CLMM,658.581,237340.0
2026-09-14T12:42:49+00:00,METAx,META,False,1000,1.5056193,993.1843,68.16,0.5907,0.0914,Raydium CLMM,Raydium CLMM,658.581,237340.0
2026-09-14T12:42:49+00:00,METAx,META,False,10000,14.98440679,9838.0224,161.98,1.0647,0.5611,Whirlpool + Byreal + Raydium CLMM,Raydium CLMM + Byreal + Whirlpool,658.581,237340.0
2026-09-14T12:42:49+00:00,GOOGLx,GOOGL,False,100,0.29084361,99.7294,27.06,0.2991,0.3361,Byreal,Meteora DLMM + Quantum,341.9027,403357.0
2026-09-14T12:42:49+00:00,GOOGLx,GOOGL,False,1000,2.90728315,996.7784,32.22,0.0,0.3482,Byreal,Meteora DLMM + Kipseli + HumidiFi + Flux + GoonFi V2,341.9027,403357.0
2026-09-14T12:42:49+00:00,GOOGLx,GOOGL,False,10000,29.026237,9933.8013,66.2,0.1342,0.5285,Whirlpool + Raydium CLMM + Byreal,Byreal + Meteora DLMM + BisonFi + Raydium CLMM,341.9027,403357.0
2026-09-14T12:42:49+00:00,AMZNx,AMZN,False,100,0.39183524,99.5919,40.81,0.4728,0.0,Byreal,Byreal,253.9409,219251.0
2026-09-14T12:42:49+00:00,AMZNx,AMZN,False,1000,3.91776103,994.9228,50.77,0.4878,0.0544,Byreal,Byreal,253.9409,219251.0
2026-09-14T12:42:49+00:00,AMZNx,AMZN,False,10000,39.11586131,9916.5514,83.45,0.6769,0.1586,Byreal + Quantum + Meteora DLMM + Raydium CLMM,Meteora DLMM + HumidiFi + Byreal + Raydium CLMM,253.9409,219251.0
2026-09-14T12:58:35+00:00,AAPLx,AAPL,False,100,0.29946716,99.8015,19.85,0.1969,0.0016,Raydium CLMM,Whirlpool,332.112,843027.0
2026-09-14T12:58:35+00:00,AAPLx,AAPL,False,1000,2.9906215,996.4664,35.34,0.3319,0.0215,Raydium CLMM,Whirlpool,332.112,843027.0
2026-09-14T12:58:35+00:00,AAPLx,AAPL,False,10000,29.88778017,9947.6693,52.33,0.3933,0.1305,Raydium CLMM + Whirlpool,Raydium CLMM + Byreal + Whirlpool,332.112,843027.0
2026-09-14T12:58:35+00:00,TSLAx,TSLA,False,100,0.27847987,99.9494,5.06,0.1125,0.0,Whirlpool,Riptide,358.6118,1219556.0
2026-09-14T12:58:35+00:00,TSLAx,TSLA,False,1000,2.78342462,999.0319,9.68,0.1618,0.0,Riptide,Riptide,358.6118,1219556.0
2026-09-14T12:58:35+00:00,TSLAx,TSLA,False,10000,27.83352382,9989.8582,10.14,0.1644,0.0,Whirlpool + HumidiFi + Raydium CLMM + Riptide,Riptide,358.6118,1219556.0
2026-09-14T12:58:35+00:00,NVDAx,NVDA,False,100,0.46983773,99.9364,6.36,0.0,0.0862,Riptide,Byreal,212.8262,1726732.0
2026-09-14T12:58:35+00:00,NVDAx,NVDA,False,1000,4.69837734,999.1746,8.25,0.0,0.1057,Riptide,Byreal + Raydium CLMM + Riptide,212.8262,1726732.0
2026-09-14T12:58:35+00:00,NVDAx,NVDA,False,10000,46.98163586,9990.0291,9.97,0.0,0.1183,Riptide + Raydium CLMM + Whirlpool,Byreal + Riptide + Raydium CLMM,212.8262,1726732.0
2026-09-14T12:58:35+00:00,SPYx,SPY,False,100,0.13100833,99.9957,0.43,0.0,0.014,Whirlpool,Riptide,758.8842,3788607.0
2026-09-14T12:58:35+00:00,SPYx,SPY,False,1000,1.31002691,999.9137,0.86,0.0,0.014,Raydium CLMM,Riptide,758.8842,3788607.0
2026-09-14T12:58:35+00:00,SPYx,SPY,False,10000,13.0960098,9996.0231,3.98,0.0272,0.0126,Whirlpool + Raydium CLMM + Byreal,Riptide,758.8842,3788607.0
2026-09-14T12:58:35+00:00,MSTRx,MSTR,False,100,0.76480248,99.9702,2.98,0.0492,0.0,Riptide,Raydium CLMM + Quantum,130.6604,765218.0
2026-09-14T12:58:35+00:00,MSTRx,MSTR,False,1000,7.64943933,999.7906,2.09,0.0308,0.0,Riptide,Raydium CLMM + HumidiFi,130.6604,765218.0
2026-09-14T12:58:35+00:00,MSTRx,MSTR,False,10000,76.46783776,9987.7951,12.2,0.125,0.0,Riptide,Riptide + Raydium CLMM + Scorch + TesseraV,130.6604,765218.0
2026-09-14T12:58:35+00:00,METAx,META,False,100,0.15144913,99.6337,36.63,0.4609,0.0,Byreal,Whirlpool,656.6519,234025.0
2026-09-14T12:58:35+00:00,METAx,META,False,1000,1.51277573,993.1804,68.2,0.5737,0.1089,Raydium CLMM,Raydium CLMM,656.6519,234025.0
2026-09-14T12:58:35+00:00,METAx,META,False,10000,15.0554467,9843.6296,156.37,1.0489,0.5202,Byreal + Raydium CLMM + Whirlpool,Raydium CLMM + Whirlpool + Byreal,656.6519,234025.0
2026-09-14T12:58:35+00:00,GOOGLx,GOOGL,False,100,0.2908633,99.8494,15.06,0.2175,0.0,Whirlpool,Meteora DLMM + Scorch + GoonFi V2,342.1632,411776.0
2026-09-14T12:58:35+00:00,GOOGLx,GOOGL,False,1000,2.90684498,996.7302,32.7,0.5195,0.3,Raydium CLMM,Meteora DLMM + HumidiFi,342.1632,411776.0
2026-09-14T12:58:35+00:00,GOOGLx,GOOGL,False,10000,29.03262169,9931.3144,68.69,0.1498,0.5379,Whirlpool + Byreal + Raydium CLMM,Byreal + Meteora DLMM + BisonFi + GoonFi V2,342.1632,411776.0
2026-09-14T12:58:35+00:00,AMZNx,AMZN,False,100,0.39391519,99.8388,16.12,0.1543,0.007,Quantum + Raydium CLMM,Byreal,253.4112,211742.0
2026-09-14T12:58:35+00:00,AMZNx,AMZN,False,1000,3.92782788,995.1215,48.79,0.4413,0.0468,Byreal,Byreal,253.4112,211742.0
2026-09-14T12:58:35+00:00,AMZNx,AMZN,False,10000,39.21301672,9916.9528,83.05,0.6067,0.2251,Byreal + Raydium CLMM + HumidiFi + Meteora DLMM,Meteora DLMM + HumidiFi + Raydium CLMM + Byreal,253.4112,211742.0
2026-09-14T13:14:23+00:00,AAPLx,AAPL,False,100,0.29875264,99.7923,20.77,0.5001,0.0,Raydium CLMM,Raydium CLMM,332.9217,855340.0
2026-09-14T13:14:23+00:00,AAPLx,AAPL,False,1000,2.98729839,996.5001,35.0,0.5077,0.0,Raydium CLMM,Raydium CLMM,332.9217,855340.0
2026-09-14T13:14:23+00:00,AAPLx,AAPL,False,10000,29.85918597,9949.3154,50.68,0.5537,0.0,Byreal + Raydium CLMM + Whirlpool,Byreal + Raydium CLMM + Whirlpool,332.9217,855340.0
2026-09-14T13:14:23+00:00,TSLAx,TSLA,False,100,0.27881809,99.9,10.0,0.0665,0.0335,Riptide,Riptide,358.3462,1212856.0
2026-09-14T13:14:23+00:00,TSLAx,TSLA,False,1000,2.78817553,999.0005,10.0,0.0667,0.0333,Riptide,Riptide,358.3462,1212856.0
2026-09-14T13:14:23+00:00,TSLAx,TSLA,False,10000,27.88175531,9989.8551,10.14,0.0667,0.0348,Riptide,Riptide + Whirlpool,358.3462,1212856.0
2026-09-14T13:14:23+00:00,NVDAx,NVDA,False,100,0.47015531,99.9428,5.72,0.0032,0.054,Raydium CLMM,Riptide,211.8569,1726689.0
2026-09-14T13:14:23+00:00,NVDAx,NVDA,False,1000,4.7008676,999.2893,7.11,0.0178,0.0533,Raydium CLMM,Riptide,211.8569,1726689.0
2026-09-14T13:14:23+00:00,NVDAx,NVDA,False,10000,46.99656393,9990.3187,9.68,0.0436,0.0,Riptide + Raydium CLMM,Riptide,211.8569,1726689.0
2026-09-14T13:14:23+00:00,SPYx,SPY,False,100,0.13103311,99.9987,0.13,0.0,0.1232,Byreal,Raydium CLMM,758.6604,3679362.0
2026-09-14T13:14:23+00:00,SPYx,SPY,False,1000,1.31010485,999.7702,2.3,0.0,0.0241,Byreal,Raydium CLMM,758.6604,3679362.0
2026-09-14T13:14:23+00:00,SPYx,SPY,False,10000,13.09789439,9995.16,4.84,0.0,0.129,Raydium CLMM + Byreal + Riptide,Raydium CLMM + Riptide,758.6604,3679362.0
2026-09-14T13:14:23+00:00,MSTRx,MSTR,False,100,0.76666582,99.9,10.0,0.1734,0.0,Riptide,Riptide,130.1826,754162.0
2026-09-14T13:14:23+00:00,MSTRx,MSTR,False,1000,7.66800499,999.0005,10.0,0.1558,0.0,Riptide,Riptide,130.1826,754162.0
2026-09-14T13:14:23+00:00,MSTRx,MSTR,False,10000,76.65388948,9984.5002,15.5,0.1899,0.0,Raydium CLMM + Riptide,Raydium CLMM + BisonFi + Riptide,130.1826,754162.0
2026-09-14T13:14:23+00:00,METAx,META,False,100,0.15230129,99.6161,38.39,0.3764,0.0075,Whirlpool,Raydium CLMM,652.4905,228875.0
2026-09-14T13:14:23+00:00,METAx,META,False,1000,1.51969098,993.1592,68.41,0.5937,0.0909,Raydium CLMM,Raydium CLMM,652.4905,228875.0
2026-09-14T13:14:23+00:00,METAx,META,False,10000,15.1334415,9853.1983,146.8,1.0089,0.4638,Byreal + Whirlpool + Raydium CLMM,Byreal + Raydium CLMM + Whirlpool,652.4905,228875.0
2026-09-14T13:14:23+00:00,GOOGLx,GOOGL,False,100,0.29055366,99.7146,28.54,0.2612,0.0243,Raydium CLMM,Meteora DLMM + HumidiFi,342.3885,415932.0
2026-09-14T13:14:23+00:00,GOOGLx,GOOGL,False,1000,2.90482439,996.8415,31.58,0.2857,0.0303,Raydium CLMM,Meteora DLMM + TesseraV,342.3885,415932.0
2026-09-14T13:14:23+00:00,GOOGLx,GOOGL,False,10000,29.01383939,9932.6985,67.3,0.4038,0.2704,Byreal + Raydium CLMM + BisonFi + Meteora DLMM,Raydium CLMM + Byreal + Meteora DLMM + HumidiFi,342.3885,415932.0
2026-09-14T13:14:23+00:00,AMZNx,AMZN,False,100,0.39354913,99.5942,40.58,0.3572,0.0487,Byreal,Raydium CLMM,253.1393,208880.0
2026-09-14T13:14:23+00:00,AMZNx,AMZN,False,1000,3.93401487,995.2,48.0,0.3946,0.0858,Byreal,Raydium CLMM,253.1393,208880.0
2026-09-14T13:14:23+00:00,AMZNx,AMZN,False,10000,39.26338428,9917.403,82.6,0.594,0.2333,HumidiFi + Meteora DLMM + Raydium CLMM + Byreal,Byreal + Meteora DLMM + HumidiFi + Raydium CLMM,253.1393,208880.0
2026-09-14T13:30:12+00:00,AAPLx,AAPL,True,100,0.29822473,99.9256,7.44,0.3962,0.0,Byreal,Raydium CLMM,333.4249,886428.0
2026-09-14T13:30:12+00:00,AAPLx,AAPL,True,1000,2.98147624,997.3194,26.81,0.4219,0.0,Byreal,Whirlpool,333.4249,886428.0
2026-09-14T13:30:12+00:00,AAPLx,AAPL,True,10000,29.77705538,9948.932,51.07,0.2919,0.2194,Raydium CLMM + Byreal,Raydium CLMM + Whirlpool,333.4249,886428.0
2026-09-14T13:30:12+00:00,TSLAx,TSLA,True,100,0.27760194,99.8678,13.22,0.0521,0.0653,Riptide,Riptide,359.9719,1226999.0
2026-09-14T13:30:12+00:00,TSLAx,TSLA,True,1000,2.77751195,998.9729,10.27,0.052,0.0508,Riptide,Raydium CLMM,359.9719,1226999.0
2026-09-14T13:30:12+00:00,TSLAx,TSLA,True,10000,27.78227802,9990.9166,9.08,0.0262,0.0646,Riptide,Riptide + Raydium CLMM,359.9719,1226999.0
2026-09-14T13:30:12+00:00,NVDAx,NVDA,True,100,0.47382527,99.9995,0.05,0.0,0.0067,Riptide,Raydium CLMM,210.8943,1715790.0
2026-09-14T13:30:12+00:00,NVDAx,NVDA,True,1000,4.73716536,999.8462,1.54,0.0168,0.0,Riptide,Riptide,210.8943,1715790.0
2026-09-14T13:30:12+00:00,NVDAx,NVDA,True,10000,47.32656568,9991.2688,8.73,0.112,0.0,Riptide,Raydium CLMM + BisonFi + Riptide,210.8943,1715790.0
2026-09-14T13:30:12+00:00,SPYx,SPY,True,100,0.13099389,99.9886,1.14,0.1221,0.0,Byreal,Raydium CLMM,757.9857,3649718.0
2026-09-14T13:30:12+00:00,SPYx,SPY,True,1000,1.30975991,999.6443,3.56,0.1357,0.0,Riptide,Raydium CLMM,757.9857,3649718.0
2026-09-14T13:30:12+00:00,SPYx,SPY,True,10000,13.09767402,9994.4304,5.57,0.0,0.1219,Byreal + Riptide + AlphaQ,Riptide + Raydium CLMM + Byreal,757.9857,3649718.0
2026-09-14T13:30:12+00:00,MSTRx,MSTR,True,100,0.7575507,99.9405,5.95,0.085,0.0,Riptide,Riptide,131.5662,764788.0
2026-09-14T13:30:12+00:00,MSTRx,MSTR,True,1000,7.57320124,998.8643,11.36,0.1154,0.0,Riptide,Riptide,131.5662,764788.0
2026-09-14T13:30:12+00:00,MSTRx,MSTR,True,10000,75.74946538,9989.9384,10.06,0.0909,0.0097,Riptide,Riptide,131.5662,764788.0
2026-09-14T13:30:12+00:00,METAx,META,True,100,0.15150748,99.5884,41.16,0.0367,0.375,Whirlpool,Byreal,658.1529,233665.0
2026-09-14T13:30:12+00:00,METAx,META,True,1000,1.51300981,993.1798,68.2,0.173,0.5099,Raydium CLMM,Raydium CLMM,658.1529,233665.0
2026-09-14T13:30:12+00:00,METAx,META,True,10000,15.06038795,9844.1314,155.87,0.6329,0.9317,Whirlpool + Raydium CLMM + Byreal,Raydium CLMM + Byreal + Whirlpool,658.1529,233665.0
2026-09-14T13:30:12+00:00,GOOGLx,GOOGL,True,100,0.29046426,99.7894,21.06,0.3818,0.0,Byreal,Meteora DLMM + Flux + Manifest,342.2549,421780.0
2026-09-14T13:30:12+00:00,GOOGLx,GOOGL,True,1000,2.90349182,997.4521,25.48,0.4212,0.0,Byreal,Meteora DLMM + HumidiFi,342.2549,421780.0
2026-09-14T13:30:12+00:00,GOOGLx,GOOGL,True,10000,28.99035803,9937.6515,62.35,0.5741,0.0497,Byreal + Whirlpool + Raydium CLMM,Byreal + Raydium CLMM + Meteora DLMM + HumidiFi,342.2549,421780.0
2026-09-14T13:30:12+00:00,AMZNx,AMZN,True,100,0.39652805,99.62,38.0,0.6536,0.0,Whirlpool + Meteora DLMM,Raydium CLMM + Flux + GoonFi V2,250.493,187806.0
2026-09-14T13:30:12+00:00,AMZNx,AMZN,True,1000,3.96368463,995.0247,49.75,0.6936,0.0,Byreal,Raydium CLMM,250.493,187806.0
2026-09-14T13:30:12+00:00,AMZNx,AMZN,True,10000,39.55976245,9908.6552,91.34,0.8867,0.027,Byreal + Raydium CLMM + HumidiFi + Meteora DLMM,Meteora DLMM + Quantum + Byreal + Raydium CLMM,250.493,187806.0
2026-09-14T13:45:57+00:00,AAPLx,AAPL,True,100,0.29912516,99.775,22.5,0.1742,0.0509,Raydium CLMM,Whirlpool,332.5806,842762.0
2026-09-14T13:45:57+00:00,AAPLx,AAPL,True,1000,2.98899042,996.78,32.2,0.2497,0.0725,Byreal,Whirlpool,332.5806,842762.0
2026-09-14T13:45:57+00:00,AAPLx,AAPL,True,10000,29.86679049,9947.0526,52.95,0.3268,0.2033,Raydium CLMM + Byreal,Raydium CLMM + Whirlpool,332.5806,842762.0
2026-09-14T13:45:57+00:00,TSLAx,TSLA,True,100,0.27720793,99.9325,6.75,0.0,0.1225,Riptide,Raydium CLMM + Quantum,360.8758,1237426.0
2026-09-14T13:45:57+00:00,TSLAx,TSLA,True,1000,2.77224763,999.0575,9.42,0.0,0.1553,Riptide,Raydium CLMM + Quantum + Riptide + Whirlpool,360.8758,1237426.0
2026-09-14T13:45:57+00:00,TSLAx,TSLA,True,10000,27.71789823,9989.6931,10.31,0.0,0.1476,Riptide,Raydium CLMM + HumidiFi + Riptide + Byreal,360.8758,1237426.0
2026-09-14T13:45:57+00:00,NVDAx,NVDA,True,100,0.47431789,99.9316,6.84,0.1003,0.0,Whirlpool,Riptide,210.2036,1641641.0
2026-09-14T13:45:57+00:00,NVDAx,NVDA,True,1000,4.74084294,999.1428,8.57,0.0923,0.0067,Riptide,Riptide,210.2036,1641641.0
2026-09-14T13:45:57+00:00,NVDAx,NVDA,True,10000,47.40793192,9989.2003,10.8,0.08,0.028,Riptide + Whirlpool,Riptide,210.2036,1641641.0
2026-09-14T13:45:57+00:00,SPYx,SPY,True,100,0.13085,100.0022,-0.22,0.0,0.01,GoonFi V2 + Scorch,Scorch + Quay,759.8042,3903902.0
2026-09-14T13:45:57+00:00,SPYx,SPY,True,1000,1.30825261,999.8032,1.97,0.0067,0.013,Raydium CLMM,Riptide,759.8042,3903902.0
2026-09-14T13:45:57+00:00,SPYx,SPY,True,10000,13.07844633,9994.9181,5.08,0.0379,0.0129,Byreal + Raydium CLMM + Riptide,Riptide + Scorch + Flux + Quay,759.8042,3903902.0
2026-09-14T13:45:57+00:00,MSTRx,MSTR,True,100,0.75303838,99.9152,8.48,0.1695,0.0,Riptide,Riptide,132.543,797445.0
2026-09-14T13:45:57+00:00,MSTRx,MSTR,True,1000,7.52924419,999.0005,10.0,0.1846,0.0,Riptide,Riptide,132.543,797445.0
2026-09-14T13:45:57+00:00,MSTRx,MSTR,True,10000,75.35016159,9987.0436,12.96,0.1081,0.0215,ZeroFi + Raydium CLMM + Riptide,Byreal + Raydium CLMM + Riptide,132.543,797445.0
2026-09-14T13:45:57+00:00,METAx,META,True,100,0.15070001,99.671,32.9,0.2585,0.0,Byreal,Whirlpool,660.3575,239182.0
2026-09-14T13:45:57+00:00,METAx,META,True,1000,1.50531608,993.1842,68.16,0.5587,0.1236,Raydium CLMM,Raydium CLMM,660.3575,239182.0
2026-09-14T13:45:57+00:00,METAx,META,True,10000,14.97637179,9837.4982,162.5,1.0659,0.5651,Byreal + Whirlpool + Raydium CLMM,Byreal + Raydium CLMM + Whirlpool,660.3575,239182.0
2026-09-14T13:45:57+00:00,GOOGLx,GOOGL,True,100,0.28929894,99.7146,28.54,0.0246,0.2609,Whirlpool,Meteora DLMM + Whirlpool + GoonFi V2,344.6879,437930.0
2026-09-14T13:45:57+00:00,GOOGLx,GOOGL,True,1000,2.89143541,995.5014,44.99,0.0783,0.3719,Raydium CLMM,Meteora DLMM + HumidiFi,344.6879,437930.0
2026-09-14T13:45:57+00:00,GOOGLx,GOOGL,True,10000,28.88064244,9930.4277,69.57,0.1948,0.5019,BisonFi + Meteora DLMM + Raydium CLMM + Byreal,Byreal + Meteora DLMM + HumidiFi + Raydium CLMM,344.6879,437930.0
2026-09-14T13:45:57+00:00,AMZNx,AMZN,True,100,0.39228824,99.6049,39.51,0.3912,0.004,Raydium CLMM,Raydium CLMM + BisonFi + Manifest,253.8653,229076.0
2026-09-14T13:45:57+00:00,AMZNx,AMZN,True,1000,3.92149851,995.2939,47.06,0.4263,0.0445,Raydium CLMM,Byreal,253.8653,229076.0
2026-09-14T13:45:57+00:00,AMZNx,AMZN,True,10000,39.15424954,9917.7377,82.26,0.5805,0.2435,HumidiFi + Meteora DLMM + Raydium CLMM + Byreal,Meteora DLMM + HumidiFi + Byreal + Raydium CLMM,253.8653,229076.0
2026-09-14T14:01:43+00:00,AAPLx,AAPL,True,100,0.29818491,99.7876,21.24,0.0011,0.2113,Raydium CLMM,Raydium CLMM,334.2078,863386.0
2026-09-14T14:01:43+00:00,AAPLx,AAPL,True,1000,2.98161529,997.0718,29.28,0.0089,0.284,Raydium CLMM,Whirlpool,334.2078,863386.0
2026-09-14T14:01:43+00:00,AAPLx,AAPL,True,10000,29.79639264,9954.8213,45.18,0.0752,0.3769,Raydium CLMM + Whirlpool,Byreal + Whirlpool + Raydium CLMM,334.2078,863386.0
2026-09-14T14:01:43+00:00,TSLAx,TSLA,True,100,0.2775593,99.9624,3.76,0.0,0.0,Riptide,Raydium CLMM + Quantum,360.7296,1235790.0
2026-09-14T14:01:43+00:00,TSLAx,TSLA,True,1000,2.77479381,998.9415,10.59,0.096,0.0099,Riptide,Riptide,360.7296,1235790.0
2026-09-14T14:01:43+00:00,TSLAx,TSLA,True,10000,27.7531501,9990.0301,9.97,0.0772,0.0225,Riptide,Riptide + Raydium CLMM + Quantum,360.7296,1235790.0
2026-09-14T14:01:43+00:00,NVDAx,NVDA,True,100,0.47285539,99.924,7.6,0.0057,0.0704,Raydium CLMM,Whirlpool + Quantum + Deriverse,211.0732,1672563.0
2026-09-14T14:01:43+00:00,NVDAx,NVDA,True,1000,4.72888504,999.0005,10.0,0.0,0.1013,Riptide,Riptide,211.0732,1672563.0
2026-09-14T14:01:43+00:00,NVDAx,NVDA,True,10000,47.28885043,9989.2227,10.78,0.0,0.1091,Riptide,Riptide + Whirlpool + HumidiFi,211.0732,1672563.0
2026-09-14T14:01:43+00:00,SPYx,SPY,True,100,0.13069463,100.0016,-0.16,0.0,0.0023,Whirlpool,Scorch + Flux + HumidiFi,760.4474,4127820.0
2026-09-14T14:01:43+00:00,SPYx,SPY,True,1000,1.30677371,999.7081,2.92,0.0,0.0701,Raydium CLMM,Byreal + Scorch + GoonFi V2 + Riptide,760.4474,4127820.0
2026-09-14T14:01:43+00:00,SPYx,SPY,True,10000,13.06494642,9994.2701,5.73,0.0,0.0772,Raydium CLMM + Byreal + Riptide,Riptide + Scorch + Flux + Byreal,760.4474,4127820.0
2026-09-14T14:01:43+00:00,MSTRx,MSTR,True,100,0.74190565,99.9224,7.76,0.0907,0.0,Scorch + Raydium CLMM,Riptide,134.6423,831907.0
2026-09-14T14:01:43+00:00,MSTRx,MSTR,True,1000,7.41836833,999.0005,10.0,0.0999,0.0,Riptide,Riptide,134.6423,831907.0
2026-09-14T14:01:43+00:00,MSTRx,MSTR,True,10000,74.22583136,9987.7427,12.26,0.0432,0.0812,Quay + Flux + Raydium CLMM + Riptide,Riptide,134.6423,831907.0
2026-09-14T14:01:43+00:00,METAx,META,True,100,0.1505484,99.6025,39.75,0.041,0.3567,Whirlpool,Whirlpool,662.3157,252710.0
2026-09-14T14:01:43+00:00,METAx,META,True,1000,1.50394255,993.3519,66.48,0.1434,0.5222,Raydium CLMM,Raydium CLMM,662.3157,252710.0
2026-09-14T14:01:43+00:00,METAx,META,True,10000,14.97088567,9847.6502,152.35,0.5985,0.9306,Byreal + Raydium CLMM + Whirlpool,Whirlpool + Byreal + Raydium CLMM,662.3157,252710.0
2026-09-14T14:01:43+00:00,GOOGLx,GOOGL,True,100,0.28774348,99.712,28.8,0.3566,0.0,Whirlpool,Meteora DLMM + Quantum,345.4047,450913.0
2026-09-14T14:01:43+00:00,GOOGLx,GOOGL,True,1000,2.87623862,995.2873,47.13,0.398,0.0735,Byreal,Byreal,345.4047,450913.0
2026-09-14T14:01:43+00:00,GOOGLx,GOOGL,True,10000,28.72479708,9925.9674,74.03,0.156,0.5853,Whirlpool + Byreal + Raydium CLMM,Raydium CLMM + Meteora DLMM + HumidiFi + Byreal,345.4047,450913.0
2026-09-14T14:01:43+00:00,AMZNx,AMZN,True,100,0.39433916,99.7585,24.15,0.0064,0.2351,Byreal,Meteora DLMM + BisonFi,253.5046,217995.0
2026-09-14T14:01:43+00:00,AMZNx,AMZN,True,1000,3.94208295,995.4659,45.34,0.0396,0.414,Byreal,Meteora DLMM + ZeroFi,253.5046,217995.0
2026-09-14T14:01:43+00:00,AMZNx,AMZN,True,10000,39.35433677,9922.4763,77.52,0.2082,0.5683,BisonFi + Meteora DLMM + Raydium CLMM + Byreal,Meteora DLMM + HumidiFi + Byreal + Raydium CLMM,253.5046,217995.0
2026-09-14T14:17:29+00:00,AAPLx,AAPL,True,100,0.29828845,99.7701,22.99,0.0003,0.0,Raydium CLMM,Raydium CLMM,334.0891,862885.0
2026-09-14T14:17:29+00:00,AAPLx,AAPL,True,1000,2.98306434,997.3824,26.18,0.4071,0.0,Byreal,Whirlpool,334.0891,862885.0
2026-09-14T14:17:29+00:00,AAPLx,AAPL,True,10000,29.79798385,9949.5467,50.45,0.5161,0.3769,Whirlpool + Raydium CLMM + Byreal,Whirlpool + Raydium CLMM,334.0891,862885.0
2026-09-14T14:17:29+00:00,TSLAx,TSLA,True,100,0.27819702,99.9863,1.37,0.045,0.0147,Riptide,Raydium CLMM + Quantum,359.3491,1228452.0
2026-09-14T14:17:29+00:00,TSLAx,TSLA,True,1000,2.78225457,999.4895,5.11,0.0,0.0622,Riptide,Raydium CLMM,359.3491,1228452.0
2026-09-14T14:17:29+00:00,TSLAx,TSLA,True,10000,27.82249011,9988.1985,11.8,0.0,0.0587,Riptide,Riptide + Raydium CLMM + Byreal,359.3491,1228452.0
2026-09-14T14:17:29+00:00,NVDAx,NVDA,True,100,0.47295665,99.9686,3.14,0.0213,0.0,Riptide,Byreal,211.0488,1677103.0
2026-09-14T14:17:29+00:00,NVDAx,NVDA,True,1000,4.72984625,999.5843,4.16,0.0851,0.0,Riptide,Raydium CLMM,211.0488,1677103.0
2026-09-14T14:17:29+00:00,NVDAx,NVDA,True,10000,47.30446579,9990.2203,9.78,0.0724,0.1626,Riptide,Raydium CLMM + Riptide + Byreal,211.0488,1677103.0
2026-09-14T14:17:29+00:00,SPYx,SPY,True,100,0.13071237,99.988,1.2,0.0,0.1019,Raydium CLMM,PancakeSwap,760.4954,4415644.0
2026-09-14T14:17:29+00:00,SPYx,SPY,True,1000,1.30700384,999.7153,2.85,0.0,0.1093,Byreal,Raydium CLMM + PancakeSwap + Byreal + AlphaQ,760.4954,4415644.0
2026-09-14T14:17:29+00:00,SPYx,SPY,True,10000,13.0692501,9994.564,5.44,0.0,0.129,Byreal + Riptide + Raydium CLMM,Raydium CLMM + Byreal + Riptide,760.4954,4415644.0
2026-09-14T14:17:29+00:00,MSTRx,MSTR,True,100,0.73436371,99.8473,15.27,0.0,0.3247,Riptide,Riptide,136.3814,863216.0
2026-09-14T14:17:29+00:00,MSTRx,MSTR,True,1000,7.34853185,998.6982,13.02,0.0,0.3686,Riptide,Riptide,136.3814,863216.0
2026-09-14T14:17:29+00:00,MSTRx,MSTR,True,10000,73.53673463,9981.4042,18.6,0.0,0.0374,Riptide,Byreal + Riptide + Raydium CLMM,136.3814,863216.0
2026-09-14T14:17:29+00:00,METAx,META,True,100,0.15144362,99.6127,38.73,0.353,0.0344,Whirlpool,Whirlpool,656.3317,242527.0
2026-09-14T14:17:29+00:00,METAx,META,True,1000,1.51198211,993.3493,66.51,0.5145,0.1513,Raydium CLMM,Raydium CLMM,656.3317,242527.0
2026-09-14T14:17:29+00:00,METAx,META,True,10000,15.05751746,9850.0693,149.93,0.9307,0.574,Raydium CLMM + Whirlpool + Byreal,Whirlpool + Raydium CLMM + Byreal,656.3317,242527.0
2026-09-14T14:17:29+00:00,GOOGLx,GOOGL,True,100,0.28922103,99.7688,23.12,0.1975,0.0338,GoonFi V2 + PancakeSwap + Meteora DLMM,Whirlpool,344.1817,437856.0
2026-09-14T14:17:29+00:00,GOOGLx,GOOGL,True,1000,2.88785639,995.7357,42.64,0.3477,0.079,Kipseli + Meteora DLMM,Byreal,344.1817,437856.0
2026-09-14T14:17:29+00:00,GOOGLx,GOOGL,True,10000,28.8356199,9929.1562,70.84,0.4959,0.2136,HumidiFi + Meteora DLMM + Raydium CLMM + Byreal,Byreal + Meteora DLMM + HumidiFi + Raydium CLMM,344.1817,437856.0
2026-09-14T14:17:29+00:00,AMZNx,AMZN,True,100,0.39468087,99.594,40.6,0.0,0.476,Byreal,Byreal,253.4934,215231.0
2026-09-14T14:17:29+00:00,AMZNx,AMZN,True,1000,3.94564437,995.0578,49.42,0.0,0.0471,Byreal,Byreal,253.4934,215231.0
2026-09-14T14:17:29+00:00,AMZNx,AMZN,True,10000,39.40091873,9923.0952,76.9,0.5874,0.1827,Raydium CLMM + Quantum + Meteora DLMM + Byreal,Meteora DLMM + HumidiFi + Raydium CLMM + Byreal,253.4934,215231.0
2026-09-14T14:33:35+00:00,AAPLx,AAPL,True,100,0.29872947,99.8072,19.28,0.0,0.3624,Whirlpool,Raydium CLMM,334.1647,852725.0
2026-09-14T14:33:35+00:00,AAPLx,AAPL,True,1000,2.98664803,996.8701,31.3,0.0,0.4608,Whirlpool,Whirlpool + Raydium CLMM,334.1647,852725.0
2026-09-14T14:33:35+00:00,AAPLx,AAPL,True,10000,29.83494455,9949.207,50.79,0.0,0.5504,Whirlpool + Byreal + Raydium CLMM,Raydium CLMM + Whirlpool,334.1647,852725.0
2026-09-14T14:33:35+00:00,TSLAx,TSLA,True,100,0.27870542,99.9156,8.44,0.0585,0.0259,Raydium CLMM,Riptide,358.5239,1221219.0
2026-09-14T14:33:35+00:00,TSLAx,TSLA,True,1000,2.78667545,999.1586,8.41,0.0721,0.0121,Raydium CLMM,Riptide,358.5239,1221219.0
2026-09-14T14:33:35+00:00,TSLAx,TSLA,True,10000,27.85990784,9992.0024,8.0,0.0966,0.0,Byreal + Raydium CLMM + Riptide,Riptide,358.5239,1221219.0
2026-09-14T14:33:35+00:00,NVDAx,NVDA,True,100,0.47309706,99.9198,8.02,0.0803,0.0,Raydium CLMM,Riptide,210.8048,1672528.0
2026-09-14T14:33:35+00:00,NVDAx,NVDA,True,1000,4.73026177,999.0479,9.52,0.0953,0.0,Raydium CLMM,Riptide,210.8048,1672528.0
2026-09-14T14:33:35+00:00,NVDAx,NVDA,True,10000,47.29896733,9989.7974,10.2,0.0996,0.0024,Riptide + Raydium CLMM + Byreal,Whirlpool + Riptide,210.8048,1672528.0
2026-09-14T14:33:35+00:00,SPYx,SPY,True,100,0.13095563,99.9988,0.12,0.0028,0.0,Byreal,Riptide,759.0877,4022789.0
2026-09-14T14:33:35+00:00,SPYx,SPY,True,1000,1.30951353,999.9565,0.44,0.0061,0.0,Raydium CLMM,Riptide,759.0877,4022789.0
2026-09-14T14:33:35+00:00,SPYx,SPY,True,10000,13.09270621,9997.7097,2.29,0.0246,0.0,AlphaQ + Byreal + Raydium CLMM,Riptide,759.0877,4022789.0
2026-09-14T14:33:35+00:00,MSTRx,MSTR,True,100,0.73651975,99.9126,8.74,0.1543,0.0,Riptide,Riptide,135.5339,857969.0
2026-09-14T14:33:35+00:00,MSTRx,MSTR,True,1000,7.36571815,999.0005,10.0,0.1472,0.0,Riptide,Riptide,135.5339,857969.0
2026-09-14T14:33:35+00:00,MSTRx,MSTR,True,10000,73.68678911,9986.4096,13.59,0.1071,0.0288,Riptide,Riptide,135.5339,857969.0
2026-09-14T14:33:35+00:00,METAx,META,True,100,0.1523335,99.6071,39.29,0.0,0.5027,Whirlpool,Whirlpool,655.5256,235534.0
2026-09-14T14:33:35+00:00,METAx,META,True,1000,1.52041041,993.33,66.7,0.0818,0.5856,Raydium CLMM,Raydium CLMM,655.5256,235534.0
2026-09-14T14:33:35+00:00,METAx,META,True,10000,15.14413131,9852.1776,147.82,0.476,1.0071,Raydium CLMM + Whirlpool + Byreal,Byreal + Whirlpool + Raydium CLMM,655.5256,235534.0
2026-09-14T14:33:35+00:00,GOOGLx,GOOGL,True,100,0.28975167,99.7434,25.66,0.4981,0.0,Whirlpool,Meteora DLMM + Flux,342.5132,429199.0
2026-09-14T14:33:35+00:00,GOOGLx,GOOGL,True,1000,2.8967199,996.7542,32.46,0.5255,0.0,Raydium CLMM,Meteora DLMM + HumidiFi,342.5132,429199.0
2026-09-14T14:33:35+00:00,GOOGLx,GOOGL,True,10000,28.9300841,9936.7219,63.28,0.6529,0.0,Raydium CLMM + Whirlpool + Byreal,Raydium CLMM + Byreal + Meteora DLMM + HumidiFi,342.5132,429199.0
2026-09-14T14:33:35+00:00,AMZNx,AMZN,True,100,0.39572279,99.5945,40.55,0.0033,0.4022,Byreal,Byreal,252.6374,226607.0
2026-09-14T14:33:35+00:00,AMZNx,AMZN,True,1000,3.95617445,995.4155,45.85,0.0299,0.4287,Byreal,Byreal,252.6374,226607.0
2026-09-14T14:33:35+00:00,AMZNx,AMZN,True,10000,39.49788487,9924.5979,75.4,0.1913,0.5638,Byreal + BisonFi + Meteora DLMM + Raydium CLMM,Byreal + Meteora DLMM + HumidiFi + Raydium CLMM,252.6374,226607.0
2026-09-14T14:49:48+00:00,AAPLx,AAPL,True,100,0.29891641,99.773,22.7,0.2126,0.0144,Byreal,Raydium CLMM,332.6877,852934.0
2026-09-14T14:49:48+00:00,AAPLx,AAPL,True,1000,2.98840928,997.0267,29.73,0.2378,0.0597,Byreal,Raydium CLMM,332.6877,852934.0
2026-09-14T14:49:48+00:00,AAPLx,AAPL,True,10000,29.84719972,9953.0184,46.98,0.3609,0.1093,Raydium CLMM + Whirlpool + Byreal,Raydium CLMM + Whirlpool,332.6877,852934.0
2026-09-14T14:49:48+00:00,TSLAx,TSLA,True,100,0.27824613,99.9287,7.13,0.0043,0.0669,Raydium CLMM,Riptide,359.3191,1225728.0
2026-09-14T14:49:48+00:00,TSLAx,TSLA,True,1000,2.78208923,999.205,7.95,0.0177,0.0618,Raydium CLMM,Riptide,359.3191,1225728.0
2026-09-14T14:49:48+00:00,TSLAx,TSLA,True,10000,27.82484952,9990.0223,9.98,0.0035,0.0549,Riptide,Whirlpool + Riptide,359.3191,1225728.0
2026-09-14T14:49:48+00:00,NVDAx,NVDA,True,100,0.47326976,99.9,10.0,0.0687,0.0313,Riptide,Riptide,210.7559,1678742.0
2026-09-14T14:49:48+00:00,NVDAx,NVDA,True,1000,4.73269769,998.9882,10.12,0.0687,0.0325,Riptide,Riptide,210.7559,1678742.0
2026-09-14T14:49:48+00:00,NVDAx,NVDA,True,10000,47.32756027,9988.4178,11.58,0.0674,0.0484,Riptide,Raydium CLMM + Riptide + Whirlpool,210.7559,1678742.0
2026-09-14T14:49:48+00:00,SPYx,SPY,True,100,0.13100616,99.9854,1.46,0.0308,0.1879,Byreal,Raydium CLMM,758.6484,4274980.0
2026-09-14T14:49:48+00:00,SPYx,SPY,True,1000,1.30997189,999.7614,2.39,0.0341,0.1898,Byreal,Byreal + Raydium CLMM + AlphaQ,758.6484,4274980.0
2026-09-14T14:49:48+00:00,SPYx,SPY,True,10000,13.09745142,9995.0494,4.95,0.0,0.198,Riptide + Raydium CLMM + Byreal,Byreal + Raydium CLMM + Riptide,758.6484,4274980.0
2026-09-14T14:49:48+00:00,MSTRx,MSTR,True,100,0.73724187,99.8681,13.19,0.0958,0.0362,Riptide,Riptide,135.4874,850026.0
2026-09-14T14:49:48+00:00,MSTRx,MSTR,True,1000,7.37468802,999.0093,9.91,0.065,0.034,Riptide,Riptide,135.4874,850026.0
2026-09-14T14:49:48+00:00,MSTRx,MSTR,True,10000,73.75738666,9981.9099,18.09,0.0508,0.1302,Riptide + Flux + Raydium CLMM,Riptide,135.4874,850026.0
2026-09-14T14:49:48+00:00,METAx,META,True,100,0.15236052,99.634,36.6,0.3664,0.0,Whirlpool,Raydium CLMM,652.3214,236002.0
2026-09-14T14:49:48+00:00,METAx,META,True,1000,1.52034992,993.4583,65.42,0.5792,0.0754,Byreal,Raydium CLMM,652.3214,236002.0
2026-09-14T14:49:48+00:00,METAx,META,True,10000,15.14306964,9851.8678,148.13,0.9744,0.5119,Raydium CLMM + Whirlpool + Byreal,Raydium CLMM + Whirlpool + Byreal,652.3214,236002.0
2026-09-14T14:49:48+00:00,GOOGLx,GOOGL,True,100,0.28940152,99.7352,26.48,0.3309,0.0,Byreal,Meteora DLMM + HumidiFi,343.5212,433452.0
2026-09-14T14:49:48+00:00,GOOGLx,GOOGL,True,1000,2.89291544,995.4318,45.68,0.3688,0.0884,Byreal,Meteora DLMM + HumidiFi,343.5212,433452.0
2026-09-14T14:49:48+00:00,GOOGLx,GOOGL,True,10000,28.89845318,9928.3958,71.6,0.4745,0.2427,Raydium CLMM + Quantum + Meteora DLMM + Byreal,Meteora DLMM + Whirlpool + Byreal,343.5212,433452.0
2026-09-14T14:49:48+00:00,AMZNx,AMZN,True,100,0.39593036,99.6588,34.12,0.424,0.0,Byreal,Meteora DLMM + Flux,251.4553,223503.0
2026-09-14T14:49:48+00:00,AMZNx,AMZN,True,1000,3.95811881,995.3425,46.58,0.4538,0.012,Byreal,Byreal,251.4553,223503.0
2026-09-14T14:49:48+00:00,AMZNx,AMZN,True,10000,39.51096659,9921.9925,78.01,0.6304,0.1506,Quantum + Meteora DLMM + Raydium CLMM + Byreal,Raydium CLMM + Byreal + Meteora DLMM + HumidiFi,251.4553,223503.0
2026-09-14T15:05:52+00:00,AAPLx,AAPL,True,100,0.299147,99.7822,21.78,0.0403,0.1776,Byreal,Raydium CLMM,332.9941,841126.0
2026-09-14T15:05:52+00:00,AAPLx,AAPL,True,1000,2.99070498,996.6451,33.55,0.0659,0.2698,Byreal,Raydium CLMM,332.9941,841126.0
2026-09-14T15:05:52+00:00,AAPLx,AAPL,True,10000,29.87564437,9951.2876,48.71,0.1708,0.3168,Byreal + Raydium CLMM + Whirlpool,Raydium CLMM + Whirlpool,332.9941,841126.0
2026-09-14T15:05:52+00:00,TSLAx,TSLA,True,100,0.27820783,99.9308,6.92,0.0,0.0873,Riptide,Riptide,359.4373,1224961.0
2026-09-14T15:05:52+00:00,TSLAx,TSLA,True,1000,2.78111919,999.1127,8.87,0.0163,0.0742,Raydium CLMM,Riptide,359.4373,1224961.0
2026-09-14T15:05:52+00:00,TSLAx,TSLA,True,10000,27.81173037,9991.6923,8.31,0.0126,0.0716,Raydium CLMM + Riptide + Byreal,Riptide,359.4373,1224961.0
2026-09-14T15:05:52+00:00,NVDAx,NVDA,True,100,0.47299076,99.9042,9.58,0.0006,0.0952,Raydium CLMM,Riptide,211.0161,1679887.0
2026-09-14T15:05:52+00:00,NVDAx,NVDA,True,1000,4.72971085,999.1259,8.74,0.053,0.0344,Riptide,Riptide,211.0161,1679887.0
2026-09-14T15:05:52+00:00,NVDAx,NVDA,True,10000,47.29146321,9988.2358,11.76,0.0649,0.0527,Riptide + Raydium CLMM + Whirlpool,Riptide,211.0161,1679887.0
2026-09-14T15:05:52+00:00,SPYx,SPY,True,100,0.13096028,100.0046,-0.46,0.0,0.018,Byreal,Byreal,759.2397,4034096.0
2026-09-14T15:05:52+00:00,SPYx,SPY,True,1000,1.30928019,999.7718,2.28,0.002,0.0208,Raydium CLMM,Raydium CLMM,759.2397,4034096.0
2026-09-14T15:05:52+00:00,SPYx,SPY,True,10000,13.09088294,9996.8171,3.18,0.0118,0.0253,Raydium CLMM + Byreal,Raydium CLMM + Riptide,759.2397,4034096.0
2026-09-14T15:05:52+00:00,MSTRx,MSTR,True,100,0.73772896,99.9711,2.89,0.0,0.0484,Riptide,Riptide,135.5491,849391.0
2026-09-14T15:05:52+00:00,MSTRx,MSTR,True,1000,7.37419619,999.3109,6.89,0.0225,0.0465,Riptide,Riptide,135.5491,849391.0
2026-09-14T15:05:52+00:00,MSTRx,MSTR,True,10000,73.70068738,9988.0469,11.95,0.0784,0.0411,Riptide + HumidiFi + Raydium CLMM,Riptide,135.5491,849391.0
2026-09-14T15:05:52+00:00,METAx,META,True,100,0.15243908,99.6406,35.94,0.3491,0.0103,Whirlpool,Raydium CLMM,652.0739,235554.0
2026-09-14T15:05:52+00:00,METAx,META,True,1000,1.52084948,993.3454,66.55,0.5806,0.0853,Raydium CLMM,Raydium CLMM,652.0739,235554.0
2026-09-14T15:05:52+00:00,METAx,META,True,10000,15.14915012,9853.1272,146.87,0.9686,0.505,Whirlpool + Raydium CLMM + Byreal,Byreal + Whirlpool + Raydium CLMM,652.0739,235554.0
2026-09-14T15:05:52+00:00,GOOGLx,GOOGL,True,100,0.28918127,99.674,32.6,0.6474,0.0,Raydium CLMM,Meteora DLMM + Flux,342.6785,437102.0
2026-09-14T15:05:52+00:00,GOOGLx,GOOGL,True,1000,2.89104199,996.219,37.81,0.6739,0.0,Raydium CLMM,Meteora DLMM + HumidiFi,342.6785,437102.0
2026-09-14T15:05:52+00:00,GOOGLx,GOOGL,True,10000,28.87221633,9918.825,81.18,0.8051,0.0067,BisonFi + Meteora DLMM + Byreal + Raydium CLMM,Whirlpool + Meteora DLMM + Scorch + GoonFi V2,342.6785,437102.0
2026-09-14T15:05:52+00:00,AMZNx,AMZN,True,100,0.39543313,99.8068,19.32,0.0175,0.1757,Byreal,Meteora DLMM + Quantum + GoonFi V2,252.79,225457.0
2026-09-14T15:05:52+00:00,AMZNx,AMZN,True,1000,3.9530865,995.3082,46.92,0.049,0.4204,Byreal,Byreal,252.79,225457.0
2026-09-14T15:05:52+00:00,AMZNx,AMZN,True,10000,39.47016538,9922.0636,77.94,0.2024,0.5781,Quantum + Meteora DLMM + Raydium CLMM + Byreal,Meteora DLMM + HumidiFi + Raydium CLMM + Byreal,252.79,225457.0
2026-09-14T15:21:56+00:00,AAPLx,AAPL,True,100,0.29924946,99.7701,22.99,0.2148,0.0151,Raydium CLMM,Raydium CLMM,332.3162,841030.0
2026-09-14T15:21:56+00:00,AAPLx,AAPL,True,1000,2.99071747,996.5939,34.06,0.2741,0.0667,Byreal,Raydium CLMM,332.3162,841030.0
2026-09-14T15:21:56+00:00,AAPLx,AAPL,True,10000,29.87717289,9951.1132,48.89,0.3736,0.1157,Byreal + Raydium CLMM + Whirlpool,Raydium CLMM + Whirlpool,332.3162,841030.0
2026-09-14T15:21:56+00:00,TSLAx,TSLA,True,100,0.27796386,99.9316,6.84,0.0733,0.0,Whirlpool,Riptide,359.4406,1228568.0
2026-09-14T15:21:56+00:00,TSLAx,TSLA,True,1000,2.77875869,999.1079,8.92,0.105,0.0,Riptide,Riptide,359.4406,1228568.0
2026-09-14T15:21:56+00:00,TSLAx,TSLA,True,10000,27.78617685,9988.7459,11.25,0.11,0.0025,Whirlpool + Riptide,Riptide,359.4406,1228568.0
2026-09-14T15:21:56+00:00,NVDAx,NVDA,True,100,0.47257179,99.9009,9.91,0.0,0.0,Riptide,Whirlpool,211.2338,1693359.0
2026-09-14T15:21:56+00:00,NVDAx,NVDA,True,1000,4.72644664,998.9245,10.76,0.1292,0.0998,Riptide,Riptide,211.2338,1693359.0
2026-09-14T15:21:56+00:00,NVDAx,NVDA,True,10000,47.26806356,9989.7337,10.27,0.0002,0.1025,Riptide,Whirlpool + Quantum + Riptide,211.2338,1693359.0
2026-09-14T15:21:56+00:00,SPYx,SPY,True,100,0.13097963,99.9934,0.66,0.0045,0.0005,Byreal,Raydium CLMM,759.0169,4075581.0
2026-09-14T15:21:56+00:00,SPYx,SPY,True,1000,1.30970662,999.827,1.73,0.013,0.0037,Byreal,Raydium CLMM,759.0169,4075581.0
2026-09-14T15:21:56+00:00,SPYx,SPY,True,10000,13.09538644,9995.1234,4.88,0.0189,0.0299,Riptide + Raydium CLMM + Byreal,Riptide + Byreal + Raydium CLMM,759.0169,4075581.0
2026-09-14T15:21:56+00:00,MSTRx,MSTR,True,100,0.73941272,99.909,9.1,0.046,0.0451,Riptide,Riptide,135.1598,852649.0
2026-09-14T15:21:56+00:00,MSTRx,MSTR,True,1000,7.39117784,999.1493,8.51,0.0859,0.0,Riptide,Riptide,135.1598,852649.0
2026-09-14T15:21:56+00:00,MSTRx,MSTR,True,10000,73.90236216,9982.5424,17.46,0.0986,0.0761,Riptide,Riptide + Raydium CLMM + Flux,135.1598,852649.0
2026-09-14T15:21:56+00:00,METAx,META,True,100,0.15217107,99.6227,37.73,0.025,0.3524,Byreal,Whirlpool,655.3851,237738.0
2026-09-14T15:21:56+00:00,METAx,META,True,1000,1.51876024,993.459,65.41,0.2188,0.4362,Byreal,Raydium CLMM,655.3851,237738.0
2026-09-14T15:21:56+00:00,METAx,META,True,10000,15.12731545,9851.9971,148.0,0.6149,0.8705,Byreal + Whirlpool + Raydium CLMM,Whirlpool + Raydium CLMM + Byreal,655.3851,237738.0
2026-09-14T15:21:56+00:00,GOOGLx,GOOGL,True,100,0.28878098,99.6584,34.16,0.3355,0.0061,Whirlpool,Byreal,344.2506,444000.0
2026-09-14T15:21:56+00:00,GOOGLx,GOOGL,True,1000,2.88539168,995.3718,46.28,0.4183,0.0447,Raydium CLMM,Byreal,344.2506,444000.0
2026-09-14T15:21:56+00:00,GOOGLx,GOOGL,True,10000,28.8224673,9930.3879,69.61,0.5268,0.1702,Raydium CLMM + BisonFi + Meteora DLMM + Byreal,Meteora DLMM + BisonFi + Byreal + Raydium CLMM,344.2506,444000.0
2026-09-14T15:21:56+00:00,AMZNx,AMZN,True,100,0.39549138,99.6524,34.76,0.0,0.3721,Quantum + Meteora DLMM,Byreal,252.9623,226590.0
2026-09-14T15:21:56+00:00,AMZNx,AMZN,True,1000,3.95132783,995.3083,46.92,0.0661,0.4034,Byreal,Byreal,252.9623,226590.0
2026-09-14T15:21:56+00:00,AMZNx,AMZN,True,10000,39.46055722,9921.57,78.43,0.1994,0.5861,Raydium CLMM + HumidiFi + Meteora DLMM + Byreal,Meteora DLMM + HumidiFi + Raydium CLMM + Byreal,252.9623,226590.0
2026-09-14T15:38:44+00:00,AAPLx,AAPL,True,100,0.29824072,99.7701,22.99,0.2135,0.0164,Raydium CLMM,Raydium CLMM,333.4236,862463.0
2026-09-14T15:38:44+00:00,AAPLx,AAPL,True,1000,2.98192131,996.3942,36.06,0.2297,0.13,Raydium CLMM,Whirlpool,333.4236,862463.0
2026-09-14T15:38:44+00:00,AAPLx,AAPL,True,10000,29.80575707,9947.9891,52.01,0.0727,0.4477,Whirlpool + Byreal + Raydium CLMM,Raydium CLMM + Whirlpool + Byreal,333.4236,862463.0
2026-09-14T15:38:44+00:00,TSLAx,TSLA,True,100,0.27561946,99.9805,1.95,0.0195,0.0,Byreal,Riptide,362.694,1262396.0
2026-09-14T15:38:44+00:00,TSLAx,TSLA,True,1000,2.75450328,999.1914,8.09,0.0809,0.0,Raydium CLMM,Riptide,362.694,1262396.0
2026-09-14T15:38:44+00:00,TSLAx,TSLA,True,10000,27.54102984,9990.1077,9.89,0.2292,0.0,Riptide + Raydium CLMM + Byreal,Riptide,362.694,1262396.0
2026-09-14T15:38:44+00:00,NVDAx,NVDA,True,100,0.47092981,99.9,10.0,0.089,0.0109,Riptide,Riptide,211.7544,1704759.0
2026-09-14T15:38:44+00:00,NVDAx,NVDA,True,1000,4.70899199,999.0005,10.0,0.0955,0.0044,Riptide,Riptide,211.7544,1704759.0
2026-09-14T15:38:44+00:00,NVDAx,NVDA,True,10000,47.08993583,9989.2893,10.71,0.0955,0.0116,Whirlpool + Riptide,Riptide,211.7544,1704759.0
2026-09-14T15:38:44+00:00,SPYx,SPY,True,100,0.13074267,99.9856,1.44,0.0001,0.0143,Raydium CLMM,Riptide,760.3613,4335607.0
2026-09-14T15:38:44+00:00,SPYx,SPY,True,1000,1.30742157,999.8631,1.37,0.0223,0.0116,Raydium CLMM,Riptide,760.3613,4335607.0
2026-09-14T15:38:44+00:00,SPYx,SPY,True,10000,13.07402515,9997.6459,2.35,0.0011,0.0224,Raydium CLMM + Byreal,Raydium CLMM + Byreal + Riptide,760.3613,4335607.0
2026-09-14T15:38:44+00:00,MSTRx,MSTR,True,100,0.73704601,99.9171,8.29,0.0435,0.0394,Riptide,Riptide,135.5907,859022.0
2026-09-14T15:38:44+00:00,MSTRx,MSTR,True,1000,7.37035699,999.0005,10.0,0.0449,0.0551,Riptide,Riptide,135.5907,859022.0
2026-09-14T15:38:44+00:00,MSTRx,MSTR,True,10000,73.69923437,9985.8525,14.15,0.0508,0.0907,Riptide,Riptide,135.5907,859022.0
2026-09-14T15:38:44+00:00,METAx,META,True,100,0.15135312,99.605,39.5,0.0384,0.3567,Raydium CLMM,Whirlpool,658.8071,242630.0
2026-09-14T15:38:44+00:00,METAx,META,True,1000,1.51239455,993.3491,66.51,0.1135,0.5509,Raydium CLMM,Raydium CLMM,658.8071,242630.0
2026-09-14T15:38:44+00:00,METAx,META,True,10000,15.05589306,9849.8445,150.16,0.5643,0.9426,Whirlpool + Byreal + Raydium CLMM,Byreal + Raydium CLMM + Whirlpool,658.8071,242630.0
2026-09-14T15:38:44+00:00,GOOGLx,GOOGL,True,100,0.28879375,99.6757,32.43,0.0534,0.2711,Whirlpool,Raydium CLMM + Meteora DLMM,345.198,440160.0
2026-09-14T15:38:44+00:00,GOOGLx,GOOGL,True,1000,2.88655371,995.7402,42.6,0.1013,0.325,Raydium CLMM,Byreal,345.198,440160.0
2026-09-14T15:38:44+00:00,GOOGLx,GOOGL,True,10000,28.82808139,9933.0615,66.94,0.2309,0.4395,Byreal + HumidiFi + Meteora DLMM + Raydium CLMM,Raydium CLMM + Meteora DLMM + BisonFi + Byreal,345.198,440160.0
2026-09-14T15:38:44+00:00,AMZNx,AMZN,True,100,0.3939311,99.697,30.3,0.0,0.364,Byreal,Meteora DLMM + Quantum,252.8876,235986.0
2026-09-14T15:38:44+00:00,AMZNx,AMZN,True,1000,3.93774852,995.746,42.54,0.0,0.4468,Byreal,Byreal + Raydium CLMM + Meteora DLMM + HumidiFi,252.8876,235986.0
2026-09-14T15:38:44+00:00,AMZNx,AMZN,True,10000,39.29657693,9918.1689,81.83,0.184,0.6355,BisonFi + Meteora DLMM + Byreal + Raydium CLMM,Meteora DLMM + HumidiFi + Byreal + Raydium CLMM,252.8876,235986.0
2026-09-14T15:55:26+00:00,AAPLx,AAPL,True,1000,2.97776853,996.4033,35.97,0.0104,0.3493,Raydium CLMM,Raydium CLMM,333.9724,883987.0
2026-09-14T15:55:26+00:00,AAPLx,AAPL,True,10000,29.7604275,9945.2568,54.74,0.0683,0.4794,Raydium CLMM + Byreal,Byreal + Whirlpool + Raydium CLMM,333.9724,883987.0
2026-09-14T15:55:26+00:00,TSLAx,TSLA,True,100,0.2751758,99.9164,8.36,0.0,0.1881,Riptide,Whirlpool,363.716,1272081.0
2026-09-14T15:55:26+00:00,TSLAx,TSLA,True,1000,2.75075008,999.045,9.55,0.0925,0.003,Riptide,Riptide,363.716,1272081.0
2026-09-14T15:55:26+00:00,TSLAx,TSLA,True,10000,27.50169345,9989.61,10.39,0.1741,0.0,Riptide + Manifest + Flux + Raydium CLMM,Riptide,363.716,1272081.0
2026-09-14T15:55:26+00:00,NVDAx,NVDA,True,100,0.47056249,99.9362,6.38,0.0005,0.0586,Raydium CLMM,Whirlpool,212.1078,1716512.0
2026-09-14T15:55:26+00:00,SPYx,SPY,True,100,0.13049482,99.9938,0.62,0.142,0.0,Flux + Raydium CLMM,Byreal,760.7902,4632755.0
2026-09-14T15:55:26+00:00,SPYx,SPY,True,1000,1.30475603,999.7231,2.77,0.1567,0.0,Raydium CLMM,Byreal,760.7902,4632755.0
2026-09-14T15:55:26+00:00,SPYx,SPY,True,10000,13.0450594,9994.8266,5.17,0.1759,0.1147,Byreal + Raydium CLMM + Quantum,Raydium CLMM + Byreal + Riptide,760.7902,4632755.0
2026-09-14T15:55:26+00:00,MSTRx,MSTR,True,100,0.73637546,99.9,10.0,0.1598,0.0,Riptide,Riptide,135.5678,863089.0
2026-09-14T15:55:26+00:00,MSTRx,MSTR,True,1000,7.35809669,995.9184,40.82,0.2365,0.1721,Riptide,Raydium CLMM,135.5678,863089.0
2026-09-14T15:55:26+00:00,MSTRx,MSTR,True,10000,73.42802029,9919.4519,80.55,0.4439,0.3632,Raydium CLMM + Byreal + BisonFi,Byreal + Raydium CLMM + Flux,135.5678,863089.0
2026-09-14T15:55:26+00:00,METAx,META,True,100,0.15072632,99.6383,36.17,0.3376,0.0243,Whirlpool,Byreal,659.6227,235872.0
2026-09-14T15:55:26+00:00,METAx,META,True,1000,1.50477297,993.9132,60.87,0.499,0.1103,Raydium CLMM,Raydium CLMM,659.6227,235872.0
2026-09-14T15:55:26+00:00,METAx,META,True,10000,14.99822581,9873.7056,126.29,0.8263,0.4287,Whirlpool + Raydium CLMM + Byreal,Raydium CLMM + Whirlpool + Byreal,659.6227,235872.0
2026-09-14T15:55:26+00:00,GOOGLx,GOOGL,True,100,0.28853276,99.6652,33.48,0.0123,0.3225,Quantum + Meteora DLMM,Whirlpool,345.6656,433429.0
2026-09-14T15:55:26+00:00,GOOGLx,GOOGL,True,1000,2.88547481,996.3278,36.72,0.0072,0.36,Flux + Meteora DLMM,Raydium CLMM,345.6656,433429.0
2026-09-14T15:55:26+00:00,GOOGLx,GOOGL,True,10000,28.79739078,9932.5818,67.42,0.206,0.4692,Byreal + Manifest + BisonFi + Meteora DLMM,Whirlpool + Byreal + Raydium CLMM,345.6656,433429.0
2026-09-14T15:55:26+00:00,AMZNx,AMZN,True,100,0.39331055,99.676,32.4,0.3173,0.0067,Quantum + Meteora DLMM,Byreal,253.408,242824.0
2026-09-14T15:55:26+00:00,AMZNx,AMZN,True,1000,3.92801518,995.0787,49.21,0.4463,0.0461,Raydium CLMM,Byreal,253.408,242824.0
2026-09-14T15:55:26+00:00,AMZNx,AMZN,True,10000,39.22296804,9916.7858,83.21,0.5912,0.2424,BisonFi + Meteora DLMM + Byreal + Raydium CLMM,Meteora DLMM + BisonFi + Byreal + Raydium CLMM,253.408,242824.0
2026-09-14T16:14:32+00:00,AAPLx,AAPL,True,100,0.29785306,99.7849,21.51,0.0224,0.2075,Raydium CLMM,Raydium CLMM,333.8181,881467.0
2026-09-14T16:14:32+00:00,AAPLx,AAPL,True,1000,2.97565731,995.5442,44.56,0.1041,0.3418,Byreal,Raydium CLMM,333.8181,881467.0
2026-09-14T16:14:32+00:00,AAPLx,AAPL,True,10000,29.73092068,9942.4362,57.56,0.1902,0.3952,Raydium CLMM + Byreal,Raydium CLMM + Byreal + Whirlpool,333.8181,881467.0
2026-09-14T16:14:32+00:00,TSLAx,TSLA,True,100,0.27587065,99.9572,4.28,0.0049,0.0379,Riptide,Whirlpool,362.4093,1266807.0
2026-09-14T16:14:32+00:00,TSLAx,TSLA,True,1000,2.75790877,999.0005,10.0,0.0338,0.0662,Riptide,Riptide,362.4093,1266807.0
2026-09-14T16:14:32+00:00,TSLAx,TSLA,True,10000,27.57814497,9989.9178,10.08,0.0372,0.0636,Riptide,Raydium CLMM + Riptide,362.4093,1266807.0
2026-09-14T16:14:32+00:00,NVDAx,NVDA,True,100,0.47123568,99.9512,4.88,0.0913,0.0166,Riptide,Whirlpool,211.6246,1723246.0
2026-09-14T16:14:32+00:00,NVDAx,NVDA,True,1000,4.71235686,999.0604,9.4,0.0943,0.0,Riptide,Riptide,211.6246,1723246.0
2026-09-14T16:14:32+00:00,NVDAx,NVDA,True,10000,47.12074444,9990.131,9.87,0.1003,0.0989,Riptide,Whirlpool + Riptide + Raydium CLMM,211.6246,1723246.0
2026-09-14T16:14:32+00:00,SPYx,SPY,True,100,0.13061855,99.9954,0.46,0.0801,0.1247,Raydium CLMM,Riptide,760.4985,4270967.0
2026-09-14T16:14:32+00:00,SPYx,SPY,True,1000,1.30613758,999.9174,0.83,0.0144,0.0,Raydium CLMM,Riptide,760.4985,4270967.0
2026-09-14T16:14:32+00:00,SPYx,SPY,True,10000,13.05840292,9996.9693,3.03,0.0371,0.0,Whirlpool + Byreal + Raydium CLMM,Riptide + Raydium CLMM + Byreal,760.4985,4270967.0
2026-09-14T16:14:32+00:00,MSTRx,MSTR,True,100,0.73644321,99.9,10.0,0.1641,0.0,Riptide,Riptide,135.5418,861076.0
2026-09-14T16:14:32+00:00,MSTRx,MSTR,True,1000,7.36279728,999.0814,9.19,0.1864,0.0,Riptide,Riptide,135.5418,861076.0
2026-09-14T16:14:32+00:00,MSTRx,MSTR,True,10000,73.59802788,9987.3955,12.6,0.227,0.0,Riptide,Riptide,135.5418,861076.0
2026-09-14T16:14:32+00:00,METAx,META,True,100,0.15111705,99.7727,22.73,0.0338,0.1936,Whirlpool,Raydium CLMM,659.8864,234442.0
2026-09-14T16:14:32+00:00,METAx,META,True,1000,1.50702471,994.5019,54.98,0.3081,0.2425,Byreal,Raydium CLMM,659.8864,234442.0
2026-09-14T16:14:32+00:00,METAx,META,True,10000,15.0227192,9873.5842,126.42,0.6225,0.6457,Raydium CLMM + Whirlpool + Byreal,Byreal + Raydium CLMM,659.8864,234442.0
2026-09-14T16:14:32+00:00,GOOGLx,GOOGL,True,100,0.2884011,99.6395,36.05,0.4382,0.0,Whirlpool,Whirlpool,344.3428,434568.0
2026-09-14T16:14:32+00:00,GOOGLx,GOOGL,True,1000,2.88253435,996.0499,39.5,0.4892,0.0,Byreal,Meteora DLMM + Flux,344.3428,434568.0
2026-09-14T16:14:32+00:00,GOOGLx,GOOGL,True,10000,28.79210437,9930.5101,69.49,0.6039,0.0915,HumidiFi + Meteora DLMM + Raydium CLMM + Byreal,Meteora DLMM + Quantum + Scorch + Raydium CLMM,344.3428,434568.0
2026-09-14T16:14:32+00:00,AMZNx,AMZN,True,100,0.39296134,99.6589,34.11,0.4981,0.0,Byreal,Meteora DLMM + Quantum,253.1713,216343.0
2026-09-14T16:14:32+00:00,AMZNx,AMZN,True,1000,3.92802547,995.1237,48.76,0.5383,0.0,Raydium CLMM,Byreal,253.1713,216343.0
2026-09-14T16:14:32+00:00,AMZNx,AMZN,True,10000,39.2165239,9916.8692,83.13,0.6996,0.1326,Raydium CLMM + Quantum + Meteora DLMM + Byreal,Meteora DLMM + BisonFi + Raydium CLMM + Byreal,253.1713,216343.0
2026-09-14T16:30:46+00:00,TSLAx,TSLA,True,100,0.27552246,99.9173,8.27,0.0,0.1706,Riptide,Whirlpool,363.2131,1267221.0
2026-09-14T16:30:46+00:00,TSLAx,TSLA,True,1000,2.75300358,998.7408,12.59,0.0,0.1368,Riptide,Riptide,363.2131,1267221.0
2026-09-14T16:30:46+00:00,NVDAx,NVDA,True,100,0.47109676,99.959,4.1,0.1273,0.0,Whirlpool,Whirlpool,211.8114,1712874.0
2026-09-14T16:30:46+00:00,SPYx,SPY,True,1000,1.30432059,999.7298,2.7,0.2018,0.0,Raydium CLMM,Raydium CLMM,762.202,4307916.0
2026-09-14T16:30:46+00:00,SPYx,SPY,True,10000,13.04205281,9995.0084,4.99,0.2108,0.0,Raydium CLMM + Riptide,Byreal + Raydium CLMM + Riptide,762.202,4307916.0
2026-09-14T16:30:46+00:00,MSTRx,MSTR,True,100,0.73489982,99.9153,8.47,0.1079,0.0,Riptide,Byreal,135.9039,861582.0
2026-09-14T16:30:46+00:00,MSTRx,MSTR,True,10000,73.51791186,9984.195,15.81,0.0576,0.1005,Riptide + ZeroFi + Raydium CLMM,Raydium CLMM + Riptide,135.9039,861582.0
2026-09-14T16:30:46+00:00,GOOGLx,GOOGL,True,100,0.28826586,99.7402,25.98,0.4089,0.0,Quay + Whirlpool + Meteora DLMM,Whirlpool,344.61,433758.0
2026-09-14T16:30:46+00:00,GOOGLx,GOOGL,True,1000,2.87928971,995.3517,46.48,0.5253,0.0,Raydium CLMM,Byreal,344.61,433758.0
2026-09-14T16:30:46+00:00,GOOGLx,GOOGL,True,10000,28.76835083,9932.5884,67.41,0.6101,0.0644,Raydium CLMM + Byreal + HumidiFi + Meteora DLMM,Meteora DLMM + BisonFi + Raydium CLMM + Byreal,344.61,433758.0
2026-09-14T16:30:46+00:00,AMZNx,AMZN,True,100,0.39381059,99.783,21.7,0.2241,0.0,Manifest + BisonFi + Meteora DLMM,Byreal,253.3202,215173.0
2026-09-14T16:30:46+00:00,AMZNx,AMZN,True,1000,3.93239643,996.0011,39.99,0.3688,0.0335,HumidiFi + Meteora DLMM,Byreal,253.3202,215173.0
2026-09-14T16:30:46+00:00,AMZNx,AMZN,True,10000,39.23271069,9918.5428,81.46,0.5977,0.2182,HumidiFi + Meteora DLMM + Byreal + Raydium CLMM,Raydium CLMM + Byreal,253.3202,215173.0
2026-09-14T16:51:49+00:00,AAPLx,AAPL,True,100,0.29808455,99.867,13.3,0.296,0.0,Raydium CLMM,Whirlpool + HumidiFi,333.3783,875038.0
2026-09-14T16:51:49+00:00,AAPLx,AAPL,True,1000,2.9768234,996.7218,32.78,0.4305,0.0,Raydium CLMM,Whirlpool + HumidiFi,333.3783,875038.0
2026-09-14T16:51:49+00:00,AAPLx,AAPL,True,10000,29.73544375,9943.5903,56.41,0.5402,0.024,Byreal + Raydium CLMM,Raydium CLMM + Byreal + Whirlpool + GoonFi V2,333.3783,875038.0
2026-09-14T16:51:49+00:00,TSLAx,TSLA,True,100,0.27550469,99.9999,0.01,0.0,0.014,Riptide,Raydium CLMM + PancakeSwap + GoonFi V2,362.9863,1267872.0
2026-09-14T16:51:49+00:00,TSLAx,TSLA,True,1000,2.75514584,999.2308,7.69,0.0,0.0944,Riptide,Whirlpool + Raydium CLMM + Flux,362.9863,1267872.0
2026-09-14T16:51:49+00:00,TSLAx,TSLA,True,10000,27.5479229,9989.8681,10.13,0.0,0.106,Riptide,Riptide + Raydium CLMM,362.9863,1267872.0
2026-09-14T16:51:49+00:00,NVDAx,NVDA,True,100,0.4699849,99.9278,7.22,0.0052,0.0671,Raydium CLMM,Whirlpool,212.235,1712896.0
2026-09-14T16:51:49+00:00,NVDAx,NVDA,True,1000,4.69917419,999.0104,9.9,0.0195,0.0795,Raydium CLMM,Riptide,212.235,1712896.0
2026-09-14T16:51:49+00:00,SPYx,SPY,True,100,0.13028532,99.9877,1.23,0.011,0.0014,Whirlpool,Raydium CLMM,763.0977,4310983.0
2026-09-14T16:51:49+00:00,SPYx,SPY,True,1000,1.3025948,999.5797,4.2,0.0308,0.0112,Raydium CLMM,Raydium CLMM,763.0977,4310983.0
2026-09-14T16:51:49+00:00,SPYx,SPY,True,10000,13.0260239,9994.2602,5.74,0.0302,0.0272,Riptide + Byreal + Whirlpool,Riptide + Byreal + Raydium CLMM,763.0977,4310983.0
2026-09-14T16:51:49+00:00,MSTRx,MSTR,True,100,0.73250473,99.9453,5.47,0.0186,0.0361,Byreal,Riptide,136.4875,857832.0
2026-09-14T16:51:49+00:00,MSTRx,MSTR,True,1000,7.32464275,998.8228,11.77,0.0241,0.0936,Riptide,Riptide,136.4875,857832.0
2026-09-14T16:51:49+00:00,MSTRx,MSTR,True,10000,73.23608506,9985.0618,14.94,0.0383,0.1112,Riptide + Deriverse + Scorch + Raydium CLMM,Riptide,136.4875,857832.0
2026-09-14T16:51:49+00:00,METAx,META,True,1000,1.50437122,993.9255,60.75,0.5589,0.0489,Raydium CLMM,Raydium CLMM,659.4747,232573.0
2026-09-14T16:51:49+00:00,METAx,META,True,10000,14.99303143,9874.7521,125.25,0.8939,0.3618,Raydium CLMM + Byreal + Whirlpool,Raydium CLMM + Byreal + Whirlpool,659.4747,232573.0
2026-09-14T16:51:49+00:00,GOOGLx,GOOGL,True,100,0.28748833,99.8373,16.27,0.2291,0.0,Whirlpool,Meteora DLMM + Quantum,346.189,442531.0
2026-09-14T16:51:49+00:00,GOOGLx,GOOGL,True,1000,2.87392123,998.0,20.0,0.2625,0.0,Byreal,Meteora DLMM + TesseraV,346.189,442531.0
2026-09-14T16:51:49+00:00,GOOGLx,GOOGL,True,10000,28.709081,9946.1098,53.89,0.3671,0.1725,Byreal + Raydium CLMM + Whirlpool,Meteora DLMM + TesseraV + Whirlpool + Byreal,346.189,442531.0
2026-09-14T16:51:49+00:00,AMZNx,AMZN,True,100,0.39266232,99.6678,33.22,0.4314,0.0,Byreal,Meteora DLMM + BisonFi,253.5502,218145.0
2026-09-14T16:51:49+00:00,AMZNx,AMZN,True,1000,3.92475395,994.9988,50.01,0.4788,0.0214,Byreal,Byreal,253.5502,218145.0
2026-09-14T16:51:49+00:00,AMZNx,AMZN,True,10000,39.17086454,9916.1063,83.89,0.6732,0.1668,Raydium CLMM + Byreal + Quantum + Meteora DLMM,Meteora DLMM + HumidiFi + Raydium CLMM + Byreal,253.5502,218145.0
2026-09-14T17:08:30+00:00,AAPLx,AAPL,True,100,0.29735669,99.7702,22.98,0.001,0.0219,Raydium CLMM,Raydium CLMM,335.1729,870260.0
2026-09-14T17:08:30+00:00,AAPLx,AAPL,True,1000,2.97314568,996.2179,37.82,0.2221,0.1564,Raydium CLMM,Raydium CLMM,335.1729,870260.0
2026-09-14T17:08:30+00:00,AAPLx,AAPL,True,10000,29.71423193,9942.0637,57.94,0.2799,0.2925,Byreal + Raydium CLMM,Byreal + Raydium CLMM,335.1729,870260.0
2026-09-14T17:08:30+00:00,TSLAx,TSLA,True,100,0.27574485,99.962,3.8,0.0733,0.0,Riptide,Whirlpool,362.3458,1265912.0
2026-09-14T17:08:30+00:00,TSLAx,TSLA,True,1000,2.75755121,999.1425,8.57,0.0695,0.0162,Riptide,Raydium CLMM,362.3458,1265912.0
2026-09-14T17:08:30+00:00,TSLAx,TSLA,True,10000,27.57551215,9990.147,9.85,0.0695,0.029,Riptide,Riptide + Raydium CLMM,362.3458,1265912.0
2026-09-14T17:08:30+00:00,NVDAx,NVDA,True,100,0.47033682,99.9429,5.71,0.0492,0.0078,Whirlpool,Whirlpool,212.2111,1720737.0
2026-09-14T17:08:30+00:00,NVDAx,NVDA,True,1000,4.70242719,998.9582,10.42,0.0692,0.035,Riptide,Riptide,212.2111,1720737.0
2026-09-14T17:08:30+00:00,NVDAx,NVDA,True,10000,47.02654942,9989.914,10.09,0.0744,0.0265,Riptide + Whirlpool,Whirlpool + Raydium CLMM + Riptide,212.2111,1720737.0
2026-09-14T17:08:30+00:00,SPYx,SPY,True,100,0.13036673,99.9989,0.11,0.0,0.0176,Riptide,Byreal,762.7444,4315924.0
2026-09-14T17:08:30+00:00,SPYx,SPY,True,1000,1.30358909,999.8822,1.18,0.0,0.0223,Riptide,Raydium CLMM,762.7444,4315924.0
2026-09-14T17:08:30+00:00,SPYx,SPY,True,10000,13.03589098,9997.3706,2.63,0.0,0.0368,Riptide,Byreal + Raydium CLMM,762.7444,4315924.0
2026-09-14T17:08:30+00:00,MSTRx,MSTR,True,100,0.73432412,99.9,10.0,0.1094,0.0,Riptide,Riptide,136.0147,860748.0
2026-09-14T17:08:30+00:00,MSTRx,MSTR,True,1000,7.34323583,999.0005,10.0,0.1095,0.0,Riptide,Riptide,136.0147,860748.0
2026-09-14T17:08:30+00:00,MSTRx,MSTR,True,10000,73.44292612,9984.5202,15.48,0.0951,0.0598,Riptide,Raydium CLMM + HumidiFi + Riptide,136.0147,860748.0
2026-09-14T17:08:30+00:00,METAx,META,True,100,0.15017094,99.6301,36.99,0.4831,0.0,Whirlpool,Meteora DLMM + HumidiFi,661.0937,237850.0
2026-09-14T17:08:30+00:00,METAx,META,True,1000,1.50064581,993.9268,60.73,0.5536,0.0541,Raydium CLMM,Raydium CLMM,661.0937,237850.0
2026-09-14T17:08:30+00:00,METAx,META,True,10000,14.95357559,9873.7864,126.21,0.904,0.3614,Whirlpool + Byreal + Raydium CLMM,Raydium CLMM + Byreal + Whirlpool,661.0937,237850.0
2026-09-14T17:08:30+00:00,GOOGLx,GOOGL,True,100,0.28724953,99.6646,33.54,0.0,0.4284,Whirlpool,Meteora DLMM + Scorch + HumidiFi,347.587,446949.0
2026-09-14T17:08:30+00:00,GOOGLx,GOOGL,True,1000,2.87085608,995.9831,40.17,0.0,0.4377,Byreal,Meteora DLMM + HumidiFi + Whirlpool,347.587,446949.0
2026-09-14T17:08:30+00:00,GOOGLx,GOOGL,True,10000,28.66856647,9930.7073,69.29,0.1031,0.5904,Raydium CLMM + BisonFi + Meteora DLMM + Byreal,Raydium CLMM + Meteora DLMM + Scorch + AlphaQ,347.587,446949.0
2026-09-14T17:08:30+00:00,AMZNx,AMZN,True,100,0.39243074,99.6874,31.26,0.0041,0.3085,Raydium CLMM,Meteora DLMM + Quantum,254.7815,218267.0
2026-09-14T17:08:30+00:00,AMZNx,AMZN,True,1000,3.92295002,995.1026,48.97,0.0377,0.4522,Raydium CLMM,Byreal,254.7815,218267.0
2026-09-14T17:08:30+00:00,AMZNx,AMZN,True,10000,39.15963445,9916.0524,83.95,0.2157,0.6251,BisonFi + Meteora DLMM + Byreal + Raydium CLMM,Byreal + Raydium CLMM + Meteora DLMM + HumidiFi,254.7815,218267.0
2026-09-14T17:24:09+00:00,AAPLx,AAPL,True,100,0.29808596,99.9482,5.18,0.0163,0.0355,Raydium CLMM,Whirlpool + HumidiFi,334.2863,871396.0
2026-09-14T17:24:09+00:00,AAPLx,AAPL,True,1000,2.97683745,997.3833,26.17,0.1512,0.1106,Raydium CLMM,Whirlpool + GoonFi V2 + Quay,334.2863,871396.0
2026-09-14T17:24:09+00:00,AAPLx,AAPL,True,10000,29.71493907,9945.3964,54.6,0.3304,0.2163,Raydium CLMM + Byreal,Whirlpool + HumidiFi + Byreal + Raydium CLMM,334.2863,871396.0
2026-09-14T17:24:09+00:00,TSLAx,TSLA,True,100,0.27544324,99.9216,7.84,0.0774,0.001,Whirlpool,Riptide,362.7269,1264817.0
2026-09-14T17:24:09+00:00,TSLAx,TSLA,True,1000,2.7538383,999.0005,10.0,0.099,0.001,Riptide,Riptide,362.7269,1264817.0
2026-09-14T17:24:09+00:00,TSLAx,TSLA,True,10000,27.53844242,9989.635,10.37,0.0988,0.1229,Riptide + Whirlpool,Riptide + Whirlpool,362.7269,1264817.0
2026-09-14T17:24:09+00:00,NVDAx,NVDA,True,100,0.46994301,99.9456,5.44,0.0466,0.0078,Raydium CLMM,Whirlpool,212.3061,1716516.0
2026-09-14T17:24:09+00:00,NVDAx,NVDA,True,1000,4.69875536,999.1091,8.91,0.061,0.0735,Raydium CLMM,Riptide,212.3061,1716516.0
2026-09-14T17:24:09+00:00,NVDAx,NVDA,True,10000,46.98291265,9989.9356,10.06,0.0237,0.079,Whirlpool + Riptide + Raydium CLMM,Whirlpool + Quantum + Riptide,212.3061,1716516.0
2026-09-14T17:24:09+00:00,SPYx,SPY,True,100,0.13036718,99.9907,0.93,0.0028,0.0065,Raydium CLMM,Raydium CLMM + GoonFi V2,762.5936,4581720.0
2026-09-14T17:24:09+00:00,SPYx,SPY,True,1000,1.30362457,999.7192,2.81,0.0064,0.0217,Raydium CLMM,Raydium CLMM,762.5936,4581720.0
2026-09-14T17:24:09+00:00,SPYx,SPY,True,10000,13.03457657,9994.6542,5.35,0.0192,0.0342,Riptide + Byreal + Raydium CLMM,Riptide + AlphaQ + Raydium CLMM,762.5936,4581720.0
2026-09-14T17:24:09+00:00,MSTRx,MSTR,True,100,0.73151179,99.9663,3.37,0.0064,0.0273,Raydium CLMM,Riptide,136.6781,859820.0
2026-09-14T17:24:09+00:00,MSTRx,MSTR,True,1000,7.31219289,998.8198,11.8,0.0464,0.0716,Raydium CLMM,Riptide,136.6781,859820.0
2026-09-14T17:24:09+00:00,MSTRx,MSTR,True,10000,73.12341241,9983.4372,16.56,0.0444,0.1213,Riptide + Raydium CLMM,Riptide,136.6781,859820.0
2026-09-14T17:24:09+00:00,METAx,META,True,100,0.15010002,99.6212,37.88,0.3946,0.0,Whirlpool,Byreal,661.993,240493.0
2026-09-14T17:24:09+00:00,METAx,META,True,1000,1.49861593,993.9264,60.74,0.5528,0.0548,Raydium CLMM,Raydium CLMM,661.993,240493.0
2026-09-14T17:24:09+00:00,METAx,META,True,10000,14.9355714,9873.0532,126.95,0.8885,0.3843,Whirlpool + Raydium CLMM + Byreal,Raydium CLMM + Byreal + Whirlpool,661.993,240493.0
2026-09-14T17:24:09+00:00,GOOGLx,GOOGL,True,100,0.28701655,99.7463,25.37,0.3587,0.0,Byreal,Meteora DLMM + Flux + Deriverse,346.2976,446253.0
2026-09-14T17:24:09+00:00,GOOGLx,GOOGL,True,1000,2.86924138,997.0426,29.57,0.3908,0.0,Byreal,Meteora DLMM + HumidiFi,346.2976,446253.0
2026-09-14T17:24:09+00:00,GOOGLx,GOOGL,True,10000,28.65727252,9938.9109,61.09,0.5128,0.0986,Whirlpool + Byreal + Raydium CLMM,Meteora DLMM + BisonFi + Byreal + Raydium CLMM,346.2976,446253.0
2026-09-14T17:24:09+00:00,AMZNx,AMZN,True,100,0.39217329,99.7773,22.27,0.4924,0.0,Byreal,Meteora DLMM + Scorch + GoonFi V2,253.7035,219550.0
2026-09-14T17:24:09+00:00,AMZNx,AMZN,True,1000,3.91999597,995.3955,46.05,0.5365,0.0,Raydium CLMM,Meteora DLMM + BisonFi + GoonFi V2,253.7035,219550.0
2026-09-14T17:24:09+00:00,AMZNx,AMZN,True,10000,39.13205872,9916.4554,83.54,0.7088,0.1276,Raydium CLMM + Byreal + HumidiFi + Meteora DLMM,Meteora DLMM + Quantum + Raydium CLMM + Byreal,253.7035,219550.0
2026-09-14T17:39:46+00:00,AAPLx,AAPL,True,100,0.29793528,99.8152,18.48,0.0158,0.169,Raydium CLMM,Byreal,334.4576,820233.0
2026-09-14T17:39:46+00:00,AAPLx,AAPL,True,1000,2.97533372,996.5328,34.67,0.1507,0.1963,Raydium CLMM,Byreal,334.4576,820233.0
2026-09-14T17:39:46+00:00,AAPLx,AAPL,True,10000,29.71526653,9942.1889,57.81,0.2785,0.3005,Raydium CLMM + Byreal,Raydium CLMM + Byreal,334.4576,820233.0
2026-09-14T17:39:46+00:00,TSLAx,TSLA,True,100,0.27557578,99.9446,5.54,0.1594,0.0,Whirlpool,Riptide,362.2558,1261589.0
2026-09-14T17:39:46+00:00,TSLAx,TSLA,True,1000,2.75453038,999.0005,10.0,0.2038,0.0,Riptide,Riptide,362.2558,1261589.0
2026-09-14T17:39:46+00:00,TSLAx,TSLA,True,10000,27.54655297,9989.4984,10.5,0.1993,0.0,Whirlpool + Riptide,Riptide,362.2558,1261589.0
2026-09-14T17:39:46+00:00,NVDAx,NVDA,True,100,0.46992382,99.9831,1.69,0.0331,0.0,Whirlpool,Riptide,212.3439,1714714.0
2026-09-14T17:39:46+00:00,NVDAx,NVDA,True,1000,4.69734494,999.4287,5.71,0.0733,0.0,Raydium CLMM,Riptide,212.3439,1714714.0
2026-09-14T17:39:46+00:00,NVDAx,NVDA,True,10000,46.95781388,9990.213,9.79,0.0922,0.0379,Raydium CLMM + Riptide + Whirlpool,Riptide + Whirlpool,212.3439,1714714.0
2026-09-14T17:39:46+00:00,SPYx,SPY,True,100,0.13041974,99.9975,0.25,0.0628,0.0,Whirlpool,Riptide,761.8301,4192880.0
2026-09-14T17:39:46+00:00,SPYx,SPY,True,1000,1.30404574,999.8585,1.42,0.0744,0.0,Raydium CLMM,Riptide,761.8301,4192880.0
2026-09-14T17:39:46+00:00,SPYx,SPY,True,10000,13.03734729,9995.6702,4.33,0.0983,0.0,Whirlpool + Raydium CLMM + Byreal,Byreal + Riptide + Raydium CLMM,761.8301,4192880.0
2026-09-14T17:39:46+00:00,MSTRx,MSTR,True,100,0.73107056,99.9,10.0,0.297,0.0,Riptide,Riptide,136.3639,865401.0
2026-09-14T17:39:46+00:00,MSTRx,MSTR,True,1000,7.3107537,999.0005,10.0,0.2963,0.0,Riptide,Riptide,136.3639,865401.0
2026-09-14T17:39:46+00:00,MSTRx,MSTR,True,10000,73.08268661,9984.1468,15.85,0.3302,0.0,Riptide,Riptide,136.3639,865401.0
2026-09-14T17:39:46+00:00,METAx,META,True,100,0.14996697,99.612,38.8,0.3894,0.0,Byreal,Whirlpool,662.6182,239505.0
2026-09-14T17:39:46+00:00,METAx,META,True,1000,1.49756696,993.9007,60.99,0.529,0.0813,Raydium CLMM,Raydium CLMM,662.6182,239505.0
2026-09-14T17:39:46+00:00,METAx,META,True,10000,14.92522544,9872.5013,127.5,0.8641,0.4145,Byreal + Whirlpool + Raydium CLMM,Raydium CLMM + Whirlpool + Byreal,662.6182,239505.0
2026-09-14T17:39:46+00:00,GOOGLx,GOOGL,True,100,0.28603368,99.6487,35.13,0.0158,0.3355,Whirlpool,Meteora DLMM + Flux,348.6849,458834.0
2026-09-14T17:39:46+00:00,GOOGLx,GOOGL,True,1000,2.85875793,995.914,40.86,0.071,0.3378,Byreal,Meteora DLMM + TesseraV,348.6849,458834.0
2026-09-14T17:39:46+00:00,GOOGLx,GOOGL,True,10000,28.55066035,9933.7237,66.28,0.5251,0.135,Raydium CLMM + Byreal + HumidiFi + Meteora DLMM,Meteora DLMM + BisonFi + Raydium CLMM + Byreal,348.6849,458834.0
2026-09-14T17:39:46+00:00,AMZNx,AMZN,True,100,0.39140642,99.5914,40.86,0.0061,0.4025,Raydium CLMM,Byreal,255.444,224457.0
2026-09-14T17:39:46+00:00,AMZNx,AMZN,True,1000,3.9127171,995.0962,49.04,0.0405,0.45,Raydium CLMM,Byreal,255.444,224457.0
2026-09-14T17:39:46+00:00,AMZNx,AMZN,True,10000,39.06439537,9914.8155,85.18,0.2009,0.6522,BisonFi + Meteora DLMM + Byreal + Raydium CLMM,Raydium CLMM + Meteora DLMM + HumidiFi + Byreal,255.444,224457.0
2026-09-14T17:55:23+00:00,AAPLx,AAPL,True,100,0.29780556,99.9243,7.57,0.0484,0.0273,Raydium CLMM,Whirlpool + Quantum,334.4914,818671.0
2026-09-14T17:55:23+00:00,AAPLx,AAPL,True,1000,2.97403915,997.199,28.01,0.1832,0.0971,Raydium CLMM,Whirlpool + TesseraV,334.4914,818671.0
2026-09-14T17:55:23+00:00,AAPLx,AAPL,True,10000,29.71789623,9943.7407,56.26,0.2587,0.0617,Raydium CLMM + Byreal,Raydium CLMM + Byreal + Whirlpool + HumidiFi,334.4914,818671.0
2026-09-14T17:55:23+00:00,TSLAx,TSLA,True,100,0.27589607,99.9937,0.63,0.0164,0.0,Riptide,Raydium CLMM + HumidiFi,362.3505,1257547.0
2026-09-14T17:55:23+00:00,TSLAx,TSLA,True,1000,2.75895922,999.0005,10.0,0.0164,0.0835,Riptide,Riptide,362.3505,1257547.0
2026-09-14T17:55:23+00:00,TSLAx,TSLA,True,10000,27.58194746,9989.8122,10.19,0.0441,0.0578,Riptide,Raydium CLMM + Flux + Byreal + Riptide,362.3505,1257547.0
2026-09-14T17:55:23+00:00,NVDAx,NVDA,True,100,0.46941584,99.976,2.4,0.0,0.0404,Riptide,Whirlpool + HumidiFi,212.677,1714082.0
2026-09-14T17:55:23+00:00,NVDAx,NVDA,True,1000,4.69415846,999.3103,6.9,0.0,0.0853,Riptide,Whirlpool + Raydium CLMM + GoonFi V2,212.677,1714082.0
2026-09-14T17:55:23+00:00,NVDAx,NVDA,True,10000,46.94138608,9990.0903,9.91,0.0,0.115,Riptide,Whirlpool + Flux + AlphaQ + Riptide,212.677,1714082.0
2026-09-14T17:55:23+00:00,SPYx,SPY,True,100,0.13036936,99.9803,1.97,0.0041,0.0156,Byreal,Raydium CLMM,762.566,4199378.0
2026-09-14T17:55:23+00:00,SPYx,SPY,True,1000,1.30363132,999.7192,2.81,0.0089,0.0192,Raydium CLMM,Raydium CLMM,762.566,4199378.0
2026-09-14T17:55:23+00:00,SPYx,SPY,True,10000,13.03448453,9994.6284,5.37,0.0229,0.0308,Byreal + Riptide + Raydium CLMM,Raydium CLMM + Riptide + Byreal,762.566,4199378.0
2026-09-14T17:55:23+00:00,MSTRx,MSTR,True,100,0.72947761,99.9,10.0,0.4444,0.0,Riptide,Riptide,136.4581,873743.0
2026-09-14T17:55:23+00:00,MSTRx,MSTR,True,1000,7.29477618,998.8621,11.38,0.4444,0.0,Riptide,Riptide,136.4581,873743.0
2026-09-14T17:55:23+00:00,MSTRx,MSTR,True,10000,72.94303499,9985.1317,14.87,0.4508,0.0,Riptide + ZeroFi + Raydium CLMM,Riptide,136.4581,873743.0
2026-09-14T17:55:23+00:00,METAx,META,True,100,0.14972067,99.5984,40.16,0.0,0.4429,Whirlpool,Whirlpool,666.0491,245491.0
2026-09-14T17:55:23+00:00,METAx,META,True,1000,1.49563745,993.8407,61.59,0.0586,0.5577,Raydium CLMM,Raydium CLMM,666.0491,245491.0
2026-09-14T17:55:23+00:00,METAx,META,True,10000,14.90361535,9871.09,128.91,0.4112,0.4712,Byreal + Raydium CLMM + Whirlpool,Whirlpool + Byreal + Raydium CLMM,666.0491,245491.0
2026-09-14T17:55:23+00:00,GOOGLx,GOOGL,True,100,0.28552009,99.7991,20.09,0.0098,0.1911,Raydium CLMM,Meteora DLMM + GoonFi V2,349.3293,463000.0
2026-09-14T17:55:23+00:00,GOOGLx,GOOGL,True,1000,2.85450882,997.4252,25.75,0.034,0.2235,Raydium CLMM,Meteora DLMM + Kipseli,349.3293,463000.0
2026-09-14T17:55:23+00:00,GOOGLx,GOOGL,True,10000,28.51116747,9939.3049,60.7,0.1528,0.4548,Raydium CLMM + Quantum + Meteora DLMM + Byreal,Whirlpool + Meteora DLMM + TesseraV + Byreal,349.3293,463000.0
2026-09-14T17:55:23+00:00,AMZNx,AMZN,True,100,0.39104838,99.675,32.5,0.0018,0.3232,Byreal,Meteora DLMM + Flux + GoonFi V2,255.6862,226103.0
2026-09-14T17:55:23+00:00,AMZNx,AMZN,True,1000,3.90877598,994.9878,50.12,0.0455,0.456,Raydium CLMM,Byreal,255.6862,226103.0
2026-09-14T17:55:23+00:00,AMZNx,AMZN,True,10000,39.0204367,9915.3671,84.63,0.2176,0.6301,Byreal + Raydium CLMM + BisonFi + Meteora DLMM,Raydium CLMM + Byreal + Meteora DLMM + HumidiFi,255.6862,226103.0
2026-09-14T18:11:09+00:00,AAPLx,AAPL,True,100,0.29794847,99.7702,22.98,0.2145,0.0154,Raydium CLMM,Raydium CLMM,333.7716,811933.0
2026-09-14T18:11:09+00:00,AAPLx,AAPL,True,1000,2.97556173,995.7016,42.98,0.3459,0.0843,Byreal,Raydium CLMM,333.7716,811933.0
2026-09-14T18:11:09+00:00,AAPLx,AAPL,True,10000,29.72691264,9942.3851,57.61,0.442,0.1347,Byreal + Raydium CLMM,Byreal + Whirlpool + TesseraV + Raydium CLMM,333.7716,811933.0
2026-09-14T18:11:09+00:00,TSLAx,TSLA,True,100,0.27633996,99.9082,9.18,0.031,0.0,Riptide,Raydium CLMM,361.7113,1254018.0
2026-09-14T18:11:09+00:00,TSLAx,TSLA,True,1000,2.76339967,999.0005,10.0,0.1183,0.0,Riptide,Riptide,361.7113,1254018.0
2026-09-14T18:11:09+00:00,TSLAx,TSLA,True,10000,27.63362904,9990.0028,10.0,0.1196,0.0,Whirlpool + Riptide,Raydium CLMM + Riptide,361.7113,1254018.0
2026-09-14T18:11:09+00:00,NVDAx,NVDA,True,100,0.46968244,99.9492,5.08,0.0049,0.0459,Whirlpool,Whirlpool,212.5067,1703615.0
2026-09-14T18:11:09+00:00,NVDAx,NVDA,True,1000,4.69592236,999.0005,10.0,0.0241,0.0768,Riptide,Riptide,212.5067,1703615.0
2026-09-14T18:11:09+00:00,NVDAx,NVDA,True,10000,46.95934862,9989.6926,10.31,0.1901,0.0,Riptide + Whirlpool,Whirlpool + Riptide,212.5067,1703615.0
2026-09-14T18:11:09+00:00,SPYx,SPY,True,100,0.13046165,99.9849,1.51,0.0619,0.0,Byreal,Raydium CLMM,761.577,3995822.0
2026-09-14T18:11:09+00:00,SPYx,SPY,True,1000,1.30451017,999.7311,2.69,0.0082,0.0187,Byreal,Raydium CLMM,761.577,3995822.0
2026-09-14T18:11:09+00:00,SPYx,SPY,True,10000,13.04331148,9994.8345,5.17,0.0219,0.1659,Riptide + Byreal + Raydium CLMM,Byreal + Riptide + Raydium CLMM,761.577,3995822.0
2026-09-14T18:11:09+00:00,MSTRx,MSTR,True,100,0.73247438,99.936,6.4,0.0384,0.0256,Riptide,Raydium CLMM + Quantum,136.4524,870326.0
2026-09-14T18:11:09+00:00,MSTRx,MSTR,True,1000,7.32474382,999.0114,9.89,0.0384,0.0605,Riptide,Raydium CLMM + BisonFi,136.4524,870326.0
2026-09-14T18:11:09+00:00,MSTRx,MSTR,True,10000,73.23580248,9986.2087,13.79,0.0543,0.0837,ZeroFi + Raydium CLMM + Riptide,Raydium CLMM + BisonFi + Riptide,136.4524,870326.0
2026-09-14T18:11:09+00:00,METAx,META,True,100,0.14888607,99.636,36.4,0.0,0.3232,Whirlpool,Raydium CLMM,670.971,262486.0
2026-09-14T18:11:09+00:00,METAx,META,True,1000,1.48586155,994.3763,56.24,0.5527,0.0685,Raydium CLMM,Raydium CLMM,670.971,262486.0
2026-09-14T18:11:09+00:00,METAx,META,True,10000,14.80377734,9860.4862,139.51,0.931,0.4367,Byreal + Raydium CLMM + Whirlpool,Raydium CLMM + Byreal,670.971,262486.0
2026-09-14T18:11:09+00:00,GOOGLx,GOOGL,True,100,0.2855159,99.6845,31.55,0.0225,0.2931,Byreal,Meteora DLMM + BisonFi,349.2861,458019.0
2026-09-14T18:11:09+00:00,GOOGLx,GOOGL,True,1000,2.85421793,996.4562,35.44,0.0554,0.2991,Byreal,Meteora DLMM + Quantum,349.2861,458019.0
2026-09-14T18:11:09+00:00,GOOGLx,GOOGL,True,10000,28.50770625,9924.5572,75.44,0.1761,0.5793,Byreal + HumidiFi + Meteora DLMM + Raydium CLMM,Meteora DLMM + BisonFi + Byreal + Raydium CLMM,349.2861,458019.0
2026-09-14T18:11:09+00:00,AMZNx,AMZN,True,100,0.39123339,99.6354,36.46,0.3052,0.0596,Quay + Flux + Meteora DLMM,Byreal,254.7869,225544.0
2026-09-14T18:11:09+00:00,AMZNx,AMZN,True,1000,3.90907588,995.0488,49.51,0.3882,0.1073,Raydium CLMM,Byreal,254.7869,225544.0
2026-09-14T18:11:09+00:00,AMZNx,AMZN,True,10000,39.02824409,9914.9333,85.07,0.5475,0.3048,Raydium CLMM + HumidiFi + Meteora DLMM + Byreal,Raydium CLMM + Meteora DLMM + BisonFi + Byreal,254.7869,225544.0
2026-09-14T18:27:02+00:00,AAPLx,AAPL,True,100,0.29741497,99.7702,22.98,0.4503,0.0,Raydium CLMM,Raydium CLMM,334.3478,818787.0
2026-09-14T18:27:02+00:00,AAPLx,AAPL,True,1000,2.97268639,995.8692,41.31,0.5067,0.0,Raydium CLMM,Raydium CLMM,334.3478,818787.0
2026-09-14T18:27:02+00:00,AAPLx,AAPL,True,10000,29.70929297,9941.7833,58.22,0.5709,0.0113,Byreal + Raydium CLMM,Raydium CLMM + Byreal,334.3478,818787.0
2026-09-14T18:27:02+00:00,TSLAx,TSLA,True,100,0.2767143,99.9157,8.43,0.0523,0.032,Riptide,Byreal,361.155,1244741.0
2026-09-14T18:27:02+00:00,TSLAx,TSLA,True,1000,2.76711932,999.0005,10.0,0.0532,0.0468,Riptide,Riptide,361.155,1244741.0
2026-09-14T18:27:02+00:00,TSLAx,TSLA,True,10000,27.67119328,9990.204,9.8,0.0532,0.0448,Riptide,Whirlpool + Byreal + Riptide,361.155,1244741.0
2026-09-14T18:27:02+00:00,NVDAx,NVDA,True,100,0.47031657,99.9515,4.85,0.1164,0.0,Riptide,Whirlpool,211.9771,1708438.0
2026-09-14T18:27:02+00:00,NVDAx,NVDA,True,1000,4.7031126,999.0847,9.15,0.1178,0.0,Riptide,Riptide,211.9771,1708438.0
2026-09-14T18:27:02+00:00,NVDAx,NVDA,True,10000,47.02717212,9989.5804,10.42,0.1269,0.0,Whirlpool + Riptide,Whirlpool + Riptide + Raydium CLMM,211.9771,1708438.0
2026-09-14T18:27:02+00:00,SPYx,SPY,True,100,0.13040025,99.9993,0.07,0.1067,0.0945,Raydium CLMM,Whirlpool,762.2929,4053480.0
2026-09-14T18:27:02+00:00,SPYx,SPY,True,1000,1.30394923,999.8208,1.79,0.1109,0.1071,Raydium CLMM,AlphaQ + Whirlpool + Byreal,762.2929,4053480.0
2026-09-14T18:27:02+00:00,SPYx,SPY,True,10000,13.03844187,9994.7803,5.22,0.1189,0.0,Riptide + Raydium CLMM,Raydium CLMM + Byreal + Riptide,762.2929,4053480.0
2026-09-14T18:27:02+00:00,MSTRx,MSTR,True,100,0.73100189,99.8734,12.66,0.3052,0.0,Riptide,Riptide,136.3661,870144.0
2026-09-14T18:27:02+00:00,MSTRx,MSTR,True,1000,7.31197012,999.0005,10.0,0.2786,0.0,Riptide,Riptide,136.3661,870144.0
2026-09-14T18:27:02+00:00,MSTRx,MSTR,True,10000,73.09618328,9988.9844,11.02,0.3107,0.0,Riptide,Riptide,136.3661,870144.0
2026-09-14T18:27:02+00:00,METAx,META,True,100,0.14962346,99.6392,36.08,0.0685,0.2926,Whirlpool,Byreal,664.5285,249110.0
2026-09-14T18:27:02+00:00,METAx,META,True,1000,1.49413896,994.0406,59.59,0.2084,0.3883,Raydium CLMM,Raydium CLMM,664.5285,249110.0
2026-09-14T18:27:02+00:00,METAx,META,True,10000,14.89370394,9877.3784,122.62,0.5269,0.4328,Raydium CLMM + Byreal + Whirlpool,Byreal + Whirlpool + Raydium CLMM,664.5285,249110.0
2026-09-14T18:27:02+00:00,GOOGLx,GOOGL,True,100,0.28677667,99.8216,17.84,0.3304,0.0,Byreal,Meteora DLMM + Flux,346.689,436668.0
2026-09-14T18:27:02+00:00,GOOGLx,GOOGL,True,1000,2.86684484,996.0609,39.39,0.3625,0.0316,Byreal,Meteora DLMM + HumidiFi,346.689,436668.0
2026-09-14T18:43:04+00:00,AAPLx,AAPL,True,100,0.29761116,99.7858,21.42,0.1985,0.0155,Byreal,Raydium CLMM,334.2209,821463.0
2026-09-14T18:43:04+00:00,AAPLx,AAPL,True,1000,2.97533305,996.613,33.87,0.2633,0.0756,Byreal,Whirlpool + HumidiFi,334.2209,821463.0
2026-09-14T18:43:04+00:00,AAPLx,AAPL,True,10000,29.73058795,9944.4591,55.54,0.3395,0.2166,Byreal + Raydium CLMM,Whirlpool + HumidiFi + Byreal + Raydium CLMM,334.2209,821463.0
2026-09-14T18:43:04+00:00,TSLAx,TSLA,True,100,0.2770019,99.9525,4.75,0.0613,0.0,Whirlpool,Byreal,360.7574,1241777.0
2026-09-14T18:43:04+00:00,TSLAx,TSLA,True,1000,2.76930198,999.0005,10.0,0.0872,0.0128,Riptide,Riptide,360.7574,1241777.0
2026-09-14T18:43:04+00:00,TSLAx,TSLA,True,10000,27.6925484,9990.0473,9.95,0.0889,0.0107,Whirlpool + Riptide,Riptide + Raydium CLMM + Byreal,360.7574,1241777.0
2026-09-14T18:43:04+00:00,NVDAx,NVDA,True,100,0.46965302,99.9572,4.28,0.0038,0.039,Raydium CLMM,Whirlpool,212.5359,1716838.0
2026-09-14T18:43:04+00:00,NVDAx,NVDA,True,1000,4.69624723,999.1102,8.9,0.0037,0.0853,Riptide,Whirlpool,212.5359,1716838.0
2026-09-14T18:43:04+00:00,NVDAx,NVDA,True,10000,46.96247235,9989.8312,10.17,0.0037,0.098,Riptide,Whirlpool + Riptide + Quantum,212.5359,1716838.0
2026-09-14T18:43:04+00:00,SPYx,SPY,True,100,0.13031075,99.9963,0.37,0.0,0.0301,Raydium CLMM,Whirlpool,761.6472,4155355.0
2026-09-14T18:43:04+00:00,SPYx,SPY,True,1000,1.30298057,999.6846,3.15,0.0,0.0482,Raydium CLMM,Riptide + Whirlpool + Byreal,761.6472,4155355.0
2026-09-14T18:43:04+00:00,SPYx,SPY,True,10000,13.02783254,9995.0719,4.93,0.0,0.0508,AlphaQ + Raydium CLMM,Riptide + Whirlpool + Byreal,761.6472,4155355.0
2026-09-14T18:43:04+00:00,MSTRx,MSTR,True,100,0.73397329,99.9004,9.96,0.184,0.0,Riptide,Riptide,135.9829,853890.0
2026-09-14T18:43:04+00:00,MSTRx,MSTR,True,1000,7.33970599,999.1476,8.52,0.1844,0.0,Riptide,Riptide,135.9829,853890.0
2026-09-14T18:43:04+00:00,MSTRx,MSTR,True,10000,73.36263793,9986.5444,13.46,0.2312,0.0,Riptide + Raydium CLMM + Byreal,Riptide,135.9829,853890.0
2026-09-14T18:43:04+00:00,METAx,META,True,100,0.14938744,99.662,33.8,0.3861,0.0,Whirlpool,Meteora DLMM + Quantum,665.1994,249770.0
2026-09-14T18:43:04+00:00,METAx,META,True,1000,1.491455,994.0415,59.58,0.5474,0.0487,Raydium CLMM,Raydium CLMM,665.1994,249770.0
2026-09-14T18:43:04+00:00,METAx,META,True,10000,14.8673202,9873.2374,126.76,0.3648,0.9066,Whirlpool + Byreal + Raydium CLMM,Byreal + Raydium CLMM,665.1994,249770.0
2026-09-14T18:43:04+00:00,GOOGLx,GOOGL,True,100,0.28673594,99.7309,26.91,0.3685,0.0,Byreal,Whirlpool,346.5983,440127.0
2026-09-14T18:43:04+00:00,GOOGLx,GOOGL,True,1000,2.86643779,995.8419,41.58,0.4005,0.0154,Byreal,Meteora DLMM + Quantum,346.5983,440127.0
2026-09-14T18:43:04+00:00,GOOGLx,GOOGL,True,10000,28.62333644,9934.3614,65.64,0.5431,0.1139,Raydium CLMM + Byreal + BisonFi + Meteora DLMM,Raydium CLMM + Meteora DLMM + BisonFi + Byreal,346.5983,440127.0
2026-09-14T18:43:04+00:00,AMZNx,AMZN,True,100,0.39063529,99.724,27.6,0.4416,0.0,Quay + BisonFi + Meteora DLMM,Byreal,254.8293,234767.0
2026-09-14T18:43:04+00:00,AMZNx,AMZN,True,1000,3.9027946,995.9399,40.6,0.5323,0.0,Raydium CLMM,Byreal,254.8293,234767.0
2026-09-14T18:43:04+00:00,AMZNx,AMZN,True,10000,38.95718363,9919.5741,80.43,0.7126,0.0923,HumidiFi + Meteora DLMM + Raydium CLMM + Byreal,Meteora DLMM + BisonFi + Raydium CLMM + Byreal,254.8293,234767.0
2026-09-14T18:59:43+00:00,AAPLx,AAPL,True,100,0.29812946,99.9318,6.82,0.0389,0.0293,Raydium CLMM,Whirlpool + Flux,334.169,821539.0
2026-09-14T18:59:43+00:00,AAPLx,AAPL,True,1000,2.97727165,997.2366,27.63,0.1738,0.1027,Raydium CLMM,Whirlpool + HumidiFi,334.169,821539.0
2026-09-14T18:59:43+00:00,AAPLx,AAPL,True,10000,29.73026198,9944.731,55.27,0.3161,0.2373,Byreal + Raydium CLMM,Whirlpool + HumidiFi + Byreal + Raydium CLMM,334.169,821539.0
2026-09-14T18:59:43+00:00,TSLAx,TSLA,True,100,0.27696294,99.902,9.8,0.0341,0.0639,Riptide,Byreal,360.9006,1241447.0
2026-09-14T18:59:43+00:00,TSLAx,TSLA,True,1000,2.76963328,999.0005,10.0,0.034,0.066,Riptide,Riptide,360.9006,1241447.0
2026-09-14T18:59:43+00:00,TSLAx,TSLA,True,10000,27.69633287,9989.9933,10.01,0.034,0.0661,Riptide,Byreal + Riptide,360.9006,1241447.0
2026-09-14T18:59:43+00:00,NVDAx,NVDA,True,100,0.46973248,99.9917,0.83,0.0,0.0256,Whirlpool,Riptide,212.5415,1724455.0
2026-09-14T18:59:43+00:00,NVDAx,NVDA,True,1000,4.69613689,999.6639,3.36,0.008,0.0256,Whirlpool,Riptide,212.5415,1724455.0
2026-09-14T18:59:43+00:00,NVDAx,NVDA,True,10000,46.93760751,9991.4988,8.5,0.0586,0.0265,Whirlpool + Riptide + Raydium CLMM,Riptide + Whirlpool,212.5415,1724455.0
2026-09-14T18:59:43+00:00,SPYx,SPY,True,100,0.13037821,99.9816,1.84,0.1177,0.0,Whirlpool,Byreal,761.669,4197891.0
2026-09-14T18:59:43+00:00,SPYx,SPY,True,1000,1.30372379,999.7533,2.47,0.1221,0.0,Raydium CLMM,Raydium CLMM,761.669,4197891.0
2026-09-14T18:59:43+00:00,SPYx,SPY,True,10000,13.03426216,9994.7938,5.21,0.1449,0.0,Raydium CLMM + Riptide + Byreal,Riptide + Raydium CLMM,761.669,4197891.0
2026-09-14T18:59:43+00:00,MSTRx,MSTR,True,100,0.73308082,99.904,9.6,0.0,0.2147,Riptide,Riptide,136.5595,858252.0
2026-09-14T18:59:43+00:00,MSTRx,MSTR,True,1000,7.33051807,999.0005,10.0,0.0,0.2147,Riptide,Riptide,136.5595,858252.0
2026-09-14T18:59:43+00:00,MSTRx,MSTR,True,10000,73.28648081,9985.1718,14.83,0.0,0.2386,Riptide,Riptide,136.5595,858252.0
2026-09-14T18:59:43+00:00,METAx,META,True,100,0.14933992,99.5919,40.81,0.0429,0.3654,Whirlpool,Whirlpool,667.7192,251924.0
2026-09-14T18:59:43+00:00,METAx,META,True,1000,1.49195201,994.3114,56.89,0.1397,0.4297,Raydium CLMM,Raydium CLMM,667.7192,251924.0
2026-09-14T18:59:43+00:00,METAx,META,True,10000,14.8777355,9887.3281,112.67,0.4194,0.7103,Byreal + Whirlpool + Raydium CLMM,Raydium CLMM + Byreal,667.7192,251924.0
2026-09-14T18:59:43+00:00,GOOGLx,GOOGL,True,100,0.28730632,99.7601,23.99,0.0039,0.236,Raydium CLMM,Byreal,347.1839,423758.0
2026-09-14T18:59:43+00:00,GOOGLx,GOOGL,True,1000,2.87243232,997.0617,29.38,0.0259,0.268,Raydium CLMM,Byreal,347.1839,423758.0
2026-09-14T18:59:43+00:00,GOOGLx,GOOGL,True,10000,28.68071069,9937.9445,62.06,0.1777,0.4437,BisonFi + Meteora DLMM + Byreal + Raydium CLMM,Byreal + Meteora DLMM + HumidiFi + Raydium CLMM,347.1839,423758.0
2026-09-14T18:59:43+00:00,AMZNx,AMZN,True,100,0.39270293,99.5909,40.91,0.4756,0.0,Byreal,Byreal,253.6213,221466.0
2026-09-14T18:59:43+00:00,AMZNx,AMZN,True,1000,3.92542503,995.0786,49.21,0.5163,0.0,Raydium CLMM,Byreal,253.6213,221466.0
2026-09-14T18:59:43+00:00,AMZNx,AMZN,True,10000,39.19726358,9918.197,81.8,0.6607,0.1584,Raydium CLMM + HumidiFi + Meteora DLMM + Byreal,Meteora DLMM + HumidiFi + Raydium CLMM + Byreal,253.6213,221466.0
2026-09-14T19:15:20+00:00,AAPLx,AAPL,True,100,0.29749216,99.7702,22.98,0.0463,0.1836,Raydium CLMM,Raydium CLMM,334.8674,821396.0
2026-09-14T19:15:20+00:00,AAPLx,AAPL,True,1000,2.97395558,996.0354,39.65,0.0788,0.3179,Raydium CLMM,Raydium CLMM,334.8674,821396.0
2026-09-14T19:15:20+00:00,AAPLx,AAPL,True,10000,29.72399927,9942.2842,57.72,0.1311,0.2775,Raydium CLMM + Byreal,Byreal + Raydium CLMM,334.8674,821396.0
2026-09-14T19:15:20+00:00,TSLAx,TSLA,True,100,0.27775381,99.9163,8.37,0.0505,0.0332,Whirlpool,Raydium CLMM,359.8219,1231882.0
2026-09-14T19:15:20+00:00,TSLAx,TSLA,True,1000,2.77708745,999.0005,10.0,0.0667,0.0332,Riptide,Riptide,359.8219,1231882.0
2026-09-14T19:15:20+00:00,TSLAx,TSLA,True,10000,27.76939296,9990.0128,9.99,0.0721,0.0278,Riptide + Whirlpool,Raydium CLMM + Riptide,359.8219,1231882.0
2026-09-14T19:15:20+00:00,NVDAx,NVDA,True,100,0.47010593,99.9628,3.72,0.1371,0.0,Riptide,Whirlpool + TesseraV,212.0495,1722344.0
2026-09-14T19:15:20+00:00,NVDAx,NVDA,True,1000,4.70135596,999.3133,6.87,0.1308,0.0,Riptide,Whirlpool,212.0495,1722344.0
2026-09-14T19:15:20+00:00,NVDAx,NVDA,True,10000,47.01355969,9990.6407,9.36,0.1308,0.0,Riptide,Riptide + Whirlpool,212.0495,1722344.0
2026-09-14T19:15:20+00:00,SPYx,SPY,True,100,0.13040882,99.9895,1.05,0.0806,0.0,Raydium CLMM,Whirlpool,761.7896,4425091.0
2026-09-14T19:15:20+00:00,SPYx,SPY,True,1000,1.30404073,999.7888,2.11,0.0039,0.0172,Raydium CLMM,Riptide,761.7896,4425091.0
2026-09-14T19:15:20+00:00,SPYx,SPY,True,10000,13.03709493,9995.3538,4.65,0.1097,0.0,Riptide + Raydium CLMM + Byreal,Whirlpool + Riptide,761.7896,4425091.0
2026-09-14T19:15:20+00:00,MSTRx,MSTR,True,100,0.73286054,99.9,10.0,0.1185,0.0,Riptide,Riptide,136.2796,856248.0
2026-09-14T19:15:20+00:00,MSTRx,MSTR,True,1000,7.32860541,999.1042,8.96,0.1185,0.0,Riptide,Riptide,136.2796,856248.0
2026-09-14T19:15:20+00:00,MSTRx,MSTR,True,10000,73.26037893,9985.2337,14.77,0.1535,0.0,HumidiFi + Raydium CLMM + Riptide,Riptide,136.2796,856248.0
2026-09-14T19:15:20+00:00,METAx,META,True,100,0.14948197,99.6476,35.24,0.0,0.5187,Whirlpool,Raydium CLMM,668.2172,248322.0
2026-09-14T19:15:20+00:00,METAx,META,True,1000,1.49202362,994.4353,55.65,0.5299,0.5291,Raydium CLMM,Raydium CLMM,668.2172,248322.0
2026-09-14T19:15:20+00:00,METAx,META,True,10000,14.88174131,9896.3429,103.66,0.2987,0.7607,Raydium CLMM + Byreal + Whirlpool,Raydium CLMM + Byreal + Whirlpool,668.2172,248322.0
2026-09-14T19:15:20+00:00,GOOGLx,GOOGL,True,100,0.28720982,99.6594,34.06,0.0,0.3414,Whirlpool,Byreal,347.3281,425369.0
2026-09-14T19:15:20+00:00,GOOGLx,GOOGL,True,1000,2.87130388,995.9981,40.02,0.0269,0.3734,Raydium CLMM,Byreal,347.3281,425369.0
2026-09-14T19:15:20+00:00,GOOGLx,GOOGL,True,10000,28.67746029,9933.8795,66.12,0.1508,0.5112,Byreal + Raydium CLMM + BisonFi + Meteora DLMM,Meteora DLMM + GoonFi V2 + Whirlpool + Byreal,347.3281,425369.0
2026-09-14T19:15:20+00:00,AMZNx,AMZN,True,100,0.39382841,99.6022,39.78,0.4563,0.0,Quantum + Meteora DLMM,Byreal,252.7399,210818.0
2026-09-14T19:15:20+00:00,AMZNx,AMZN,True,1000,3.93639549,995.1692,48.31,0.504,0.0,Byreal,Byreal,252.7399,210818.0
2026-09-14T19:15:20+00:00,AMZNx,AMZN,True,10000,39.30033097,9918.5653,81.43,0.6649,0.1505,Raydium CLMM + HumidiFi + Meteora DLMM + Byreal,Meteora DLMM + BisonFi + Byreal + Raydium CLMM,252.7399,210818.0
2026-09-14T19:31:00+00:00,AAPLx,AAPL,True,100,0.29766232,99.7702,22.98,0.0158,0.2141,Raydium CLMM,Raydium CLMM,334.7647,824150.0
2026-09-14T19:31:00+00:00,AAPLx,AAPL,True,1000,2.9737754,995.7632,42.37,0.1114,0.3126,Raydium CLMM,Byreal,334.7647,824150.0
2026-09-14T19:31:00+00:00,AAPLx,AAPL,True,10000,29.72224242,9942.3167,57.68,0.1635,0.414,Raydium CLMM + Byreal,Raydium CLMM + Byreal,334.7647,824150.0
2026-09-14T19:31:00+00:00,TSLAx,TSLA,True,100,0.27742158,99.9332,6.68,0.0,0.0896,Whirlpool,Riptide,360.5015,1230166.0
2026-09-14T19:31:00+00:00,TSLAx,TSLA,True,1000,2.77329464,999.1407,8.59,0.0103,0.0763,Riptide,Riptide,360.5015,1230166.0
2026-09-14T19:31:00+00:00,TSLAx,TSLA,True,10000,27.72941507,9990.0857,9.91,0.0224,0.0768,Riptide + Raydium CLMM + Whirlpool,Riptide,360.5015,1230166.0
2026-09-14T19:31:00+00:00,NVDAx,NVDA,True,100,0.47029307,99.9494,5.06,0.0,0.1209,Whirlpool,Whirlpool,212.1667,1716916.0
2026-09-14T19:31:00+00:00,NVDAx,NVDA,True,1000,4.70215748,999.0736,9.26,0.0,0.1464,Riptide,Riptide + Whirlpool,212.1667,1716916.0
2026-09-14T19:31:00+00:00,NVDAx,NVDA,True,10000,47.02388078,9990.1162,9.88,0.0,0.1575,Riptide + Whirlpool,Whirlpool + Riptide,212.1667,1716916.0
2026-09-14T19:31:00+00:00,SPYx,SPY,True,100,0.13045907,99.9863,1.37,0.0,0.0136,Byreal,Scorch + GoonFi V2 + BisonFi,763.2709,4352918.0
2026-09-14T19:31:00+00:00,SPYx,SPY,True,1000,1.30450222,999.7697,2.3,0.0069,0.0162,Byreal,Riptide,763.2709,4352918.0
2026-09-14T19:31:00+00:00,SPYx,SPY,True,10000,13.04219038,9995.5723,4.43,0.0286,0.0157,Whirlpool + Byreal + Raydium CLMM,Raydium CLMM + Riptide + Scorch,763.2709,4352918.0
2026-09-14T19:31:00+00:00,MSTRx,MSTR,True,100,0.7298784,99.9,10.0,0.0316,0.0684,Riptide,Riptide,136.9495,866683.0
2026-09-14T19:31:00+00:00,MSTRx,MSTR,True,1000,7.2986882,999.0005,10.0,0.0329,0.0671,Riptide,Riptide,136.9495,866683.0
2026-09-14T19:31:00+00:00,MSTRx,MSTR,True,10000,72.97410727,9984.8707,15.13,0.0504,0.101,ZeroFi + Raydium CLMM + Riptide,Byreal + Riptide,136.9495,866683.0
2026-09-14T19:31:00+00:00,METAx,META,True,100,0.14965641,99.6249,37.51,0.4384,0.0,Byreal,Whirlpool,663.6632,249879.0
2026-09-14T19:31:00+00:00,METAx,META,True,1000,1.4955613,994.6997,53.0,0.0157,0.5144,Raydium CLMM,Raydium CLMM,663.6632,249879.0
2026-09-14T19:31:00+00:00,METAx,META,True,10000,14.94286743,9913.035,86.97,0.1009,0.2373,Whirlpool + Byreal + Raydium CLMM,Raydium CLMM + Byreal,663.6632,249879.0
2026-09-14T19:31:00+00:00,GOOGLx,GOOGL,True,100,0.28643924,99.6427,35.73,0.3256,0.0318,Raydium CLMM,Whirlpool,347.1107,436178.0
2026-09-14T19:31:00+00:00,GOOGLx,GOOGL,True,1000,2.86374448,995.3995,46.01,0.3481,0.1123,Raydium CLMM,Byreal,347.1107,436178.0
2026-09-14T19:31:00+00:00,GOOGLx,GOOGL,True,10000,28.61223986,9933.7767,66.22,0.4358,0.2274,Byreal + Raydium CLMM + HumidiFi + Meteora DLMM,Byreal + Meteora DLMM + BisonFi + Raydium CLMM,347.1107,436178.0
2026-09-14T19:31:00+00:00,AMZNx,AMZN,True,100,0.39375302,99.592,40.8,0.4026,0.0054,Byreal,Byreal,252.9136,210698.0
2026-09-14T19:31:00+00:00,AMZNx,AMZN,True,1000,3.93604311,995.1693,48.31,0.4402,0.0431,Byreal,Byreal,252.9136,210698.0
2026-09-14T19:31:00+00:00,AMZNx,AMZN,True,10000,39.30185553,9918.8772,81.12,0.5884,0.2242,Byreal + BisonFi + Meteora DLMM + Raydium CLMM,Meteora DLMM + HumidiFi + Raydium CLMM + Byreal,252.9136,210698.0
2026-09-14T19:46:39+00:00,AAPLx,AAPL,True,100,0.29770953,99.7702,22.98,0.0195,0.2104,Raydium CLMM,Raydium CLMM,334.6938,822451.0
2026-09-14T19:46:39+00:00,AAPLx,AAPL,True,1000,2.9745816,995.5178,44.82,0.1039,0.3447,Byreal,Raydium CLMM,334.6938,822451.0
2026-09-14T19:46:39+00:00,AAPLx,AAPL,True,10000,29.72644111,9941.7658,58.23,0.169,0.4141,Byreal + Raydium CLMM,Raydium CLMM + Byreal,334.6938,822451.0
2026-09-14T19:46:39+00:00,TSLAx,TSLA,True,100,0.27741761,99.9406,5.94,0.1247,0.1352,Riptide,Whirlpool,359.9702,1226893.0
2026-09-14T19:46:39+00:00,TSLAx,TSLA,True,1000,2.77417619,999.0411,9.59,0.0,0.1719,Riptide,Riptide + Whirlpool,359.9702,1226893.0
2026-09-14T19:46:39+00:00,TSLAx,TSLA,True,10000,27.74176962,9989.5416,10.46,0.0,0.1838,Riptide,Raydium CLMM + Riptide,359.9702,1226893.0
2026-09-14T19:46:39+00:00,NVDAx,NVDA,True,100,0.47045893,99.9604,3.96,0.2517,0.0,Riptide,Whirlpool,212.1676,1710051.0
2026-09-14T19:46:39+00:00,NVDAx,NVDA,True,1000,4.70462708,999.1786,8.21,0.2509,0.0,Riptide,Whirlpool,212.1676,1710051.0
2026-09-14T19:46:39+00:00,NVDAx,NVDA,True,10000,47.04627083,9990.2333,9.77,0.2509,0.0,Riptide,Riptide + Whirlpool,212.1676,1710051.0
2026-09-14T19:46:39+00:00,SPYx,SPY,True,100,0.13046527,99.9829,1.71,0.0194,0.0,Raydium CLMM,Byreal,761.8837,4616918.0
2026-09-14T19:46:39+00:00,SPYx,SPY,True,1000,1.30460545,999.7251,2.75,0.023,0.0045,Raydium CLMM,Byreal,761.8837,4616918.0
2026-09-14T19:46:39+00:00,SPYx,SPY,True,10000,13.0435899,9995.1455,4.85,0.0419,0.0067,Raydium CLMM + Byreal + Riptide,Raydium CLMM + Byreal + Riptide,761.8837,4616918.0
2026-09-14T19:46:39+00:00,MSTRx,MSTR,True,100,0.73037072,99.9129,8.71,0.0499,0.0372,Riptide,Riptide,136.8303,861211.0
2026-09-14T19:46:39+00:00,MSTRx,MSTR,True,1000,7.30477386,999.3514,6.49,0.0353,0.0296,Riptide,Riptide,136.8303,861211.0
2026-09-14T19:46:39+00:00,MSTRx,MSTR,True,10000,73.00797688,9984.6903,15.31,0.0897,0.0634,Riptide + ZeroFi + Raydium CLMM,Riptide,136.8303,861211.0
2026-09-14T19:46:39+00:00,METAx,META,True,100,0.14957094,99.6662,33.38,0.0066,0.3273,Raydium CLMM,Meteora DLMM + Quantum,666.9138,246333.0
2026-09-14T19:46:39+00:00,METAx,META,True,1000,1.49549206,994.6853,53.15,0.0211,0.5105,Raydium CLMM,Raydium CLMM,666.9138,246333.0
2026-09-14T19:46:39+00:00,METAx,META,True,10000,14.93584315,9917.9859,82.01,0.1509,0.6702,Whirlpool + Byreal + Raydium CLMM,Whirlpool + Byreal + Raydium CLMM,666.9138,246333.0
2026-09-14T19:46:39+00:00,GOOGLx,GOOGL,True,100,0.28607953,99.6919,30.81,0.0,0.3105,Byreal,Meteora DLMM + Flux,348.6941,440680.0
2026-09-14T19:46:39+00:00,GOOGLx,GOOGL,True,1000,2.85985803,995.2808,47.19,0.0304,0.4416,Byreal,Byreal,348.6941,440680.0
2026-09-14T19:46:39+00:00,GOOGLx,GOOGL,True,10000,28.57389469,9933.5474,66.45,0.1167,0.5485,BisonFi + Meteora DLMM + Raydium CLMM + Byreal,Raydium CLMM + Byreal + Meteora DLMM + Quantum,348.6941,440680.0
2026-09-14T19:46:39+00:00,AMZNx,AMZN,True,100,0.39377642,99.8009,19.91,0.1316,0.0676,Byreal,Meteora DLMM + Flux,253.5891,211305.0
2026-09-14T19:46:39+00:00,AMZNx,AMZN,True,1000,3.936277,995.2861,47.14,0.1694,0.3025,Byreal,Meteora DLMM + Quantum + Quay,253.5891,211305.0
2026-09-14T19:46:39+00:00,AMZNx,AMZN,True,10000,39.29985023,9920.2239,79.78,0.3289,0.4704,Raydium CLMM + HumidiFi + Meteora DLMM + Byreal,Raydium CLMM + Meteora DLMM + Quantum + Byreal,253.5891,211305.0
2026-09-14T20:02:16+00:00,AAPLx,AAPL,False,100,0.2983906,99.7822,21.78,0.0181,0.1997,Raydium CLMM,Meteora DLMM + HumidiFi,333.9295,810385.0
2026-09-14T20:02:16+00:00,AAPLx,AAPL,False,1000,2.98061182,996.1202,38.8,0.1285,0.2598,Byreal,Raydium CLMM,333.9295,810385.0
2026-09-14T20:02:16+00:00,AAPLx,AAPL,False,10000,29.77059347,9942.5729,57.43,0.2475,0.3276,Raydium CLMM + Byreal,Raydium CLMM + Byreal,333.9295,810385.0
2026-09-14T20:02:16+00:00,TSLAx,TSLA,False,100,0.27876624,99.995,0.5,0.0,0.0049,Riptide,Raydium CLMM + HumidiFi,358.6706,1207964.0
2026-09-14T20:02:16+00:00,TSLAx,TSLA,False,1000,2.78766404,999.4831,5.17,0.0,0.0517,Riptide,Raydium CLMM,358.6706,1207964.0
2026-09-14T20:02:16+00:00,TSLAx,TSLA,False,10000,27.87650104,9991.0474,8.95,0.0005,0.089,Riptide,Raydium CLMM + TesseraV + Riptide,358.6706,1207964.0
2026-09-14T20:02:16+00:00,NVDAx,NVDA,False,100,0.4732702,99.9749,2.51,0.0,0.076,Riptide,Raydium CLMM + PancakeSwap + GoonFi V2,210.9773,1687689.0
2026-09-14T20:02:16+00:00,NVDAx,NVDA,False,1000,4.73270201,999.5839,4.16,0.0,0.0925,Riptide,Raydium CLMM + Byreal,210.9773,1687689.0
2026-09-14T20:02:16+00:00,NVDAx,NVDA,False,10000,47.32617148,9990.7262,9.27,0.0,0.1418,Riptide,Byreal + Riptide + Raydium CLMM,210.9773,1687689.0
2026-09-14T20:02:16+00:00,SPYx,SPY,False,100,0.13057172,99.9871,1.29,0.0559,0.0,Byreal,Whirlpool,761.3195,4548052.0
2026-09-14T20:02:16+00:00,SPYx,SPY,False,1000,1.30567139,999.8226,1.77,0.0161,0.0016,Raydium CLMM,Raydium CLMM,761.3195,4548052.0
2026-09-14T20:02:16+00:00,SPYx,SPY,False,10000,13.05686746,9997.4094,2.59,0.015,0.0239,Riptide + Raydium CLMM + Byreal,Byreal + Raydium CLMM,761.3195,4548052.0
2026-09-14T20:02:16+00:00,MSTRx,MSTR,False,100,0.73237378,99.9486,5.14,0.0491,0.0023,Riptide,Raydium CLMM + Flux + GoonFi V2,136.4551,863988.0
2026-09-14T20:02:16+00:00,MSTRx,MSTR,False,1000,7.32362523,999.3044,6.96,0.0507,0.0189,Riptide,Raydium CLMM + Meteora DLMM + GoonFi V2,136.4551,863988.0
2026-09-14T20:02:16+00:00,MSTRx,MSTR,False,10000,73.21624788,9986.0621,13.94,0.078,0.0614,Riptide,Raydium CLMM + TesseraV + Riptide,136.4551,863988.0
2026-09-14T20:02:16+00:00,METAx,META,False,100,0.1494369,99.6206,37.94,0.0546,0.325,Byreal,Whirlpool,667.1818,249022.0
2026-09-14T20:02:16+00:00,METAx,META,False,1000,1.49404086,994.7057,52.94,0.0765,0.4533,Raydium CLMM,Raydium CLMM,667.1818,249022.0
2026-09-14T20:02:16+00:00,METAx,META,False,10000,14.9225062,9922.9163,77.08,0.1962,0.5757,Whirlpool + Raydium CLMM + Byreal,Raydium CLMM + Byreal,667.1818,249022.0
2026-09-14T20:02:16+00:00,GOOGLx,GOOGL,False,100,0.28588997,99.6161,38.39,0.3475,0.0366,Byreal,Whirlpool,347.6847,446112.0
2026-09-14T20:02:16+00:00,GOOGLx,GOOGL,False,1000,2.85807414,995.5734,44.27,0.3763,0.0666,Raydium CLMM,Meteora DLMM + Quantum,347.6847,446112.0
2026-09-14T20:02:16+00:00,GOOGLx,GOOGL,False,10000,28.5498439,9933.3593,66.64,0.484,0.1833,Raydium CLMM + Byreal + Raydium + Meteora DLMM,Whirlpool + Meteora DLMM + TesseraV + Byreal,347.6847,446112.0
2026-09-14T20:02:16+00:00,AMZNx,AMZN,False,100,0.39377072,99.6691,33.09,0.2115,0.1196,Byreal,Meteora DLMM + HumidiFi,253.3803,211243.0
2026-09-14T20:02:16+00:00,AMZNx,AMZN,False,1000,3.93622001,995.1692,48.31,0.2492,0.2344,Byreal,Byreal,253.3803,211243.0
2026-09-14T20:02:16+00:00,AMZNx,AMZN,False,10000,39.30004044,9919.9209,80.08,0.4068,0.3956,Byreal + HumidiFi + Meteora DLMM + Raydium CLMM,Raydium CLMM + Meteora DLMM + BisonFi + Byreal,253.3803,211243.0
2026-09-14T20:17:59+00:00,AAPLx,AAPL,False,100,0.29857758,99.7701,22.99,0.234,0.0,Raydium CLMM,Raydium CLMM,333.0079,802344.0
2026-09-14T20:17:59+00:00,AAPLx,AAPL,False,1000,2.98181243,996.2376,37.62,0.3665,0.0098,Byreal,Raydium CLMM,333.0079,802344.0
2026-09-14T20:17:59+00:00,AAPLx,AAPL,False,10000,29.78169105,9943.2649,56.74,0.4882,0.0794,Raydium CLMM + Byreal,Raydium CLMM + Byreal,333.0079,802344.0
2026-09-14T20:17:59+00:00,TSLAx,TSLA,False,100,0.27835736,100.0027,-0.27,0.1833,0.0,Riptide,Raydium CLMM + BisonFi + Quay,358.5485,1200829.0
2026-09-14T20:17:59+00:00,TSLAx,TSLA,False,1000,2.78357361,999.0025,9.98,0.1833,0.0,Riptide,Riptide,358.5485,1200829.0
2026-09-14T20:17:59+00:00,TSLAx,TSLA,False,10000,27.83568046,9990.1786,9.82,0.1835,0.0,Riptide,Riptide + Raydium CLMM + Whirlpool + HumidiFi,358.5485,1200829.0
2026-09-14T20:17:59+00:00,NVDAx,NVDA,False,100,0.47276084,99.9562,4.38,0.0848,0.0,Whirlpool,Riptide,211.0449,1685893.0
2026-09-14T20:17:59+00:00,NVDAx,NVDA,False,1000,4.72495479,999.0005,10.0,0.1,0.0,Riptide,Riptide,211.0449,1685893.0
2026-09-14T20:17:59+00:00,NVDAx,NVDA,False,10000,47.24989009,9989.958,10.04,0.0992,0.0002,Whirlpool + Riptide,Riptide,211.0449,1685893.0
2026-09-14T20:17:59+00:00,SPYx,SPY,False,100,0.13056,100.0152,-1.52,0.0011,0.0,HumidiFi + Scorch,Byreal,761.4238,4629677.0
2026-09-14T20:17:59+00:00,SPYx,SPY,False,1000,1.30533845,999.8839,1.16,0.0211,0.0,Raydium CLMM,Byreal,761.4238,4629677.0
2026-09-14T20:17:59+00:00,SPYx,SPY,False,10000,13.05138059,9995.2506,4.75,0.0365,0.011,Raydium CLMM + Whirlpool + Riptide,Byreal + Riptide + AlphaQ,761.4238,4629677.0
2026-09-14T20:17:59+00:00,MSTRx,MSTR,False,100,0.72644244,99.9097,9.03,0.0093,0.081,Raydium CLMM,Riptide,137.6276,865957.0
2026-09-14T20:17:59+00:00,MSTRx,MSTR,False,1000,7.26544799,998.8665,11.33,0.0,0.1181,Riptide,Riptide,137.6276,865957.0
2026-09-14T20:17:59+00:00,MSTRx,MSTR,False,10000,72.64865276,9983.8476,16.15,0.0032,0.1583,Raydium CLMM + Riptide,Raydium CLMM + Whirlpool + Riptide,137.6276,865957.0
2026-09-14T20:17:59+00:00,METAx,META,False,100,0.14965654,99.7229,27.71,0.0472,0.23,Whirlpool,Meteora DLMM + BisonFi,666.2691,242584.0
2026-09-14T20:17:59+00:00,METAx,META,False,1000,1.49501888,994.5558,54.44,0.1505,0.3945,Raydium CLMM,Raydium CLMM,666.2691,242584.0
2026-09-14T20:17:59+00:00,METAx,META,False,10000,14.92645035,9904.6001,95.4,0.309,0.647,Raydium CLMM + Whirlpool + Byreal,Raydium CLMM + Byreal,666.2691,242584.0
2026-09-14T20:17:59+00:00,GOOGLx,GOOGL,False,100,0.28585344,99.7684,23.16,0.4392,0.0,Raydium CLMM,Meteora DLMM + Quantum,347.4249,434882.0
2026-09-14T20:17:59+00:00,GOOGLx,GOOGL,False,1000,2.85784114,997.2141,27.86,0.4634,0.0,Raydium CLMM,Meteora DLMM + Kipseli,347.4249,434882.0
2026-09-14T20:17:59+00:00,GOOGLx,GOOGL,False,10000,28.54097013,9935.0887,64.91,0.5938,0.0557,Byreal + Raydium CLMM + Whirlpool,Byreal + Meteora DLMM + BisonFi + GoonFi V2,347.4249,434882.0
2026-09-14T20:17:59+00:00,AMZNx,AMZN,False,100,0.39363416,99.795,20.5,0.5336,0.0,Raydium CLMM,Raydium CLMM + Whirlpool + GoonFi V2,252.6568,210390.0
2026-09-14T20:17:59+00:00,AMZNx,AMZN,False,1000,3.93505252,995.2761,47.24,0.5662,0.0,Raydium CLMM,Byreal,252.6568,210390.0
2026-09-14T20:17:59+00:00,AMZNx,AMZN,False,10000,39.28568718,9917.6582,82.34,0.73,0.0941,Byreal + Raydium CLMM,Raydium CLMM + HumidiFi + Byreal,252.6568,210390.0
2026-09-14T20:33:43+00:00,AAPLx,AAPL,False,100,0.29875473,99.7846,21.54,0.2145,0.0009,Raydium CLMM,Raydium CLMM,332.881,798358.0
2026-09-14T20:33:43+00:00,AAPLx,AAPL,False,1000,2.98351165,996.4198,35.8,0.3493,0.0088,Raydium CLMM,Raydium CLMM,332.881,798358.0
2026-09-14T20:33:43+00:00,AAPLx,AAPL,False,10000,29.79188882,9943.0978,56.9,0.4937,0.0757,Raydium CLMM + Byreal,Byreal + Raydium CLMM,332.881,798358.0
2026-09-14T20:33:43+00:00,TSLAx,TSLA,False,100,0.27822807,99.9187,8.13,0.0,0.097,Riptide,Whirlpool,359.4356,1200986.0
2026-09-14T20:33:43+00:00,TSLAx,TSLA,False,1000,2.78228077,999.0238,9.76,0.0,0.1133,Riptide,Whirlpool + Riptide,359.4356,1200986.0
2026-09-14T20:33:43+00:00,TSLAx,TSLA,False,10000,27.8228077,9989.4281,10.57,0.0,0.1214,Riptide,Riptide + Whirlpool,359.4356,1200986.0
2026-09-14T20:33:43+00:00,NVDAx,NVDA,False,100,0.47188716,99.9785,2.15,0.0,0.0303,Whirlpool,Riptide,211.487,1683322.0
2026-09-14T20:33:43+00:00,NVDAx,NVDA,False,1000,4.71748207,999.4924,5.08,0.0206,0.0301,Byreal,Riptide,211.487,1683322.0
2026-09-14T20:33:43+00:00,NVDAx,NVDA,False,10000,47.15662452,9991.0686,8.93,0.0592,0.0301,Raydium CLMM + Riptide + Byreal,Riptide,211.487,1683322.0
2026-09-14T20:33:43+00:00,SPYx,SPY,False,100,0.1305212,99.9825,1.75,0.0183,0.0,Byreal,Byreal,761.5848,4684513.0
2026-09-14T20:33:43+00:00,SPYx,SPY,False,1000,1.30515659,999.755,2.45,0.0226,0.0019,Raydium CLMM,Riptide,761.5848,4684513.0
2026-09-14T20:33:43+00:00,SPYx,SPY,False,10000,13.04966394,9996.1008,3.9,0.0371,0.0019,Byreal + Raydium CLMM + Whirlpool,Riptide + Byreal + Raydium CLMM,761.5848,4684513.0
2026-09-14T20:33:43+00:00,MSTRx,MSTR,False,100,0.72813307,99.9,10.0,0.1458,0.0,Riptide,Riptide,137.1227,865138.0
2026-09-14T20:33:43+00:00,MSTRx,MSTR,False,1000,7.28036087,999.1663,8.34,0.1591,0.0,Riptide,Riptide,137.1227,865138.0
2026-09-14T20:33:43+00:00,MSTRx,MSTR,False,10000,72.76655763,9985.4954,14.5,0.2096,0.0,Riptide,Raydium CLMM + Whirlpool + GoonFi V2 + Riptide,137.1227,865138.0
2026-09-14T20:33:43+00:00,METAx,META,False,100,0.14988709,99.6132,38.68,0.3728,0.0142,Whirlpool,Raydium CLMM,663.0854,238085.0
2026-09-14T20:33:43+00:00,METAx,META,False,1000,1.49645985,994.1324,58.68,0.533,0.054,Raydium CLMM,Raydium CLMM,663.0854,238085.0
2026-09-14T20:33:43+00:00,METAx,META,False,10000,14.92439999,9878.8954,121.1,0.8002,0.3966,Raydium CLMM + Whirlpool + Byreal,Byreal + Raydium CLMM + Whirlpool,663.0854,238085.0
2026-09-14T20:33:43+00:00,GOOGLx,GOOGL,False,100,0.28590837,99.662,33.8,0.0063,0.3317,Raydium CLMM,Whirlpool,348.8726,428669.0
2026-09-14T20:33:43+00:00,GOOGLx,GOOGL,False,1000,2.85845595,995.7912,42.09,0.0283,0.3927,TesseraV + Meteora DLMM,Byreal,348.8726,428669.0
2026-09-14T20:33:43+00:00,GOOGLx,GOOGL,False,10000,28.5544228,9931.8918,68.11,0.1337,0.5481,GoonFi V2 + BisonFi + Meteora DLMM + Raydium CLMM,Meteora DLMM + HumidiFi + Raydium CLMM + Byreal,348.8726,428669.0
2026-09-14T20:33:43+00:00,AMZNx,AMZN,False,100,0.39352123,99.592,40.8,0.0,0.4196,Byreal,Byreal,254.1178,212243.0
2026-09-14T20:33:43+00:00,AMZNx,AMZN,False,1000,3.93372653,995.1695,48.3,0.0261,0.4571,Byreal,Byreal,254.1178,212243.0
2026-09-14T20:33:43+00:00,AMZNx,AMZN,False,10000,39.27303098,9916.5756,83.42,0.1893,0.6461,Byreal + Raydium CLMM + TesseraV,Byreal + Raydium CLMM + Quantum,254.1178,212243.0
2026-09-14T20:49:20+00:00,AAPLx,AAPL,False,100,0.29863445,99.7701,22.99,0.2168,0.0131,Raydium CLMM,Raydium CLMM,333.0033,796631.0
2026-09-14T20:49:20+00:00,AAPLx,AAPL,False,1000,2.98359803,996.3455,36.55,0.3086,0.057,Byreal,Raydium CLMM,333.0033,796631.0
2026-09-14T20:49:20+00:00,AAPLx,AAPL,False,10000,29.79669581,9943.8939,56.11,0.4399,0.1233,Raydium CLMM + Byreal,Raydium CLMM + Byreal,333.0033,796631.0
2026-09-14T20:49:20+00:00,TSLAx,TSLA,False,100,0.27805707,99.9058,9.42,0.0354,0.0588,Riptide,Whirlpool,359.4684,1210695.0
2026-09-14T20:49:20+00:00,TSLAx,TSLA,False,1000,2.78057073,998.9497,10.5,0.0354,0.0696,Riptide,Riptide,359.4684,1210695.0
2026-09-14T20:49:20+00:00,TSLAx,TSLA,False,10000,27.80712174,9989.5073,10.49,0.0303,0.0746,Riptide,Whirlpool + Riptide,359.4684,1210695.0
2026-09-14T20:49:20+00:00,NVDAx,NVDA,False,100,0.46976538,99.9483,5.17,0.0048,0.0469,Whirlpool,Riptide,212.4753,1715170.0
2026-09-14T20:49:20+00:00,NVDAx,NVDA,False,1000,4.69648849,999.2354,7.65,0.0296,0.0469,Raydium CLMM,Riptide,212.4753,1715170.0
2026-09-14T20:49:20+00:00,NVDAx,NVDA,False,10000,46.95534867,9990.4024,9.6,0.0499,0.0461,Whirlpool + Riptide + Raydium CLMM,Whirlpool + Riptide,212.4753,1715170.0
2026-09-14T20:49:20+00:00,SPYx,SPY,False,100,0.13050612,99.9883,1.17,0.0167,0.0,Byreal,Riptide,761.6825,4789158.0
2026-09-14T20:49:20+00:00,SPYx,SPY,False,1000,1.30498674,999.8262,1.74,0.0,0.1701,Raydium CLMM,Riptide,761.6825,4789158.0
2026-09-14T20:49:20+00:00,SPYx,SPY,False,10000,13.04799468,9996.8273,3.17,0.0,0.1702,Whirlpool + Raydium CLMM + Byreal,Riptide + Scorch + GoonFi V2 + Meteora DLMM,761.6825,4789158.0
2026-09-14T20:49:20+00:00,MSTRx,MSTR,False,100,0.72905941,99.9199,8.01,0.0496,0.0306,Riptide,Byreal,137.0788,860338.0
2026-09-14T20:49:20+00:00,MSTRx,MSTR,False,1000,7.29165716,999.0005,10.0,0.035,0.065,Riptide,Riptide,137.0788,860338.0
2026-09-14T20:49:20+00:00,MSTRx,MSTR,False,10000,72.90041483,9985.3942,14.61,0.0571,0.089,Riptide,Riptide + Raydium CLMM,137.0788,860338.0
2026-09-14T20:49:20+00:00,METAx,META,False,100,0.15034017,99.6326,36.74,0.3264,0.0412,Raydium CLMM,Whirlpool,661.3885,231215.0
2026-09-14T20:49:20+00:00,METAx,META,False,1000,1.50266081,993.9184,60.82,0.3755,0.2335,Raydium CLMM,Raydium CLMM,661.3885,231215.0
2026-09-14T20:49:20+00:00,METAx,META,False,10000,14.97404813,9874.0456,125.95,0.724,0.5376,Whirlpool + Byreal + Raydium CLMM,Byreal + Raydium CLMM + Whirlpool,661.3885,231215.0
2026-09-14T20:49:20+00:00,GOOGLx,GOOGL,False,100,0.28622145,99.7474,25.26,0.0,0.4751,Quantum + Meteora DLMM,Whirlpool,349.2888,431754.0
2026-09-14T20:49:20+00:00,GOOGLx,GOOGL,False,1000,2.86140275,996.8427,31.57,0.0,0.5098,HumidiFi + Meteora DLMM,Whirlpool + Byreal,349.2888,431754.0
2026-09-14T20:49:20+00:00,GOOGLx,GOOGL,False,10000,28.53907238,9929.9613,70.04,0.0674,0.6334,HumidiFi + ZeroFi + Meteora DLMM + Byreal,Byreal + Raydium CLMM + Meteora DLMM + HumidiFi,349.2888,431754.0
2026-09-14T20:49:20+00:00,AMZNx,AMZN,False,100,0.39376576,99.6677,33.23,0.3305,0.0018,GoonFi V2 + Whirlpool + Raydium CLMM,Byreal,253.0887,211661.0
2026-09-14T20:49:20+00:00,AMZNx,AMZN,False,1000,3.93429863,995.4519,45.48,0.4155,0.0394,Raydium CLMM,Byreal,253.0887,211661.0
2026-09-14T20:49:20+00:00,AMZNx,AMZN,False,10000,39.27805089,9916.96,83.04,0.5799,0.2519,Flux + Raydium CLMM + Byreal,Byreal + Raydium CLMM,253.0887,211661.0
2026-09-14T21:04:57+00:00,AAPLx,AAPL,False,100,0.29898583,99.8427,15.73,0.1875,0.0,Raydium CLMM,Raydium CLMM,332.6985,796277.0
2026-09-14T21:04:57+00:00,AAPLx,AAPL,False,1000,2.98581799,996.9997,30.0,0.3224,0.0,Raydium CLMM,Raydium CLMM,332.6985,796277.0
2026-09-14T21:04:57+00:00,AAPLx,AAPL,False,10000,29.80392482,9945.107,54.89,0.5035,0.0456,Raydium CLMM + Byreal,Raydium CLMM + Byreal + Whirlpool,332.6985,796277.0
2026-09-14T21:04:57+00:00,TSLAx,TSLA,False,100,0.27808836,99.9097,9.03,0.1918,0.0985,Riptide,Whirlpool,358.8538,1213124.0
2026-09-14T21:04:57+00:00,TSLAx,TSLA,False,1000,2.7808836,999.0005,10.0,0.0,0.1081,Riptide,Riptide,358.8538,1213124.0
2026-09-14T21:04:57+00:00,TSLAx,TSLA,False,10000,27.80882828,9989.4583,10.54,0.0,0.1136,Riptide,Whirlpool + Riptide,358.8538,1213124.0
2026-09-14T21:04:57+00:00,NVDAx,NVDA,False,100,0.47023969,99.9539,4.61,0.0434,0.0027,Whirlpool,Whirlpool,212.1717,1710822.0
2026-09-14T21:04:57+00:00,NVDAx,NVDA,False,1000,4.70193979,999.1364,8.64,0.0531,0.0333,Riptide,Raydium CLMM,212.1717,1710822.0
2026-09-14T21:04:57+00:00,NVDAx,NVDA,False,10000,47.019813,9990.3226,9.68,0.0522,0.0446,Whirlpool + Riptide,Raydium CLMM + Riptide + Whirlpool,212.1717,1710822.0
2026-09-14T21:04:57+00:00,SPYx,SPY,False,100,0.13053646,99.9891,1.09,0.048,0.0,Byreal,Scorch,761.2342,4689844.0
2026-09-14T21:04:57+00:00,SPYx,SPY,False,1000,1.30528747,999.7489,2.51,0.0539,0.0,Raydium CLMM,Raydium CLMM,761.2342,4689844.0
2026-09-14T21:04:57+00:00,SPYx,SPY,False,10000,13.05178908,9995.1893,4.81,0.0622,0.0,Riptide + Raydium CLMM + Byreal,Byreal + Riptide + Raydium CLMM,761.2342,4689844.0
2026-09-14T21:04:57+00:00,MSTRx,MSTR,False,100,0.73107841,99.947,5.3,0.0453,0.0077,Whirlpool + Raydium CLMM,Riptide,136.7011,851918.0
2026-09-14T21:04:57+00:00,MSTRx,MSTR,False,1000,7.30868733,999.1997,8.0,0.074,0.0061,Quantum + Raydium CLMM,Riptide,136.7011,851918.0
2026-09-14T21:20:35+00:00,AAPLx,AAPL,False,100,0.29853327,99.7701,22.99,0.3187,0.0,Raydium CLMM,Raydium CLMM,332.7729,797266.0
2026-09-14T21:20:35+00:00,AAPLx,AAPL,False,1000,2.98340354,996.0759,39.24,0.3832,0.0093,Byreal,Raydium CLMM,332.7729,797266.0
2026-09-14T21:20:35+00:00,AAPLx,AAPL,False,10000,29.79775674,9942.9644,57.04,0.5043,0.0664,Byreal + Raydium CLMM,Byreal + Raydium CLMM,332.7729,797266.0
2026-09-14T21:20:35+00:00,TSLAx,TSLA,False,100,0.27815635,99.9472,5.28,0.0002,0.0526,Riptide,Whirlpool,359.4451,1211546.0
2026-09-14T21:20:35+00:00,TSLAx,TSLA,False,1000,2.78152021,999.0005,10.0,0.0018,0.0982,Riptide,Riptide,359.4451,1211546.0
2026-09-14T21:20:35+00:00,TSLAx,TSLA,False,10000,27.81520218,9989.4661,10.53,0.0018,0.1036,Riptide,Whirlpool + Riptide + Raydium CLMM,359.4451,1211546.0
2026-09-14T21:20:35+00:00,NVDAx,NVDA,False,100,0.46998272,99.9543,4.57,0.0434,0.0022,Whirlpool,Whirlpool,212.293,1706022.0
2026-09-14T21:20:35+00:00,NVDAx,NVDA,False,1000,4.69866247,999.1465,8.54,0.0682,0.0171,Whirlpool,Riptide,212.293,1706022.0
2026-09-14T21:20:35+00:00,SPYx,SPY,False,100,0.13059929,99.9897,1.03,0.1946,0.0,Byreal,Scorch + GoonFi V2 + Quay,761.2473,4498992.0
2026-09-14T21:20:35+00:00,SPYx,SPY,False,1000,1.30590936,999.7525,2.48,0.201,0.0,Raydium CLMM,Raydium CLMM,761.2473,4498992.0
2026-09-14T21:20:35+00:00,SPYx,SPY,False,10000,13.05855513,9996.9141,3.09,0.2051,0.0039,Raydium CLMM + Byreal,Riptide + Raydium CLMM + Scorch,761.2473,4498992.0
2026-09-14T21:20:35+00:00,MSTRx,MSTR,False,100,0.73110459,99.9,10.0,0.6264,0.0,Riptide,Riptide,135.9053,852823.0
2026-09-14T21:20:35+00:00,MSTRx,MSTR,False,1000,7.3110459,999.0005,10.0,0.6264,0.0,Riptide,Riptide,135.9053,852823.0
2026-09-14T21:20:35+00:00,MSTRx,MSTR,False,10000,72.98907784,9970.7497,29.25,0.7913,0.0,GoonFi V2 + Raydium CLMM + ZeroFi,Riptide,135.9053,852823.0
2026-09-14T21:20:35+00:00,METAx,META,False,100,0.14997668,99.6514,34.86,0.4737,0.0,Raydium CLMM,Whirlpool,662.0053,236726.0
2026-09-14T21:20:35+00:00,METAx,META,False,1000,1.49902855,993.9198,60.8,0.5227,0.0857,Raydium CLMM,Raydium CLMM,662.0053,236726.0
2026-09-14T21:20:35+00:00,METAx,META,False,10000,14.93398108,9873.0398,126.96,0.8964,0.3766,Raydium CLMM + Whirlpool + Byreal,Byreal + Whirlpool + Raydium CLMM,662.0053,236726.0
2026-09-14T21:20:35+00:00,GOOGLx,GOOGL,False,100,0.2860581,99.7517,24.83,0.4493,0.0,Byreal,Meteora DLMM + Scorch + GoonFi V2,347.1424,439007.0
2026-09-14T21:20:35+00:00,GOOGLx,GOOGL,False,1000,2.85964449,996.4226,35.77,0.4819,0.0,Byreal,Meteora DLMM + HumidiFi,347.1424,439007.0
2026-09-14T21:20:35+00:00,GOOGLx,GOOGL,False,10000,28.56162332,9934.6856,65.31,0.6031,0.0503,Byreal + HumidiFi + Meteora DLMM + Raydium CLMM,Raydium CLMM + Byreal + Meteora DLMM + BisonFi,347.1424,439007.0
2026-09-14T21:20:35+00:00,AMZNx,AMZN,False,100,0.39346613,99.5921,40.79,0.537,0.0,Byreal,Byreal,252.7571,213501.0
2026-09-14T21:20:35+00:00,AMZNx,AMZN,False,1000,3.93318207,995.173,48.27,0.5743,0.0,Byreal,Byreal,252.7571,213501.0
2026-09-14T21:20:35+00:00,AMZNx,AMZN,False,10000,39.2625538,9916.5848,83.42,0.7494,0.0853,Byreal + Flux + Raydium CLMM,Raydium CLMM + Flux + Byreal,252.7571,213501.0
2026-09-14T21:51:55+00:00,AAPLx,AAPL,False,100,0.29885313,99.7838,21.62,0.1995,0.0167,Raydium CLMM,Meteora DLMM + GoonFi V2,332.8123,795325.0
2026-09-14T21:51:55+00:00,AAPLx,AAPL,False,1000,2.98449363,995.6407,43.59,0.3343,0.102,Raydium CLMM,Raydium CLMM,332.8123,795325.0
2026-09-14T21:51:55+00:00,AAPLx,AAPL,False,10000,29.81563427,9942.014,57.99,0.4322,0.1483,Byreal + Raydium CLMM,Byreal + Raydium CLMM,332.8123,795325.0
2026-09-14T21:51:55+00:00,TSLAx,TSLA,False,100,0.27813461,99.931,6.9,0.069,0.0,Whirlpool,Riptide,359.2418,1209336.0
2026-09-14T21:51:55+00:00,TSLAx,TSLA,False,1000,2.78048369,999.0008,9.99,0.1,0.0,Riptide,Riptide,359.2418,1209336.0
2026-09-14T21:51:55+00:00,TSLAx,TSLA,False,10000,27.80494407,9989.3642,10.64,0.0996,0.0067,Whirlpool + HumidiFi + Raydium CLMM + Riptide,Riptide,359.2418,1209336.0
2026-09-14T21:51:55+00:00,NVDAx,NVDA,False,100,0.47029547,99.9565,4.35,0.0018,0.0417,Whirlpool,Riptide,212.151,1713687.0
2026-09-14T21:51:55+00:00,NVDAx,NVDA,False,1000,4.70178986,999.3173,6.83,0.0266,0.0417,Whirlpool,Riptide,212.151,1713687.0
2026-09-14T21:51:55+00:00,NVDAx,NVDA,False,10000,46.99666841,9990.0227,9.98,0.066,0.0338,Whirlpool + Riptide,Whirlpool + Riptide,212.151,1713687.0
2026-09-14T21:51:55+00:00,SPYx,SPY,False,100,0.13067259,99.9898,1.02,0.0,0.0002,Byreal,Raydium CLMM,760.7324,4360920.0
2026-09-14T21:51:55+00:00,SPYx,SPY,False,1000,1.30656054,999.7488,2.51,0.0,0.0,Raydium CLMM,Raydium CLMM,760.7324,4360920.0
2026-09-14T21:51:55+00:00,SPYx,SPY,False,10000,13.06634252,9996.2201,3.78,0.0,0.09,Riptide + AlphaQ + Byreal,Raydium CLMM + Riptide + Byreal,760.7324,4360920.0
2026-09-14T21:51:55+00:00,MSTRx,MSTR,False,100,0.73370526,99.9367,6.33,0.0,0.0765,Riptide,Byreal,136.2926,851939.0
2026-09-14T21:51:55+00:00,MSTRx,MSTR,False,1000,7.33705266,999.0005,10.0,0.0,0.1131,Riptide,Riptide,136.2926,851939.0
2026-09-14T21:51:55+00:00,MSTRx,MSTR,False,10000,73.35539187,9985.575,14.42,0.0075,0.1368,Riptide,Raydium CLMM + Riptide,136.2926,851939.0
2026-09-14T21:51:55+00:00,METAx,META,False,100,0.15011114,99.7746,22.54,0.0,0.2871,Scorch + Raydium CLMM + Meteora DLMM,Raydium CLMM,664.9602,240277.0
2026-09-14T21:51:55+00:00,METAx,META,False,1000,1.49602251,993.8443,61.56,0.2773,0.3392,Raydium CLMM,Raydium CLMM,664.9602,240277.0
2026-09-14T21:51:55+00:00,METAx,META,False,10000,14.91078226,9871.8026,128.2,0.6069,0.6792,Whirlpool + Byreal + Raydium CLMM,Whirlpool + Byreal + Raydium CLMM,664.9602,240277.0
2026-09-14T21:51:55+00:00,GOOGLx,GOOGL,False,100,0.28654887,99.7155,28.45,0.2799,0.0046,Quantum + Meteora DLMM,Byreal,347.1281,440048.0
2026-09-14T21:51:55+00:00,GOOGLx,GOOGL,False,1000,2.86108772,995.3044,46.96,0.433,0.0367,Quantum + Meteora DLMM,Byreal,347.1281,440048.0
2026-09-14T21:51:55+00:00,GOOGLx,GOOGL,False,10000,28.5846789,9933.2428,66.76,0.5242,0.1441,Raydium CLMM + HumidiFi + Meteora DLMM + Byreal,Byreal + Raydium CLMM + Meteora DLMM + HumidiFi,347.1281,440048.0
2026-09-14T21:51:55+00:00,AMZNx,AMZN,False,100,0.39311771,99.5921,40.79,0.4024,0.0055,Byreal,Byreal,253.3163,220748.0
2026-09-14T21:51:55+00:00,AMZNx,AMZN,False,1000,3.9296204,995.1536,48.46,0.4419,0.043,Byreal,Byreal,253.3163,220748.0
2026-09-14T21:51:55+00:00,AMZNx,AMZN,False,10000,39.22355275,9915.3579,84.64,0.6259,0.2219,Byreal + Raydium CLMM,Byreal + Raydium CLMM,253.3163,220748.0
2026-09-14T22:07:39+00:00,AAPLx,AAPL,False,100,0.29904286,99.8013,19.87,0.1961,0.0026,Raydium CLMM,Meteora DLMM + TesseraV,332.616,786159.0
2026-09-14T22:07:39+00:00,AAPLx,AAPL,False,1000,2.98873788,997.1228,28.77,0.2525,0.0353,Raydium CLMM,Byreal,332.616,786159.0
2026-09-14T22:07:39+00:00,AAPLx,AAPL,False,10000,29.83575404,9944.7,55.3,0.4375,0.116,Raydium CLMM + Byreal,Byreal + Raydium CLMM,332.616,786159.0
2026-09-14T22:07:39+00:00,TSLAx,TSLA,False,100,0.27800948,99.9181,8.19,0.0527,0.0293,Whirlpool,Riptide,359.4662,1211794.0
2026-09-14T22:07:39+00:00,TSLAx,TSLA,False,1000,2.77959267,999.0005,10.0,0.0707,0.0293,Riptide,Riptide,359.4662,1211794.0
2026-09-14T22:07:39+00:00,TSLAx,TSLA,False,10000,27.79590818,9989.3295,10.67,0.0708,0.036,Whirlpool + Riptide,Riptide,359.4662,1211794.0
2026-09-14T22:07:39+00:00,NVDAx,NVDA,False,100,0.46971596,99.9653,3.47,0.0003,0.0344,Riptide,Whirlpool,212.4415,1714797.0
2026-09-14T22:07:39+00:00,NVDAx,NVDA,False,1000,4.69715969,999.4052,5.95,0.0003,0.0592,Riptide,Whirlpool,212.4415,1714797.0
2026-09-14T22:07:39+00:00,NVDAx,NVDA,False,10000,46.97159691,9990.4114,9.59,0.0003,0.0956,Riptide,Whirlpool + Riptide,212.4415,1714797.0
2026-09-14T22:07:39+00:00,SPYx,SPY,False,100,0.13068825,99.9812,1.88,0.135,0.0,Byreal,Raydium CLMM,759.7111,4248134.0
2026-09-14T22:07:39+00:00,SPYx,SPY,False,1000,1.30682974,999.7488,2.51,0.139,0.0,Raydium CLMM,Raydium CLMM,759.7111,4248134.0
2026-09-14T22:07:39+00:00,SPYx,SPY,False,10000,13.0675918,9995.1432,4.86,0.1444,0.0,Riptide + Byreal + Raydium CLMM,Riptide + Raydium CLMM + Byreal,759.7111,4248134.0
2026-09-14T22:07:39+00:00,MSTRx,MSTR,False,100,0.73385813,99.9475,5.25,0.0391,0.0134,Riptide,Raydium CLMM,135.555,851084.0
2026-09-14T22:07:39+00:00,MSTRx,MSTR,False,1000,7.33863515,999.0896,9.1,0.0384,0.0527,Riptide,Raydium CLMM,135.555,851084.0
2026-09-14T22:07:39+00:00,MSTRx,MSTR,False,10000,73.37120733,9986.4182,13.58,0.0581,0.0778,Riptide,Raydium CLMM + Byreal + Riptide,135.555,851084.0
2026-09-14T22:07:39+00:00,METAx,META,False,100,0.14964836,99.6259,37.41,0.357,0.0172,Byreal,Raydium CLMM,664.2332,243417.0
2026-09-14T22:07:39+00:00,METAx,META,False,1000,1.49363708,993.8407,61.59,0.5465,0.0698,Raydium CLMM,Raydium CLMM,664.2332,243417.0
2026-09-14T22:07:39+00:00,METAx,META,False,10000,14.88857641,9870.9784,129.02,0.8647,0.4292,Whirlpool + Byreal + Raydium CLMM,Whirlpool + Byreal + Raydium CLMM,664.2332,243417.0
2026-09-14T22:07:39+00:00,GOOGLx,GOOGL,False,100,0.2864346,99.7351,26.49,0.0325,0.2324,Whirlpool,Meteora DLMM + BisonFi,348.1325,434711.0
2026-09-14T22:07:39+00:00,GOOGLx,GOOGL,False,1000,2.86160652,995.2901,47.1,0.1281,0.3433,Byreal,Byreal,348.1325,434711.0
2026-09-14T22:07:39+00:00,GOOGLx,GOOGL,False,10000,28.59064174,9933.1336,66.87,0.2169,0.4528,Raydium CLMM + Quantum + Meteora DLMM + Byreal,Byreal + Meteora DLMM + BisonFi + Raydium CLMM,348.1325,434711.0
2026-09-14T22:07:39+00:00,AMZNx,AMZN,False,100,0.39317211,99.5962,40.38,0.4979,0.0,Raydium CLMM,Byreal,253.3173,225682.0
2026-09-14T22:07:39+00:00,AMZNx,AMZN,False,1000,3.93079121,995.3611,46.39,0.5215,0.0,Raydium CLMM,Byreal,253.3173,225682.0
2026-09-14T22:07:39+00:00,AMZNx,AMZN,False,10000,39.25771363,9923.3169,76.68,0.6485,0.106,Raydium CLMM + HumidiFi + Byreal,Raydium CLMM + Byreal,253.3173,225682.0
2026-09-14T22:23:23+00:00,AAPLx,AAPL,False,100,0.29892519,99.7876,21.24,0.1716,0.0409,Raydium CLMM,Raydium CLMM,332.8253,796977.0
2026-09-14T22:23:23+00:00,AAPLx,AAPL,False,1000,2.98756213,996.9628,30.37,0.2281,0.0758,Raydium CLMM,Raydium CLMM,332.8253,796977.0
2026-09-14T22:23:23+00:00,AAPLx,AAPL,False,10000,29.82914074,9947.3283,52.67,0.3833,0.5797,Raydium CLMM + Byreal,Raydium CLMM,332.8253,796977.0
2026-09-14T22:23:23+00:00,TSLAx,TSLA,False,100,0.27801261,99.9265,7.35,0.0779,0.0,Whirlpool,Riptide,359.3678,1211458.0
2026-09-14T22:23:23+00:00,TSLAx,TSLA,False,1000,2.7793896,999.0005,10.0,0.1044,0.0,Riptide,Riptide,359.3678,1211458.0
2026-09-14T22:23:23+00:00,TSLAx,TSLA,False,10000,27.79400025,9989.3066,10.69,0.104,0.0029,Riptide + Whirlpool,Riptide,359.3678,1211458.0
2026-09-14T22:23:23+00:00,NVDAx,NVDA,False,100,0.4697595,99.9541,4.59,0.0427,0.0032,Whirlpool,Whirlpool,212.5639,1719572.0
2026-09-14T22:23:23+00:00,NVDAx,NVDA,False,1000,4.69676042,999.0381,9.62,0.0604,0.0,Whirlpool,Whirlpool,212.5639,1719572.0
2026-09-14T22:23:23+00:00,NVDAx,NVDA,False,10000,46.96722919,9989.9749,10.03,0.1858,0.0309,Riptide + Whirlpool,Whirlpool + Riptide,212.5639,1719572.0
2026-09-14T22:23:23+00:00,SPYx,SPY,False,100,0.13074155,99.9884,1.16,0.0002,0.0114,Riptide,PancakeSwap,757.4328,3943923.0
2026-09-14T22:23:23+00:00,SPYx,SPY,False,1000,1.30741554,999.8166,1.83,0.0002,0.0218,Riptide,Raydium CLMM,757.4328,3943923.0
2026-09-14T22:23:23+00:00,SPYx,SPY,False,10000,13.07415543,9995.731,4.27,0.0,0.0462,Riptide,Raydium CLMM + Byreal + Riptide,757.4328,3943923.0
2026-09-14T22:23:23+00:00,MSTRx,MSTR,False,100,0.73512283,99.9909,0.91,0.0,0.039,Riptide,Raydium CLMM,136.0543,850843.0
2026-09-14T22:23:23+00:00,MSTRx,MSTR,False,1000,7.35109864,999.6022,3.98,0.0,0.0679,Riptide,Byreal + Raydium CLMM,136.0543,850843.0
2026-09-14T22:23:23+00:00,MSTRx,MSTR,False,10000,73.4952737,9986.963,13.04,0.0,0.1371,Riptide,Raydium CLMM + Riptide,136.0543,850843.0
2026-09-14T22:23:23+00:00,METAx,META,False,100,0.14992003,99.7901,20.99,0.1927,0.0172,Quantum + Meteora DLMM,Whirlpool,664.122,248023.0
2026-09-14T22:23:23+00:00,METAx,META,False,1000,1.49439919,994.0412,59.59,0.5123,0.084,Whirlpool,Raydium CLMM,664.122,248023.0
2026-09-14T22:23:23+00:00,METAx,META,False,10000,14.89942351,9881.4572,118.54,0.8091,0.3794,Byreal + Whirlpool + Raydium CLMM,Byreal + Whirlpool + Raydium CLMM,664.122,248023.0
2026-09-14T22:23:23+00:00,GOOGLx,GOOGL,False,100,0.28697181,99.9177,8.23,0.1764,0.0,HumidiFi + Meteora DLMM,Whirlpool,346.9805,433791.0
2026-09-14T22:23:23+00:00,GOOGLx,GOOGL,False,1000,2.86970784,997.7112,22.89,0.1768,0.0522,HumidiFi + Meteora DLMM,Byreal,346.9805,433791.0
2026-09-14T22:23:23+00:00,GOOGLx,GOOGL,False,10000,28.61759577,9937.9344,62.07,0.4533,0.1682,Byreal + Raydium CLMM + HumidiFi + Meteora DLMM,Whirlpool + Raydium CLMM + Byreal,346.9805,433791.0
2026-09-14T22:23:23+00:00,AMZNx,AMZN,False,100,0.39283772,99.6523,34.77,0.0067,0.341,Raydium CLMM,Byreal,254.5072,230105.0
2026-09-14T22:23:23+00:00,AMZNx,AMZN,False,1000,3.92702749,995.7532,42.47,0.0316,0.3932,Raydium CLMM,Byreal,254.5072,230105.0
2026-09-14T22:23:23+00:00,AMZNx,AMZN,False,10000,39.21002861,9922.5495,77.45,0.185,0.5961,Byreal + Raydium CLMM + Flux,Raydium CLMM + HumidiFi + Byreal,254.5072,230105.0
2026-09-14T22:39:03+00:00,AAPLx,AAPL,False,100,0.29895012,99.7876,21.24,0.2054,0.007,Raydium CLMM,Raydium CLMM,333.3575,785373.0
2026-09-14T22:39:03+00:00,AAPLx,AAPL,False,1000,2.98781121,996.7487,32.51,0.2619,0.0634,Raydium CLMM,Raydium CLMM,333.3575,785373.0
2026-09-14T22:39:03+00:00,AAPLx,AAPL,False,10000,29.84261978,9944.4531,55.55,0.3803,0.1748,Raydium CLMM + Byreal,Raydium CLMM + Byreal,333.3575,785373.0
2026-09-14T22:39:03+00:00,TSLAx,TSLA,False,100,0.2780126,99.9423,5.77,0.0579,0.0,Whirlpool,Riptide,359.4447,1211295.0
2026-09-14T22:39:03+00:00,TSLAx,TSLA,False,1000,2.77895002,999.0005,10.0,0.1001,0.0,Riptide,Riptide,359.4447,1211295.0
2026-09-14T22:39:03+00:00,TSLAx,TSLA,False,10000,27.78961785,9989.3112,10.69,0.0997,0.0072,Whirlpool + Riptide,Riptide,359.4447,1211295.0
2026-09-14T22:39:03+00:00,NVDAx,NVDA,False,100,0.47005788,99.9531,4.69,0.0,0.1228,Whirlpool,Whirlpool,212.3436,1754530.0
2026-09-14T22:39:03+00:00,NVDAx,NVDA,False,1000,4.69940579,999.3921,6.08,0.0697,0.0519,Whirlpool,Whirlpool,212.3436,1754530.0
2026-09-14T22:39:03+00:00,NVDAx,NVDA,False,10000,46.98818662,9990.6624,9.34,0.1613,0.0441,Riptide + Whirlpool,Riptide + Whirlpool + Raydium CLMM + GoonFi V2,212.3436,1754530.0
2026-09-14T22:39:03+00:00,SPYx,SPY,False,100,0.13067491,99.9979,0.21,0.0,0.0165,Riptide,AlphaQ,760.9277,4187253.0
2026-09-14T22:39:03+00:00,SPYx,SPY,False,1000,1.30674913,999.9663,0.34,0.0,0.0178,Riptide,Raydium CLMM + Byreal + AlphaQ,760.9277,4187253.0
2026-09-14T22:39:03+00:00,SPYx,SPY,False,10000,13.06749137,9997.7092,2.29,0.0,0.1656,Riptide,AlphaQ + Byreal + Raydium CLMM,760.9277,4187253.0
2026-09-14T22:39:03+00:00,MSTRx,MSTR,False,100,0.7359079,99.9,10.0,0.1483,0.0,Riptide,Riptide,135.6688,848818.0
2026-09-14T22:39:03+00:00,MSTRx,MSTR,False,1000,7.36081212,999.0005,10.0,0.1248,0.0,Riptide,Riptide,135.6688,848818.0
2026-09-14T22:39:03+00:00,MSTRx,MSTR,False,10000,73.59166487,9985.0339,14.97,0.1471,0.0026,Riptide,Raydium CLMM + Riptide,135.6688,848818.0
2026-09-14T22:39:03+00:00,METAx,META,False,100,0.14969296,99.6418,35.82,0.0259,0.3324,Whirlpool,Whirlpool,666.2496,247286.0
2026-09-14T22:39:03+00:00,METAx,META,False,1000,1.49528063,993.8401,61.6,0.136,0.4806,Raydium CLMM,Raydium CLMM,666.2496,247286.0
2026-09-14T22:39:03+00:00,METAx,META,False,10000,14.90693496,9881.8127,118.19,0.4424,0.7428,Byreal + Whirlpool + Raydium CLMM,Raydium CLMM + Byreal + Whirlpool,666.2496,247286.0
2026-09-14T22:39:03+00:00,GOOGLx,GOOGL,False,100,0.28702147,99.8693,13.07,0.0,0.1344,Quantum + Meteora DLMM,Whirlpool,347.551,434033.0
2026-09-14T22:39:03+00:00,GOOGLx,GOOGL,False,1000,2.86625633,996.5506,34.49,0.1342,0.211,BisonFi + Meteora DLMM,Byreal,347.551,434033.0
2026-09-14T22:39:03+00:00,GOOGLx,GOOGL,False,10000,28.61165243,9935.4005,64.6,0.3116,0.3355,Byreal + BisonFi + Meteora DLMM + Raydium CLMM,Byreal + Meteora DLMM + BisonFi + Raydium CLMM,347.551,434033.0
2026-09-14T22:39:03+00:00,AMZNx,AMZN,False,100,0.39305245,99.5925,40.75,0.0043,0.4033,Byreal,Raydium CLMM,254.3776,232007.0
2026-09-14T22:39:03+00:00,AMZNx,AMZN,False,1000,3.92891496,995.3092,46.91,0.0452,0.4283,Byreal,Raydium CLMM,254.3776,232007.0
2026-09-14T22:39:03+00:00,AMZNx,AMZN,False,10000,39.22163529,9924.1833,75.82,0.2128,0.5466,Flux + Raydium CLMM + Byreal,Raydium CLMM + Quantum + Byreal,254.3776,232007.0
2026-09-14T22:54:46+00:00,AAPLx,AAPL,False,100,0.29920096,99.7876,21.24,0.0,0.4438,Raydium CLMM,Raydium CLMM,333.8682,784641.0
2026-09-14T22:54:46+00:00,AAPLx,AAPL,False,1000,2.99031751,996.7481,32.52,0.0,0.2951,Raydium CLMM,Raydium CLMM,333.8682,784641.0
2026-09-14T22:54:46+00:00,AAPLx,AAPL,False,10000,29.85097454,9944.894,55.11,0.2047,0.1145,Byreal + Raydium CLMM,Raydium CLMM + Byreal,333.8682,784641.0
2026-09-14T22:54:46+00:00,TSLAx,TSLA,False,100,0.27794284,99.9247,7.53,0.1543,0.0,Whirlpool,Riptide,359.183,1197807.0
2026-09-14T22:54:46+00:00,TSLAx,TSLA,False,1000,2.77874349,999.0005,10.0,0.1789,0.0,Riptide,Riptide,359.183,1197807.0
2026-09-14T22:54:46+00:00,TSLAx,TSLA,False,10000,27.78753303,9988.5634,11.44,0.1786,0.0,Whirlpool + Riptide + HumidiFi + Raydium CLMM,Riptide,359.183,1197807.0
2026-09-14T22:54:46+00:00,NVDAx,NVDA,False,100,0.46969239,99.9562,4.38,0.0427,0.0011,Whirlpool,Whirlpool,212.4251,1743541.0
2026-09-14T22:54:46+00:00,NVDAx,NVDA,False,1000,4.69674912,999.4197,5.8,0.047,0.011,Riptide,Whirlpool,212.4251,1743541.0
2026-09-14T22:54:46+00:00,NVDAx,NVDA,False,10000,46.96751491,9990.609,9.39,0.047,0.047,Whirlpool + Riptide,Whirlpool + Riptide,212.4251,1743541.0
2026-09-14T22:54:46+00:00,SPYx,SPY,False,100,0.13061941,99.9839,1.61,0.0,0.0455,Byreal,Whirlpool,761.3544,4325239.0
2026-09-14T22:54:46+00:00,SPYx,SPY,False,1000,1.30612802,999.7646,2.35,0.0,0.0478,Riptide,AlphaQ + Raydium CLMM + Whirlpool,761.3544,4325239.0
2026-09-14T22:54:46+00:00,SPYx,SPY,False,10000,13.06129164,9995.7217,4.28,0.0,0.0679,Byreal + Raydium CLMM + Riptide,Byreal + Raydium CLMM + Whirlpool,761.3544,4325239.0
2026-09-14T22:54:46+00:00,MSTRx,MSTR,False,100,0.73690067,99.9012,9.88,0.0935,0.0053,Riptide,Raydium CLMM,135.5585,848249.0
2026-09-14T22:54:46+00:00,MSTRx,MSTR,False,1000,7.3690067,999.0005,10.0,0.0935,0.0064,Riptide,Riptide,135.5585,848249.0
2026-09-14T22:54:46+00:00,MSTRx,MSTR,False,10000,73.67363397,9985.3656,14.63,0.1172,0.0291,Riptide,Riptide + Raydium CLMM,135.5585,848249.0
2026-09-14T22:54:46+00:00,METAx,META,False,100,0.14985465,99.6554,34.46,0.2978,0.047,Whirlpool,Raydium CLMM,663.7214,247881.0
2026-09-14T22:54:46+00:00,METAx,META,False,1000,1.49609744,994.4007,55.99,0.4607,0.0997,Whirlpool,Raydium CLMM,663.7214,247881.0
2026-09-14T22:54:46+00:00,METAx,META,False,10000,14.91282035,9881.835,118.17,0.7811,0.4037,Whirlpool + Raydium CLMM + Byreal,Raydium CLMM + Byreal + Whirlpool,663.7214,247881.0
2026-09-14T22:54:46+00:00,GOOGLx,GOOGL,False,100,0.28694573,99.7426,25.74,0.2451,0.0124,GoonFi V2 + Meteora DLMM,Raydium CLMM,346.7781,429857.0
2026-09-14T22:54:46+00:00,GOOGLx,GOOGL,False,1000,2.8694174,997.1526,28.47,0.2464,0.0384,GoonFi V2 + Meteora DLMM,Raydium CLMM,346.7781,429857.0
2026-09-14T22:54:46+00:00,GOOGLx,GOOGL,False,10000,28.62976599,9937.4838,62.52,0.4703,0.1555,Whirlpool + TesseraV + Meteora DLMM + Byreal,Raydium CLMM + Byreal + Meteora DLMM + HumidiFi,346.7781,429857.0
2026-09-14T22:54:46+00:00,AMZNx,AMZN,False,100,0.39300957,99.6415,35.85,0.0,0.3633,Byreal,Raydium CLMM + Quantum,254.4284,229350.0
2026-09-14T22:54:46+00:00,AMZNx,AMZN,False,1000,3.92899598,995.0631,49.37,0.0232,0.4706,Raydium CLMM,Byreal,254.4284,229350.0
2026-09-14T22:54:46+00:00,AMZNx,AMZN,False,10000,39.24265398,9924.7161,75.28,0.5622,0.1917,HumidiFi + Raydium CLMM + Byreal,Raydium CLMM + HumidiFi + Byreal,254.4284,229350.0
2026-09-14T23:10:22+00:00,AAPLx,AAPL,False,100,0.29956683,99.8529,14.71,0.0065,0.1406,Raydium CLMM,Raydium CLMM,332.211,782248.0
2026-09-14T23:10:22+00:00,AAPLx,AAPL,False,1000,2.99397312,997.8787,21.21,0.063,0.1492,Raydium CLMM,Raydium CLMM,332.211,782248.0
2026-09-14T23:10:22+00:00,AAPLx,AAPL,False,10000,29.86695043,9947.5232,52.48,0.306,0.2195,Byreal + Raydium CLMM,Byreal + Raydium CLMM,332.211,782248.0
2026-09-14T23:10:22+00:00,TSLAx,TSLA,False,100,0.27795881,99.9,10.0,0.0,0.1535,Riptide,Riptide,359.9197,1198302.0
2026-09-14T23:10:22+00:00,TSLAx,TSLA,False,1000,2.7795881,999.0015,9.99,0.0,0.1534,Riptide,Whirlpool + Riptide,359.9197,1198302.0
2026-09-14T23:10:22+00:00,TSLAx,TSLA,False,10000,27.79588108,9988.5251,11.47,0.0,0.1683,Riptide,Riptide + Whirlpool,359.9197,1198302.0
2026-09-14T23:10:22+00:00,NVDAx,NVDA,False,100,0.47028439,99.9769,2.31,0.0231,0.0,Whirlpool,Riptide,212.2043,1730336.0
2026-09-14T23:10:22+00:00,NVDAx,NVDA,False,1000,4.70232278,999.6581,3.42,0.0342,0.0,Whirlpool,Riptide,212.2043,1730336.0
2026-09-14T23:10:22+00:00,NVDAx,NVDA,False,10000,46.99798967,9990.9324,9.07,0.0878,0.0028,Whirlpool + Riptide,Whirlpool + Riptide,212.2043,1730336.0
2026-09-14T23:10:22+00:00,SPYx,SPY,False,100,0.13062021,99.9812,1.88,0.0168,0.002,Raydium CLMM,Byreal,761.3729,4326758.0
2026-09-14T23:10:22+00:00,SPYx,SPY,False,1000,1.30617208,999.7593,2.41,0.0,0.051,Raydium CLMM,Byreal + Raydium CLMM + AlphaQ,761.3729,4326758.0
2026-09-14T23:10:22+00:00,SPYx,SPY,False,10000,13.06126116,9995.2573,4.74,0.0,0.021,Riptide + Raydium CLMM,Whirlpool + Byreal + Raydium CLMM,761.3729,4326758.0
2026-09-14T23:10:22+00:00,MSTRx,MSTR,False,100,0.73977197,99.9517,4.83,0.0575,0.0,Riptide,Byreal,135.0845,846463.0
2026-09-14T23:10:22+00:00,MSTRx,MSTR,False,1000,7.39679504,999.0891,9.11,0.07,0.0211,Riptide,Raydium CLMM + Quantum,135.0845,846463.0
2026-09-14T23:10:22+00:00,MSTRx,MSTR,False,10000,73.95041117,9987.1502,12.85,0.0937,0.0349,Riptide,Raydium CLMM + Riptide + HumidiFi,135.0845,846463.0
2026-09-14T23:10:22+00:00,METAx,META,False,100,0.1498421,99.6471,35.29,0.3353,0.0177,Whirlpool,Whirlpool,663.5351,247686.0
2026-09-14T23:10:22+00:00,METAx,META,False,1000,1.49600136,994.2071,57.93,0.4962,0.0835,Whirlpool,Raydium CLMM,663.5351,247686.0
2026-09-14T23:10:22+00:00,METAx,META,False,10000,14.9139011,9882.0749,117.93,0.8029,0.3794,Byreal + Raydium CLMM + Whirlpool,Raydium CLMM + Byreal + Whirlpool,663.5351,247686.0
2026-09-14T23:10:22+00:00,GOOGLx,GOOGL,False,100,0.2872818,99.7927,20.73,0.3811,0.0,Quantum + Meteora DLMM,Whirlpool,345.904,422095.0
2026-09-14T23:10:22+00:00,GOOGLx,GOOGL,False,1000,2.87059256,996.5508,34.49,0.4583,0.0,BisonFi + Meteora DLMM,Byreal,345.904,422095.0
2026-09-14T23:10:22+00:00,GOOGLx,GOOGL,False,10000,28.66664123,9935.8214,64.18,0.5945,0.0476,Byreal + BisonFi + Meteora DLMM + Raydium CLMM,Raydium CLMM + Byreal + Meteora DLMM + HumidiFi,345.904,422095.0
2026-09-14T23:10:22+00:00,AMZNx,AMZN,False,100,0.39338465,99.7976,20.24,0.1976,0.0049,Quantum + Raydium CLMM,Byreal,253.6745,240233.0
2026-09-14T23:10:22+00:00,AMZNx,AMZN,False,1000,3.92401095,995.0534,49.47,0.4471,0.0478,Byreal,Byreal,253.6745,240233.0
2026-09-14T23:10:22+00:00,AMZNx,AMZN,False,10000,39.19245624,9924.7803,75.22,0.568,0.1852,Raydium CLMM + Byreal + HumidiFi,Raydium CLMM + Byreal,253.6745,240233.0
2026-09-14T23:26:04+00:00,AAPLx,AAPL,False,100,0.29925596,99.7876,21.24,0.0085,0.204,Raydium CLMM,Raydium CLMM,333.0077,780634.0
2026-09-14T23:26:04+00:00,AAPLx,AAPL,False,1000,2.99086707,996.748,32.52,0.0651,0.2603,Raydium CLMM,Raydium CLMM,333.0077,780634.0
2026-09-14T23:26:04+00:00,AAPLx,AAPL,False,10000,29.86504731,9945.7462,54.25,0.2108,0.3324,Raydium CLMM + Byreal,Byreal + Raydium CLMM,333.0077,780634.0
2026-09-14T23:26:04+00:00,TSLAx,TSLA,False,100,0.27796936,99.9041,9.59,0.1658,0.0,Whirlpool,Riptide,359.1151,1196199.0
2026-09-14T23:26:04+00:00,TSLAx,TSLA,False,1000,2.77957964,999.0005,10.0,0.1699,0.0,Riptide,Riptide,359.1151,1196199.0
2026-09-14T23:26:04+00:00,NVDAx,NVDA,False,100,0.4702777,99.9574,4.26,0.0398,0.0012,Whirlpool,Whirlpool,212.169,1716712.0
2026-09-14T23:26:04+00:00,NVDAx,NVDA,False,1000,4.70225812,999.3596,6.4,0.0524,0.0116,Whirlpool,Riptide,212.169,1716712.0
2026-09-14T23:26:04+00:00,NVDAx,NVDA,False,10000,47.00795896,9990.3018,9.7,0.0835,0.0135,Raydium CLMM + Whirlpool + Riptide,Riptide + Whirlpool,212.169,1716712.0
2026-09-14T23:26:04+00:00,SPYx,SPY,False,100,0.13062854,99.9884,1.16,0.0,0.048,Riptide,AlphaQ,761.3647,4330010.0
2026-09-14T23:26:04+00:00,SPYx,SPY,False,1000,1.3062854,999.8701,1.3,0.0,0.0494,Riptide,AlphaQ + Raydium CLMM + Byreal,761.3647,4330010.0
2026-09-14T23:26:04+00:00,SPYx,SPY,False,10000,13.06285408,9996.7332,3.27,0.0,0.069,Riptide,Byreal + Raydium CLMM + Whirlpool,761.3647,4330010.0
2026-09-14T23:26:04+00:00,MSTRx,MSTR,False,100,0.74059019,99.9153,8.47,0.116,0.0,Riptide,Raydium CLMM + HumidiFi,134.8545,839723.0
2026-09-14T23:26:04+00:00,MSTRx,MSTR,False,1000,7.4064505,999.0005,10.0,0.1086,0.0,Riptide,Riptide,134.8545,839723.0
2026-09-14T23:26:04+00:00,MSTRx,MSTR,False,10000,74.04589793,9985.7448,14.26,0.1337,0.0088,Riptide,Raydium CLMM + HumidiFi + Riptide,134.8545,839723.0
2026-09-14T23:26:04+00:00,METAx,META,False,100,0.1499323,99.6977,30.23,0.2763,0.026,Whirlpool,Byreal,663.5196,246829.0
2026-09-14T23:26:04+00:00,METAx,META,False,1000,1.49677408,994.5439,54.56,0.4458,0.1002,Whirlpool,Raydium CLMM,663.5196,246829.0
2026-09-14T23:26:04+00:00,METAx,META,False,10000,14.91650352,9882.1239,117.88,0.7866,0.3952,Whirlpool + Raydium CLMM + Byreal,Byreal + Raydium CLMM + Whirlpool,663.5196,246829.0
2026-09-14T23:26:04+00:00,GOOGLx,GOOGL,False,100,0.2869076,99.657,34.3,0.3358,0.0072,Raydium CLMM,Meteora DLMM + HumidiFi,346.5082,425490.0
2026-09-14T23:26:04+00:00,GOOGLx,GOOGL,False,1000,2.86844763,996.3251,36.75,0.3576,0.0099,Raydium CLMM,Meteora DLMM + Scorch + Manifest,346.5082,425490.0
2026-09-14T23:26:04+00:00,GOOGLx,GOOGL,False,10000,28.64882046,9934.8673,65.13,0.4815,0.1707,Raydium CLMM + BisonFi + Meteora DLMM + Byreal,Whirlpool + Byreal + Meteora DLMM + Flux,346.5082,425490.0
2026-09-14T23:26:04+00:00,AMZNx,AMZN,False,100,0.39336026,99.7146,28.54,0.0,0.3996,BisonFi + Meteora DLMM,Byreal,254.4807,239076.0
2026-09-14T23:26:04+00:00,AMZNx,AMZN,False,1000,3.92733254,995.1369,48.63,0.3475,0.1393,Raydium CLMM,Byreal,254.4807,239076.0
2026-09-14T23:26:04+00:00,AMZNx,AMZN,False,10000,39.22629683,9923.6175,76.38,0.4668,0.2984,Raydium CLMM + GoonFi V2 + Byreal,Raydium CLMM + BisonFi + Byreal,254.4807,239076.0
2026-09-14T23:41:45+00:00,AAPLx,AAPL,False,100,0.29939769,99.7876,21.24,0.2063,0.0062,Raydium CLMM,Raydium CLMM,332.1921,778970.0
2026-09-14T23:41:45+00:00,AAPLx,AAPL,False,1000,2.99228311,996.9372,30.63,0.2628,0.0436,Raydium CLMM,Raydium CLMM,332.1921,778970.0
2026-09-14T23:41:45+00:00,AAPLx,AAPL,False,10000,29.86972312,9945.9185,54.08,0.4398,0.1015,Raydium CLMM + Byreal,Byreal + Raydium CLMM,332.1921,778970.0
2026-09-14T23:41:45+00:00,TSLAx,TSLA,False,100,0.27787269,99.9103,8.97,0.0839,0.0058,Whirlpool,Riptide,359.5353,1204214.0
2026-09-14T23:41:45+00:00,TSLAx,TSLA,False,1000,2.77844189,999.0005,10.0,0.0082,0.0917,Riptide,Riptide,359.5353,1204214.0
2026-09-14T23:41:45+00:00,TSLAx,TSLA,False,10000,27.78441897,9988.6179,11.38,0.055,0.0589,Riptide,Whirlpool + Riptide,359.5353,1204214.0
2026-09-14T23:41:45+00:00,NVDAx,NVDA,False,100,0.4706193,99.9768,2.32,0.0044,0.0,Whirlpool,Riptide,212.0179,1714019.0
2026-09-14T23:41:45+00:00,NVDAx,NVDA,False,1000,4.70430495,999.3665,6.34,0.1523,0.0,Whirlpool,Riptide,212.0179,1714019.0
2026-09-14T23:41:45+00:00,NVDAx,NVDA,False,10000,47.027401,9989.9216,10.08,0.0761,0.0247,Whirlpool + Riptide,Whirlpool + Riptide,212.0179,1714019.0
2026-09-14T23:41:45+00:00,SPYx,SPY,False,100,0.1306244,99.9812,1.88,0.1702,0.0,Raydium CLMM,Byreal,759.8245,4315358.0
2026-09-14T23:41:45+00:00,SPYx,SPY,False,1000,1.3062399,999.7686,2.31,0.1705,0.0,Riptide,Raydium CLMM,759.8245,4315358.0
2026-09-14T23:41:45+00:00,SPYx,SPY,False,10000,13.06240813,9995.7183,4.28,0.1704,0.0217,Byreal + Raydium CLMM + Riptide,Raydium CLMM + Whirlpool + Byreal,759.8245,4315358.0
2026-09-14T23:41:45+00:00,MSTRx,MSTR,False,100,0.74160874,99.9,10.0,0.0625,0.0375,Riptide,Riptide,134.7429,837164.0
2026-09-14T23:41:45+00:00,MSTRx,MSTR,False,1000,7.41608741,999.0005,10.0,0.0625,0.0359,Riptide,Riptide,134.7429,837164.0
2026-09-14T23:41:45+00:00,MSTRx,MSTR,False,10000,74.14695693,9985.1625,14.84,0.0829,0.0656,Riptide,Riptide,134.7429,837164.0
2026-09-14T23:41:45+00:00,METAx,META,False,100,0.14972797,99.6471,35.29,0.3359,0.017,Whirlpool,Whirlpool,664.0455,248973.0
2026-09-14T23:41:45+00:00,METAx,META,False,1000,1.49635234,994.2743,57.26,0.3977,0.1756,Raydium CLMM,Whirlpool,664.0455,248973.0
2026-09-14T23:41:45+00:00,METAx,META,False,10000,14.91610358,9883.1139,116.89,0.7133,0.4588,Raydium CLMM + Whirlpool + Byreal,Whirlpool + Byreal + Raydium CLMM,664.0455,248973.0
2026-09-14T23:41:45+00:00,GOOGLx,GOOGL,False,100,0.28745373,99.7693,23.07,0.024,0.2068,HumidiFi + Meteora DLMM,Byreal,346.941,421075.0
2026-09-14T23:41:45+00:00,GOOGLx,GOOGL,False,1000,2.87230228,996.5972,34.03,0.1018,0.2388,HumidiFi + Meteora DLMM,Byreal,346.941,421075.0
2026-09-14T23:41:45+00:00,GOOGLx,GOOGL,False,10000,28.67377763,9934.6801,65.32,0.273,0.3812,Byreal + Raydium CLMM + HumidiFi + Meteora DLMM,Meteora DLMM + HumidiFi + Byreal + Raydium CLMM,346.941,421075.0
2026-09-14T23:41:45+00:00,AMZNx,AMZN,False,100,0.39344766,99.59,41.0,0.4167,0.0,Byreal,Byreal,253.0806,232243.0
2026-09-14T23:41:45+00:00,AMZNx,AMZN,False,1000,3.93290825,995.0947,49.05,0.4445,0.0462,Byreal,Byreal,253.0806,232243.0
2026-09-14T23:41:45+00:00,AMZNx,AMZN,False,10000,39.27126725,9923.6995,76.3,0.5909,0.1732,Byreal + HumidiFi + Raydium CLMM,Byreal + Raydium CLMM + Flux,253.0806,232243.0
2026-09-15T01:18:40+00:00,AAPLx,AAPL,False,100,0.30018164,99.864,13.6,0.1355,0.0005,HumidiFi + PancakeSwap + Whirlpool,Raydium CLMM,331.5552,764907.0
2026-09-15T01:18:40+00:00,AAPLx,AAPL,False,1000,2.99975771,997.8475,21.53,0.204,0.0113,GoonFi V2 + Whirlpool,Raydium CLMM,331.5552,764907.0
2026-09-15T01:18:40+00:00,AAPLx,AAPL,False,10000,29.92818523,9950.1424,49.86,0.4348,0.064,Raydium CLMM + GoonFi V2 + Whirlpool + Byreal,Byreal + Raydium CLMM,331.5552,764907.0
2026-09-15T01:18:40+00:00,TSLAx,TSLA,False,100,0.27778144,99.9151,8.49,0.0832,0.0017,Whirlpool,Riptide,359.6512,1228595.0
2026-09-15T01:18:40+00:00,TSLAx,TSLA,False,1000,2.77739529,999.0047,9.95,0.0983,0.0013,Riptide,Riptide,359.6512,1228595.0
2026-09-15T01:18:40+00:00,TSLAx,TSLA,False,10000,27.7738804,9989.0582,10.94,0.0985,0.0109,Whirlpool + Riptide,Raydium CLMM + Riptide,359.6512,1228595.0
2026-09-15T01:18:40+00:00,NVDAx,NVDA,False,100,0.46964435,99.9582,4.18,0.0404,0.0014,Raydium CLMM,Whirlpool,212.4568,1730302.0
2026-09-15T01:18:40+00:00,NVDAx,NVDA,False,1000,4.69588352,999.3508,6.49,0.0524,0.0126,Whirlpool,Whirlpool,212.4568,1730302.0
2026-09-15T01:18:40+00:00,NVDAx,NVDA,False,10000,46.95036185,9990.5809,9.42,0.0704,0.0238,Raydium CLMM + Riptide + Whirlpool,Riptide + Whirlpool,212.4568,1730302.0
2026-09-15T01:18:40+00:00,SPYx,SPY,False,100,0.13053487,99.9824,1.76,0.0156,0.0019,Riptide,Raydium CLMM,761.5123,4468432.0
2026-09-15T01:18:40+00:00,SPYx,SPY,False,1000,1.30536368,999.8128,1.87,0.0145,0.0042,Riptide,Raydium CLMM,761.5123,4468432.0
2026-09-15T01:18:40+00:00,SPYx,SPY,False,10000,13.05363686,9996.4762,3.52,0.193,0.0369,Riptide,Byreal + Raydium CLMM + AlphaQ,761.5123,4468432.0
2026-09-15T01:18:40+00:00,MSTRx,MSTR,False,100,0.7479425,99.9034,9.66,0.0,0.1715,Riptide,Riptide,133.7838,810550.0
2026-09-15T01:18:40+00:00,MSTRx,MSTR,False,1000,7.47812712,999.0005,10.0,0.0,0.1581,Riptide,Riptide,133.7838,810550.0
2026-09-15T01:18:40+00:00,MSTRx,MSTR,False,10000,74.76196833,9985.2537,14.75,0.0,0.1798,HumidiFi + Raydium CLMM + Riptide,Riptide,133.7838,810550.0
2026-09-15T01:18:40+00:00,METAx,META,False,100,0.15012885,99.6733,32.67,0.004,0.3227,Whirlpool,Whirlpool,664.4538,281953.0
2026-09-15T01:18:40+00:00,METAx,META,False,1000,1.50081794,995.7949,42.05,0.0354,0.3853,Whirlpool,Raydium CLMM,664.4538,281953.0
2026-09-15T01:18:40+00:00,METAx,META,False,10000,14.98719946,9936.6047,63.4,0.1751,0.4596,Byreal + Raydium CLMM + Whirlpool,Byreal + Raydium CLMM,664.4538,281953.0
2026-09-15T01:18:40+00:00,GOOGLx,GOOGL,False,100,0.2870162,99.6008,39.92,0.275,0.1246,Raydium CLMM,Whirlpool,346.5853,419611.0
2026-09-15T01:18:40+00:00,GOOGLx,GOOGL,False,1000,2.86953712,995.4238,45.76,0.2967,0.1614,Raydium CLMM,Byreal,346.5853,419611.0
2026-09-15T01:18:40+00:00,GOOGLx,GOOGL,False,10000,28.66884504,9933.3533,66.65,0.3888,0.2787,HumidiFi + Meteora DLMM + Raydium CLMM + Byreal,Raydium CLMM + Meteora DLMM + BisonFi + Byreal,346.5853,419611.0
2026-09-15T01:18:40+00:00,AMZNx,AMZN,False,100,0.39410134,99.594,40.6,0.0031,0.4029,Byreal,Byreal,253.7009,224290.0
2026-09-15T01:18:40+00:00,AMZNx,AMZN,False,1000,3.9398785,995.3674,46.33,0.0319,0.4315,Byreal,Byreal,253.7009,224290.0
2026-09-15T01:18:40+00:00,AMZNx,AMZN,False,10000,39.34664449,9929.3857,70.61,0.1642,0.5428,HumidiFi + Raydium CLMM + Byreal,Raydium CLMM + Byreal + Quantum,253.7009,224290.0
2026-09-15T01:34:28+00:00,AAPLx,AAPL,False,100,0.2997485,99.7875,21.25,0.2049,0.0075,Raydium CLMM,Raydium CLMM,331.8042,763248.0
2026-09-15T01:34:28+00:00,AAPLx,AAPL,False,1000,2.99578821,996.747,32.53,0.2614,0.064,Raydium CLMM,Raydium CLMM,331.8042,763248.0
2026-09-15T01:34:28+00:00,AAPLx,AAPL,False,10000,29.91324999,9944.4541,55.55,0.41,0.146,Byreal + Raydium CLMM,Raydium CLMM + Byreal,331.8042,763248.0
2026-09-15T01:34:28+00:00,TSLAx,TSLA,False,100,0.27789766,99.9206,7.94,0.0604,0.019,Whirlpool,Riptide,359.5838,1226840.0
2026-09-15T01:34:28+00:00,TSLAx,TSLA,False,1000,2.77840427,999.0005,10.0,0.0809,0.019,Riptide,Riptide,359.5838,1226840.0
2026-09-15T01:34:28+00:00,TSLAx,TSLA,False,10000,27.78410002,9989.2859,10.71,0.0807,0.0264,Riptide + Whirlpool,Riptide + Raydium CLMM,359.5838,1226840.0
2026-09-15T01:34:28+00:00,NVDAx,NVDA,False,100,0.46980955,99.9574,4.26,0.1979,0.0,Whirlpool,Whirlpool,212.0445,1724579.0
2026-09-15T01:34:28+00:00,NVDAx,NVDA,False,1000,4.69757957,999.3532,6.47,0.2089,0.0,Whirlpool,Whirlpool,212.0445,1724579.0
2026-09-15T01:34:28+00:00,NVDAx,NVDA,False,10000,46.97586275,9990.4989,9.5,0.2087,0.0,Raydium CLMM + Whirlpool + Riptide,Whirlpool + Riptide,212.0445,1724579.0
2026-09-15T01:34:28+00:00,SPYx,SPY,False,100,0.13058036,99.9965,0.35,0.0,0.0048,Riptide,Byreal,761.3781,4438164.0
2026-09-15T01:34:28+00:00,SPYx,SPY,False,1000,1.30580369,999.7971,2.03,0.0,0.0216,Riptide,Byreal,761.3781,4438164.0
2026-09-15T01:34:28+00:00,SPYx,SPY,False,10000,13.05803694,9996.4314,3.57,0.0,0.037,Riptide,Raydium CLMM + Whirlpool + Byreal,761.3781,4438164.0
2026-09-15T01:34:28+00:00,MSTRx,MSTR,False,100,0.74538499,99.9,10.0,0.5022,0.0,Riptide,Riptide,133.469,820021.0
2026-09-15T01:34:28+00:00,MSTRx,MSTR,False,1000,7.4538499,999.0005,10.0,0.5022,0.0,Riptide,Riptide,133.469,820021.0
2026-09-15T01:34:28+00:00,MSTRx,MSTR,False,10000,74.52003509,9985.2226,14.78,0.5268,0.0,BisonFi + Raydium CLMM + Riptide,Riptide,133.469,820021.0
2026-09-15T01:34:28+00:00,METAx,META,False,100,0.15018412,99.6467,35.33,0.3439,0.0095,Whirlpool,Byreal,661.9576,264916.0
2026-09-15T01:34:28+00:00,METAx,META,False,1000,1.50118926,995.6326,43.67,0.3872,0.0498,Whirlpool,Raydium CLMM,661.9576,264916.0
2026-09-15T01:34:28+00:00,METAx,META,False,10000,14.98524845,9927.2428,72.76,0.564,0.1645,Whirlpool + Raydium CLMM + Byreal,Raydium CLMM + Byreal + Meteora DLMM + BisonFi,661.9576,264916.0
2026-09-15T01:34:28+00:00,GOOGLx,GOOGL,False,100,0.28702401,99.7209,27.91,0.0413,0.2379,Whirlpool,Meteora DLMM + BisonFi,347.3909,424977.0
2026-09-15T01:34:28+00:00,GOOGLx,GOOGL,False,1000,2.86945842,996.9419,30.58,0.0685,0.2375,Raydium CLMM,Meteora DLMM + BisonFi + GoonFi V2,347.3909,424977.0
2026-09-15T01:34:28+00:00,GOOGLx,GOOGL,False,10000,28.66227958,9936.4386,63.56,0.181,0.4554,Byreal + Raydium CLMM + Whirlpool,Byreal + Meteora DLMM + TesseraV + Whirlpool,347.3909,424977.0
2026-09-15T01:34:28+00:00,AMZNx,AMZN,False,100,0.39411927,99.594,40.6,0.0,0.4263,Byreal,Byreal,253.7513,223920.0
2026-09-15T01:34:28+00:00,AMZNx,AMZN,False,1000,3.94005769,995.3674,46.33,0.3833,0.0802,Byreal,Byreal,253.7513,223920.0
2026-09-15T01:34:28+00:00,AMZNx,AMZN,False,10000,39.34789046,9929.3733,70.63,0.5165,0.1914,Byreal + Raydium CLMM + Flux,Raydium CLMM + Flux + Byreal,253.7513,223920.0
2026-09-15T01:50:09+00:00,AAPLx,AAPL,False,100,0.30016348,99.7875,21.25,0.201,0.0115,Raydium CLMM,Raydium CLMM,331.3592,745353.0
2026-09-15T01:50:09+00:00,AAPLx,AAPL,False,1000,2.99986598,996.7461,32.54,0.2598,0.2615,Raydium CLMM,Raydium CLMM,331.3592,745353.0
2026-09-15T01:50:09+00:00,AAPLx,AAPL,False,10000,29.94775494,9945.1632,54.84,0.2337,0.3154,Byreal + Raydium CLMM,Raydium CLMM + Byreal,331.3592,745353.0
2026-09-15T01:50:09+00:00,TSLAx,TSLA,False,100,0.2779471,99.914,8.6,0.0,0.0898,Riptide,Whirlpool,359.7516,1224051.0
2026-09-15T01:50:09+00:00,TSLAx,TSLA,False,1000,2.77947105,999.0005,10.0,0.0,0.1038,Riptide,Riptide,359.7516,1224051.0
2026-09-15T01:50:09+00:00,TSLAx,TSLA,False,10000,27.75137226,9973.4738,26.53,0.1521,0.1134,Whirlpool + Raydium CLMM + Byreal,Whirlpool + Riptide,359.7516,1224051.0
2026-09-15T01:50:09+00:00,NVDAx,NVDA,False,100,0.47007075,99.9574,4.26,0.0402,0.004,Whirlpool,Whirlpool,212.2619,1719224.0
2026-09-15T01:50:09+00:00,NVDAx,NVDA,False,1000,4.70018316,999.4192,5.81,0.0498,0.0083,Whirlpool,Riptide,212.2619,1719224.0
2026-09-15T01:50:09+00:00,NVDAx,NVDA,False,10000,46.98491471,9990.5262,9.47,0.0886,0.0061,Riptide + Whirlpool,Whirlpool + Riptide,212.2619,1719224.0
2026-09-15T01:50:09+00:00,SPYx,SPY,False,100,0.13066583,99.9908,0.92,0.0888,0.0,Quantum + Raydium CLMM,Scorch + Manifest,760.1837,4396214.0
2026-09-15T01:50:09+00:00,SPYx,SPY,False,1000,1.30658283,999.7488,2.51,0.0946,0.0,Raydium CLMM,Raydium CLMM,760.1837,4396214.0
2026-09-15T01:50:09+00:00,SPYx,SPY,False,10000,13.06470943,9995.0429,4.96,0.1031,0.0,Raydium CLMM + AlphaQ + Riptide,Byreal + Riptide + Raydium CLMM,760.1837,4396214.0
2026-09-15T01:50:09+00:00,MSTRx,MSTR,False,100,0.74398462,99.9528,4.72,0.011,0.0362,BisonFi + Raydium CLMM,Riptide,134.3784,825381.0
2026-09-15T01:50:09+00:00,MSTRx,MSTR,False,1000,7.43769764,999.2396,7.6,0.0398,0.0362,HumidiFi + Raydium CLMM,Riptide,134.3784,825381.0
2026-09-15T01:50:09+00:00,MSTRx,MSTR,False,10000,74.34714163,9985.7669,14.23,0.0799,0.0624,HumidiFi + Raydium CLMM + Riptide + Byreal,Riptide,134.3784,825381.0
2026-09-15T01:50:09+00:00,METAx,META,False,100,0.15016288,99.6326,36.74,0.0,0.375,Whirlpool,Byreal,664.377,265182.0
2026-09-15T01:50:09+00:00,METAx,META,False,1000,1.50115813,995.3762,46.24,0.0238,0.4387,Whirlpool,Raydium CLMM,664.377,265182.0
2026-09-15T01:50:09+00:00,METAx,META,False,10000,14.98678545,9927.4312,72.57,0.1889,0.5378,Whirlpool + Byreal + Raydium CLMM,Meteora DLMM + Raydium CLMM,664.377,265182.0
2026-09-15T01:50:09+00:00,GOOGLx,GOOGL,False,100,0.28700648,99.7453,25.47,0.3104,0.0,Raydium CLMM,Meteora DLMM + BisonFi + Deriverse,346.4722,425385.0
2026-09-15T01:50:09+00:00,GOOGLx,GOOGL,False,1000,2.86944214,997.2152,27.85,0.332,0.0,Raydium CLMM,Meteora DLMM + BisonFi + Deriverse,346.4722,425385.0
2026-09-15T01:50:09+00:00,GOOGLx,GOOGL,False,10000,28.65901899,9937.7624,62.24,0.455,0.1682,Whirlpool + Byreal + Raydium CLMM,Byreal + Meteora DLMM + BisonFi + Deriverse,346.4722,425385.0
2026-09-15T01:50:09+00:00,AMZNx,AMZN,False,100,0.39408421,99.594,40.6,0.4026,0.0033,Byreal,Byreal,252.6969,223154.0
2026-09-15T01:50:09+00:00,AMZNx,AMZN,False,1000,3.93970726,995.3674,46.33,0.4313,0.0321,Byreal,Byreal,252.6969,223154.0
2026-09-15T01:50:09+00:00,AMZNx,AMZN,False,10000,39.34939832,9929.2597,70.74,0.5518,0.1565,Raydium CLMM + Byreal + Quantum,Raydium CLMM + TesseraV + Byreal,252.6969,223154.0
2026-09-15T02:05:46+00:00,AAPLx,AAPL,False,100,0.30005448,99.7875,21.25,0.0074,0.205,Raydium CLMM,Raydium CLMM,332.1236,744313.0
2026-09-15T02:05:46+00:00,AAPLx,AAPL,False,1000,2.99884544,996.7464,32.54,0.0641,0.2615,Raydium CLMM,Raydium CLMM,332.1236,744313.0
2026-09-15T02:05:46+00:00,AAPLx,AAPL,False,10000,29.94527592,9944.8749,55.13,0.208,0.344,Raydium CLMM + Byreal,Byreal + Raydium CLMM,332.1236,744313.0
2026-09-15T02:05:46+00:00,TSLAx,TSLA,False,100,0.27799763,99.9221,7.79,0.1461,0.0,Whirlpool,Riptide,359.4013,1209895.0
2026-09-15T02:05:46+00:00,TSLAx,TSLA,False,1000,2.7793622,999.0005,10.0,0.1682,0.0,Riptide,Riptide,359.4013,1209895.0
2026-09-15T02:05:46+00:00,TSLAx,TSLA,False,10000,27.79651917,9988.9529,11.05,0.0,0.1551,Riptide + Whirlpool,Riptide,359.4013,1209895.0
2026-09-15T02:05:46+00:00,NVDAx,NVDA,False,100,0.46989959,99.9574,4.26,0.0391,0.0035,Whirlpool,Whirlpool,212.3423,1718939.0
2026-09-15T02:05:46+00:00,NVDAx,NVDA,False,1000,4.69847934,999.3532,6.47,0.0501,0.0146,Whirlpool,Whirlpool,212.3423,1718939.0
2026-09-15T02:05:46+00:00,NVDAx,NVDA,False,10000,46.97198252,9990.5081,9.49,0.0773,0.0176,Riptide + Whirlpool + Raydium CLMM,Whirlpool + Riptide,212.3423,1718939.0
2026-09-15T02:05:46+00:00,SPYx,SPY,False,100,0.13074013,99.9959,0.41,0.0427,0.0,Whirlpool,Scorch + GoonFi V2,760.1172,4305309.0
2026-09-15T02:05:46+00:00,SPYx,SPY,False,1000,1.30734473,999.7833,2.17,0.047,0.0,Raydium CLMM,Riptide,760.1172,4305309.0
2026-09-15T02:05:46+00:00,SPYx,SPY,False,10000,13.07086036,9995.5902,4.41,0.0668,0.0,Raydium CLMM + AlphaQ + Byreal,Scorch + GoonFi V2 + Raydium CLMM + Riptide,760.1172,4305309.0
2026-09-15T02:05:46+00:00,MSTRx,MSTR,False,100,0.74539061,99.9,10.0,0.1338,0.0,Riptide,Riptide,133.9628,825141.0
2026-09-15T02:05:46+00:00,MSTRx,MSTR,False,1000,7.45390611,999.0005,10.0,0.1338,0.0,Riptide,Riptide,133.9628,825141.0
2026-09-15T02:05:46+00:00,MSTRx,MSTR,False,10000,74.5173919,9984.9712,15.03,0.1628,0.0,AlphaQ + Flux + HumidiFi + Raydium CLMM + Riptide,Riptide,133.9628,825141.0
2026-09-15T02:05:46+00:00,METAx,META,False,100,0.15023125,99.6646,33.54,0.0,0.4812,Whirlpool,Byreal,665.0097,265390.0
2026-09-15T02:05:46+00:00,METAx,META,False,1000,1.50133014,995.7536,42.46,0.0,0.5052,Whirlpool,Byreal + Whirlpool + Raydium CLMM,665.0097,265390.0
2026-09-15T02:05:46+00:00,METAx,META,False,10000,14.98744759,9924.5517,75.45,0.0915,0.6636,Raydium CLMM + Whirlpool + Byreal,Meteora DLMM + BisonFi + Byreal + Raydium CLMM,665.0097,265390.0
2026-09-15T02:05:46+00:00,GOOGLx,GOOGL,False,100,0.2868216,99.6211,37.89,0.0072,0.3717,Byreal,Whirlpool,347.7571,427510.0
2026-09-15T02:05:46+00:00,GOOGLx,GOOGL,False,1000,2.86750848,995.3684,46.32,0.0319,0.4314,Raydium CLMM,Byreal,347.7571,427510.0
2026-09-15T02:05:46+00:00,GOOGLx,GOOGL,False,10000,28.64656703,9934.2343,65.77,0.1313,0.5271,BisonFi + Meteora DLMM + Byreal + Raydium CLMM,Meteora DLMM + HumidiFi + Raydium CLMM + Byreal,347.7571,427510.0
2026-09-15T02:05:46+00:00,AMZNx,AMZN,False,100,0.3941872,99.594,40.6,0.0214,0.3846,Byreal,Byreal,253.6032,222465.0
2026-09-15T02:05:46+00:00,AMZNx,AMZN,False,1000,3.94073666,995.3673,46.33,0.0502,0.4133,Byreal,Byreal,253.6032,222465.0
2026-09-15T02:05:46+00:00,AMZNx,AMZN,False,10000,39.35452196,9929.2611,70.74,0.1842,0.5241,Raydium CLMM + Flux + Byreal,Byreal + Raydium CLMM + Whirlpool,253.6032,222465.0
2026-09-15T02:21:24+00:00,AAPLx,AAPL,False,100,0.30032298,99.8026,19.74,0.1919,0.0055,Raydium CLMM,Byreal,331.8215,742928.0
2026-09-15T02:21:24+00:00,AAPLx,AAPL,False,1000,3.00152823,997.1989,28.01,0.2485,0.0317,Raydium CLMM,Byreal,331.8215,742928.0
2026-09-15T02:21:24+00:00,AAPLx,AAPL,False,10000,29.95603606,9944.9445,55.06,0.4454,0.1056,Raydium CLMM + Byreal,Raydium CLMM + Byreal,331.8215,742928.0
2026-09-15T02:21:24+00:00,TSLAx,TSLA,False,100,0.27802091,99.9366,6.34,0.0695,0.0,Whirlpool,Riptide,359.3869,1211153.0
2026-09-15T02:21:24+00:00,TSLAx,TSLA,False,1000,2.77919364,999.0005,10.0,0.106,0.0,Riptide,Riptide,359.3869,1211153.0
2026-09-15T02:21:24+00:00,TSLAx,TSLA,False,10000,27.79203795,9988.9585,11.04,0.1056,0.0048,Riptide + Whirlpool,Raydium CLMM + Riptide,359.3869,1211153.0
2026-09-15T02:21:24+00:00,NVDAx,NVDA,False,100,0.46984107,99.9576,4.24,0.0013,0.0411,HumidiFi + Scorch + Raydium CLMM,Whirlpool,212.4451,1719144.0
2026-09-15T02:21:24+00:00,NVDAx,NVDA,False,1000,4.69786466,999.3484,6.52,0.0515,0.0136,Whirlpool,Whirlpool,212.4451,1719144.0
2026-09-15T02:21:24+00:00,NVDAx,NVDA,False,10000,46.96931067,9990.5766,9.42,0.0714,0.0229,Riptide + Whirlpool + Raydium CLMM,Riptide + Whirlpool,212.4451,1719144.0
2026-09-15T02:21:24+00:00,SPYx,SPY,False,100,0.13080411,99.9954,0.46,0.0027,0.0019,Byreal,Riptide,760.0353,4068841.0
2026-09-15T02:21:24+00:00,SPYx,SPY,False,1000,1.30782086,999.786,2.14,0.0195,0.0019,Byreal,Riptide,760.0353,4068841.0
2026-09-15T02:21:24+00:00,SPYx,SPY,False,10000,13.07507992,9994.7924,5.21,0.0434,0.0086,Whirlpool + Byreal + Raydium CLMM,Raydium CLMM + Riptide + AlphaQ,760.0353,4068841.0
2026-09-15T02:21:24+00:00,MSTRx,MSTR,False,100,0.74662767,99.9018,9.82,0.0903,0.0079,Riptide,Raydium CLMM,133.7966,825138.0
2026-09-15T02:21:24+00:00,MSTRx,MSTR,False,1000,7.46627671,998.9475,10.52,0.0903,0.015,Riptide,Riptide,133.7966,825138.0
2026-09-15T02:21:24+00:00,MSTRx,MSTR,False,10000,74.64434958,9985.0811,14.92,0.1149,0.0343,Riptide,Byreal + Riptide + Raydium CLMM,133.7966,825138.0
2026-09-15T02:21:24+00:00,METAx,META,False,100,0.15029436,99.6499,35.01,0.3336,0.0166,Byreal,Whirlpool,661.5315,259884.0
2026-09-15T02:21:24+00:00,METAx,META,False,1000,1.50195896,994.2741,57.26,0.3989,0.1744,Byreal,Raydium CLMM,661.5315,259884.0
2026-09-15T02:21:24+00:00,METAx,META,False,10000,15.00081908,9920.2151,79.78,0.5234,0.2759,Byreal + Whirlpool + Raydium CLMM,Whirlpool + Meteora DLMM + HumidiFi + Raydium CLMM,661.5315,259884.0
2026-09-15T02:21:24+00:00,GOOGLx,GOOGL,False,100,0.28712756,99.7137,28.63,0.2516,0.0348,HumidiFi + Meteora DLMM,Whirlpool,346.5304,428704.0
2026-09-15T02:21:24+00:00,GOOGLx,GOOGL,False,1000,2.86777381,995.5299,44.7,0.3732,0.074,AlphaQ + BisonFi + Meteora DLMM,Byreal,346.5304,428704.0
2026-09-15T02:21:24+00:00,GOOGLx,GOOGL,False,10000,28.64859628,9933.8895,66.11,0.4745,0.1875,Byreal + Raydium CLMM + BisonFi + Meteora DLMM,Byreal + Raydium CLMM + Meteora DLMM + BisonFi,346.5304,428704.0
2026-09-15T02:21:24+00:00,AMZNx,AMZN,False,100,0.39421977,99.594,40.6,0.0,0.4372,Byreal,Byreal,253.7111,221946.0
2026-09-15T02:21:24+00:00,AMZNx,AMZN,False,1000,3.94106161,995.3669,46.33,0.0,0.4659,Byreal,Byreal,253.7111,221946.0
2026-09-15T02:21:24+00:00,AMZNx,AMZN,False,10000,39.35728671,9929.2437,70.76,0.1328,0.5756,HumidiFi + Raydium CLMM + Byreal,Byreal + Raydium CLMM + GoonFi V2,253.7111,221946.0
2026-09-15T10:15:34+00:00,AAPLx,AAPL,False,100,0.3005355,99.77,23.0,0.2163,0.0137,Raydium CLMM,Raydium CLMM,330.8739,722379.0
2026-09-15T10:15:34+00:00,AAPLx,AAPL,False,1000,3.00421949,995.9742,40.26,0.254,0.149,Raydium CLMM,Raydium CLMM,330.8739,722379.0
2026-09-15T10:15:34+00:00,AAPLx,AAPL,False,10000,30.02540206,9941.1134,58.89,0.3097,0.28,Raydium CLMM + Byreal,Raydium CLMM + Byreal,330.8739,722379.0
2026-09-15T10:15:34+00:00,TSLAx,TSLA,False,100,0.27914806,99.9,10.0,0.0639,0.0361,Riptide,Riptide,357.9348,1202311.0
2026-09-15T10:15:34+00:00,TSLAx,TSLA,False,1000,2.79148061,999.0005,10.0,0.0639,0.0361,Riptide,Riptide,357.9348,1202311.0
2026-09-15T10:15:34+00:00,TSLAx,TSLA,False,10000,27.91480613,9989.7911,10.21,0.0639,0.0382,Riptide,Riptide + Raydium CLMM,357.9348,1202311.0
2026-09-15T10:15:34+00:00,NVDAx,NVDA,False,100,0.47015572,99.9572,4.28,0.0423,0.0005,Whirlpool,Whirlpool,212.2035,1731567.0
2026-09-15T10:15:34+00:00,NVDAx,NVDA,False,1000,4.70102422,999.3464,6.54,0.0536,0.0118,Whirlpool,Whirlpool,212.2035,1731567.0
2026-09-15T10:15:34+00:00,NVDAx,NVDA,False,10000,46.99949836,9990.3857,9.61,0.0764,0.0197,Whirlpool + Riptide,Riptide + Whirlpool,212.2035,1731567.0
2026-09-15T10:15:34+00:00,SPYx,SPY,False,100,0.13110505,99.9927,0.73,0.0,0.0222,Riptide,Raydium CLMM,758.3796,3763556.0
2026-09-15T10:15:34+00:00,SPYx,SPY,False,1000,1.31105057,999.8882,1.12,0.0,0.0261,Riptide,Raydium CLMM,758.3796,3763556.0
2026-09-15T10:15:34+00:00,SPYx,SPY,False,10000,13.11050578,9995.9466,4.05,0.0,0.0554,Riptide,Riptide + Byreal + Raydium CLMM,758.3796,3763556.0
2026-09-15T10:15:34+00:00,MSTRx,MSTR,False,100,0.75701616,99.9164,8.36,0.0585,0.0252,Quantum + Raydium CLMM,Riptide,131.9948,797820.0
2026-09-15T10:15:34+00:00,MSTRx,MSTR,False,1000,7.56892608,998.9907,10.09,0.0748,0.0262,Riptide,Riptide,131.9948,797820.0
2026-09-15T10:15:34+00:00,MSTRx,MSTR,False,10000,75.67150721,9984.0089,15.99,0.0982,0.0618,Deriverse + BisonFi + Raydium CLMM + Riptide,Riptide,131.9948,797820.0
2026-09-15T10:15:34+00:00,METAx,META,False,100,0.15094489,99.6478,35.22,0.3283,0.024,Whirlpool,Whirlpool,658.6598,249880.0
2026-09-15T10:15:34+00:00,METAx,META,False,1000,1.50814377,994.1003,59.0,0.4145,0.1762,Raydium CLMM,Whirlpool,658.6598,249880.0
2026-09-15T10:15:34+00:00,METAx,META,False,10000,15.04834861,9894.4198,105.58,0.633,0.4255,Raydium CLMM + Whirlpool + Byreal,Byreal + Whirlpool + Raydium CLMM,658.6598,249880.0
2026-09-15T10:15:34+00:00,GOOGLx,GOOGL,False,100,0.28859599,99.8081,19.19,0.0042,0.1878,Byreal,Meteora DLMM + Flux,345.5933,422012.0
2026-09-15T10:15:34+00:00,GOOGLx,GOOGL,False,1000,2.88497022,997.179,28.21,0.0384,0.2437,Byreal,Meteora DLMM + GoonFi V2,345.5933,422012.0
2026-09-15T10:15:34+00:00,GOOGLx,GOOGL,False,10000,28.81046061,9936.3255,63.67,0.1744,0.4631,Whirlpool + Byreal + Raydium CLMM,Meteora DLMM + BisonFi + Byreal + Raydium CLMM,345.5933,422012.0
2026-09-15T10:15:34+00:00,AMZNx,AMZN,False,100,0.39546177,99.5964,40.36,0.3984,0.0053,Byreal,Byreal,251.8064,220193.0
2026-09-15T10:15:34+00:00,AMZNx,AMZN,False,1000,3.95389741,995.6008,43.99,0.4165,0.0235,Byreal,Byreal,251.8064,220193.0
2026-09-15T10:15:34+00:00,AMZNx,AMZN,False,10000,39.48629455,9932.0744,67.93,0.5492,0.1308,Raydium CLMM + Byreal,Raydium CLMM + HumidiFi + Byreal,251.8064,220193.0
2026-09-15T10:31:18+00:00,AAPLx,AAPL,False,100,0.30111639,99.77,23.0,0.2141,0.0159,Raydium CLMM,Raydium CLMM,330.2386,721570.0
2026-09-15T10:31:18+00:00,AAPLx,AAPL,False,1000,3.0070803,995.9484,40.52,0.3495,0.0559,Raydium CLMM,Raydium CLMM,330.2386,721570.0
2026-09-15T10:31:18+00:00,AAPLx,AAPL,False,10000,30.03384421,9940.9764,59.02,0.4719,0.1189,Raydium CLMM + Byreal,Byreal + Raydium CLMM,330.2386,721570.0
2026-09-15T10:31:18+00:00,TSLAx,TSLA,False,100,0.27924557,99.9201,7.99,0.0597,0.0202,Riptide,Raydium CLMM,357.8204,1201943.0
2026-09-15T10:31:18+00:00,TSLAx,TSLA,False,1000,2.79245578,999.0647,9.35,0.0597,0.0339,Riptide,Raydium CLMM,357.8204,1201943.0
2026-09-15T10:31:18+00:00,TSLAx,TSLA,False,10000,27.92363023,9990.0465,9.95,0.063,0.0366,Riptide,Riptide + Raydium CLMM,357.8204,1201943.0
2026-09-15T10:31:18+00:00,NVDAx,NVDA,False,100,0.47008048,99.9617,3.83,0.0,0.1111,Flux + Raydium CLMM,Whirlpool,212.4793,1727359.0
2026-09-15T10:31:18+00:00,NVDAx,NVDA,False,1000,4.70007543,999.457,5.43,0.0,0.1116,Whirlpool,Whirlpool + Riptide,212.4793,1727359.0
2026-09-15T10:31:18+00:00,NVDAx,NVDA,False,10000,46.98347283,9990.8941,9.11,0.0,0.1116,Byreal + Whirlpool + Riptide,Riptide + Whirlpool,212.4793,1727359.0
2026-09-15T10:31:18+00:00,SPYx,SPY,False,100,0.13105,99.9955,0.45,0.3949,0.0,Scorch,Byreal,755.5798,3838139.0
2026-09-15T10:31:18+00:00,SPYx,SPY,False,1000,1.3102966,999.7492,2.51,0.4104,0.0,Riptide,Raydium CLMM,755.5798,3838139.0
2026-09-15T10:31:18+00:00,SPYx,SPY,False,10000,13.10301813,9994.9999,5.0,0.41,0.0,Riptide + Quay + Scorch,Raydium CLMM + Byreal + Riptide,755.5798,3838139.0
2026-09-15T10:31:18+00:00,MSTRx,MSTR,False,100,0.75787996,99.8969,10.31,0.0,0.1769,Riptide,Riptide,132.0173,798249.0
2026-09-15T10:31:18+00:00,MSTRx,MSTR,False,1000,7.57904094,999.0005,10.0,0.0,0.1769,Riptide,Riptide,132.0173,798249.0
2026-09-15T10:31:18+00:00,MSTRx,MSTR,False,10000,75.77050868,9985.0486,14.95,0.0,0.2002,ZeroFi + Raydium CLMM + Riptide,Riptide,132.0173,798249.0
2026-09-15T10:31:18+00:00,METAx,META,False,100,0.15098187,99.661,33.9,0.4464,0.0,Byreal,Whirlpool,657.7271,249274.0
2026-09-15T10:31:18+00:00,METAx,META,False,1000,1.50827738,994.0661,59.34,0.548,0.0456,Raydium CLMM,Whirlpool,657.7271,249274.0
2026-09-15T10:31:18+00:00,METAx,META,False,10000,15.0501856,9894.1737,105.83,0.7629,0.2976,Whirlpool + Byreal + Raydium CLMM,Whirlpool + Raydium CLMM + Byreal,657.7271,249274.0
2026-09-15T10:31:18+00:00,GOOGLx,GOOGL,False,100,0.28858876,99.7028,29.72,0.0,0.3979,Quantum + Meteora DLMM,Whirlpool,345.9703,421966.0
2026-09-15T10:31:18+00:00,GOOGLx,GOOGL,False,1000,2.88587365,996.2356,37.64,0.0,0.4766,Quantum + Meteora DLMM,Whirlpool + Byreal + Meteora DLMM + HumidiFi,345.9703,421966.0
2026-09-15T10:31:18+00:00,GOOGLx,GOOGL,False,10000,28.81726784,9932.12,67.88,0.0432,0.6359,BisonFi + Meteora DLMM + Byreal + Raydium CLMM,Byreal + Raydium CLMM + Meteora DLMM + BisonFi,345.9703,421966.0
2026-09-15T10:31:18+00:00,AMZNx,AMZN,False,100,0.39537459,99.6028,39.72,0.4362,0.0,Quantum + Raydium CLMM,Byreal,251.7696,221231.0
2026-09-15T10:31:18+00:00,AMZNx,AMZN,False,1000,3.95278607,995.6049,43.95,0.4604,0.0,Byreal,Byreal,251.7696,221231.0
2026-09-15T10:31:18+00:00,AMZNx,AMZN,False,10000,39.47852057,9932.4399,67.56,0.5846,0.0915,Raydium CLMM + GoonFi V2 + Byreal,Raydium CLMM + Meteora DLMM + BisonFi + Byreal,251.7696,221231.0
2026-09-15T10:47:01+00:00,AAPLx,AAPL,False,100,0.301001,99.77,23.0,0.2151,0.0139,Raydium CLMM,Raydium CLMM,330.3547,722230.0
2026-09-15T10:47:01+00:00,AAPLx,AAPL,False,1000,3.00592877,995.5728,44.27,0.3515,0.0916,Raydium CLMM,Byreal,330.3547,722230.0
2026-09-15T10:47:01+00:00,AAPLx,AAPL,False,10000,30.03073697,9940.7032,59.3,0.4461,0.1475,Raydium CLMM + Byreal,Raydium CLMM + Byreal,330.3547,722230.0
2026-09-15T10:47:01+00:00,TSLAx,TSLA,False,100,0.27906633,99.9004,9.96,0.0748,0.0248,Riptide,Riptide,357.9918,1202055.0
2026-09-15T10:47:01+00:00,TSLAx,TSLA,False,1000,2.79065242,999.0005,10.0,0.0752,0.0248,Riptide,Riptide,357.9918,1202055.0
2026-09-15T10:47:01+00:00,TSLAx,TSLA,False,10000,27.90652424,9989.5995,10.4,0.0752,0.0288,Riptide,Whirlpool + Riptide + Raydium CLMM,357.9918,1202055.0
2026-09-15T10:47:01+00:00,NVDAx,NVDA,False,100,0.47001518,99.9573,4.27,0.0,0.2281,Whirlpool,Whirlpool,212.7462,1727950.0
2026-09-15T10:47:01+00:00,NVDAx,NVDA,False,1000,4.69964004,999.3546,6.45,0.0,0.239,Whirlpool,Whirlpool + Flux + SolFi V2,212.7462,1727950.0
2026-09-15T10:47:01+00:00,NVDAx,NVDA,False,10000,46.99367684,9990.4358,9.56,0.0,0.2643,Whirlpool + Riptide,Whirlpool + Riptide + Quantum,212.7462,1727950.0
2026-09-15T10:47:01+00:00,SPYx,SPY,False,100,0.13101515,99.9832,1.68,0.1997,0.0,Raydium CLMM,Byreal,757.2535,3861285.0
2026-09-15T10:47:01+00:00,SPYx,SPY,False,1000,1.31011614,999.74,2.6,0.2024,0.0,Raydium CLMM,Raydium CLMM,757.2535,3861285.0
2026-09-15T10:47:01+00:00,SPYx,SPY,False,10000,13.09925683,9995.9061,4.09,0.2169,0.0,Raydium CLMM + Byreal,AlphaQ + Raydium CLMM + Riptide,757.2535,3861285.0
2026-09-15T10:47:01+00:00,MSTRx,MSTR,False,100,0.75462072,99.9269,7.31,0.0572,0.0159,Byreal,Riptide,132.4123,802265.0
2026-09-15T10:47:01+00:00,MSTRx,MSTR,False,1000,7.54417942,999.0118,9.88,0.0841,0.0148,Riptide,Riptide,132.4123,802265.0
2026-09-15T10:47:01+00:00,MSTRx,MSTR,False,10000,75.42504698,9985.5648,14.44,0.1062,0.0381,Byreal + Riptide + Raydium CLMM,Riptide,132.4123,802265.0
2026-09-15T10:47:01+00:00,METAx,META,False,100,0.15057827,99.7136,28.64,0.0233,0.2631,Byreal,Whirlpool,662.2853,258718.0
2026-09-15T10:47:01+00:00,METAx,META,False,1000,1.50417049,995.4438,45.56,0.1303,0.3257,Whirlpool,Whirlpool,662.2853,258718.0
2026-09-15T10:47:01+00:00,METAx,META,False,10000,15.01758507,9910.4484,89.55,0.2905,0.6068,Byreal + Whirlpool + Raydium CLMM,Byreal + Whirlpool + Raydium CLMM,662.2853,258718.0
2026-09-15T10:47:01+00:00,GOOGLx,GOOGL,False,100,0.28847864,99.8975,10.25,0.0168,0.0857,Byreal,Meteora DLMM + Quantum + GoonFi V2,345.6907,415326.0
2026-09-15T10:47:01+00:00,GOOGLx,GOOGL,False,1000,2.88379734,997.5358,24.64,0.0511,0.1954,Byreal,Meteora DLMM + TesseraV,345.6907,415326.0
2026-09-15T10:47:01+00:00,GOOGLx,GOOGL,False,10000,28.80488964,9937.4008,62.6,0.1658,0.461,Whirlpool + Byreal + Raydium CLMM,Meteora DLMM + TesseraV + Whirlpool + Byreal,345.6907,415326.0
2026-09-15T10:47:01+00:00,AMZNx,AMZN,False,100,0.39518832,99.5966,40.34,0.465,0.0,Byreal,Byreal,251.82,222606.0
2026-09-15T10:47:01+00:00,AMZNx,AMZN,False,1000,3.95121273,995.6289,43.71,0.4819,0.0,Byreal,Byreal,251.82,222606.0
2026-09-15T10:47:01+00:00,AMZNx,AMZN,False,10000,39.4627615,9930.7457,69.25,0.6063,0.0868,Byreal + HumidiFi + Raydium CLMM,Byreal + Raydium CLMM + TesseraV,251.82,222606.0
2026-09-15T11:02:44+00:00,AAPLx,AAPL,False,100,0.30105345,99.77,23.0,0.0159,0.2141,Raydium CLMM,Raydium CLMM,330.962,722028.0
2026-09-15T11:02:44+00:00,AAPLx,AAPL,False,1000,3.00645221,995.7768,42.23,0.1515,0.2712,Raydium CLMM,Byreal,330.962,722028.0
2026-09-15T11:02:44+00:00,AAPLx,AAPL,False,10000,30.03099305,9940.7513,59.25,0.2628,0.3305,Raydium CLMM + Byreal,Raydium CLMM + Byreal,330.962,722028.0
2026-09-15T11:02:44+00:00,TSLAx,TSLA,False,100,0.27831619,99.956,4.4,0.0,0.1125,Byreal,Riptide,359.4739,1211947.0
2026-09-15T11:02:44+00:00,TSLAx,TSLA,False,1000,2.78160386,999.0005,10.0,0.0,0.1125,Riptide,Riptide,359.4739,1211947.0
2026-09-15T11:02:44+00:00,TSLAx,TSLA,False,10000,27.81654714,9989.7015,10.3,0.0,0.1173,Riptide + TesseraV + Raydium CLMM + Byreal,Riptide,359.4739,1211947.0
2026-09-15T11:02:44+00:00,NVDAx,NVDA,False,100,0.46967811,99.9723,2.77,0.0,0.0461,Whirlpool,Riptide,212.519,1730372.0
2026-09-15T11:02:44+00:00,NVDAx,NVDA,False,1000,4.69625289,999.6176,3.82,0.0,0.0454,Whirlpool,Riptide,212.519,1730372.0
2026-09-15T11:02:44+00:00,NVDAx,NVDA,False,10000,46.94112768,9991.4962,8.5,0.0385,0.0466,Riptide + Raydium CLMM + Whirlpool,Riptide + Whirlpool,212.519,1730372.0
2026-09-15T11:02:44+00:00,SPYx,SPY,False,100,0.1309468,99.9825,1.75,0.0,0.0175,Raydium CLMM,Byreal,759.1679,4303276.0
2026-09-15T11:02:44+00:00,SPYx,SPY,False,1000,1.3093488,999.7666,2.33,0.0049,0.0184,Raydium CLMM,Raydium CLMM,759.1679,4303276.0
2026-09-15T11:02:44+00:00,SPYx,SPY,False,10000,13.09286951,9996.7668,3.23,0.0096,0.0227,Raydium CLMM,Raydium CLMM + Riptide,759.1679,4303276.0
2026-09-15T11:02:44+00:00,MSTRx,MSTR,False,100,0.75442411,99.9429,5.71,0.0,0.0737,HumidiFi + Raydium CLMM,Riptide,132.5471,805429.0
2026-09-15T11:02:44+00:00,MSTRx,MSTR,False,1000,7.54273307,999.0413,9.59,0.0034,0.0925,TesseraV + Raydium CLMM,Riptide,132.5471,805429.0
2026-09-15T11:02:44+00:00,MSTRx,MSTR,False,10000,75.40940698,9985.7017,14.3,0.0272,0.1159,Riptide + TesseraV + Raydium CLMM,Riptide,132.5471,805429.0
2026-09-15T11:02:44+00:00,METAx,META,False,100,0.15052309,99.668,33.2,0.33,0.002,Whirlpool,Whirlpool,660.5077,258483.0
2026-09-15T11:02:44+00:00,METAx,META,False,1000,1.50433163,995.4153,45.85,0.3896,0.0692,Whirlpool,Whirlpool,660.5077,258483.0
2026-09-15T11:02:44+00:00,METAx,META,False,10000,15.01759605,9910.4566,89.54,0.5599,0.3374,Byreal + Whirlpool + Raydium CLMM,Byreal + Whirlpool + Raydium CLMM,660.5077,258483.0
2026-09-15T11:02:44+00:00,GOOGLx,GOOGL,False,100,0.28837588,99.6825,31.75,0.0261,0.2915,Whirlpool,Meteora DLMM + HumidiFi,345.7882,416329.0
2026-09-15T11:02:44+00:00,GOOGLx,GOOGL,False,1000,2.88258681,995.382,46.18,0.0667,0.3953,Raydium CLMM,Byreal,345.7882,416329.0
2026-09-15T11:02:44+00:00,GOOGLx,GOOGL,False,10000,28.79804882,9931.9165,68.08,0.1632,0.5185,BisonFi + Meteora DLMM + Raydium CLMM + Byreal,Byreal + Meteora DLMM + BisonFi + Raydium CLMM,345.7882,416329.0
2026-09-15T11:02:44+00:00,AMZNx,AMZN,False,100,0.39517965,99.5973,40.27,0.4383,0.0,Byreal,Byreal,251.8903,222516.0
2026-09-15T11:02:44+00:00,AMZNx,AMZN,False,1000,3.95124034,995.6928,43.07,0.4523,0.0,Byreal,Byreal,251.8903,222516.0
2026-09-15T11:02:44+00:00,AMZNx,AMZN,False,10000,39.46627058,9932.0811,67.92,0.5685,0.1113,Byreal + Raydium CLMM + TesseraV,Raydium CLMM + Byreal,251.8903,222516.0
2026-09-15T11:18:24+00:00,AAPLx,AAPL,False,100,0.30117197,99.7781,22.19,0.0153,0.2066,Raydium CLMM,Byreal,330.8362,721739.0
2026-09-15T11:18:24+00:00,AAPLx,AAPL,False,1000,3.00763498,996.1681,38.32,0.1509,0.2326,Raydium CLMM,Byreal,330.8362,721739.0
2026-09-15T11:18:24+00:00,AAPLx,AAPL,False,10000,30.03242171,9940.9491,59.05,0.2967,0.2947,Byreal + Raydium CLMM,Byreal + Raydium CLMM,330.8362,721739.0
2026-09-15T11:18:24+00:00,TSLAx,TSLA,False,100,0.27847594,99.9424,5.76,0.0566,0.0427,Riptide,Raydium CLMM,358.8208,1214362.0
2026-09-15T11:18:24+00:00,TSLAx,TSLA,False,1000,2.78475944,999.2898,7.1,0.0149,0.0561,Riptide,Raydium CLMM,358.8208,1214362.0
2026-09-15T11:18:24+00:00,TSLAx,TSLA,False,10000,27.84759442,9989.6627,10.34,0.0149,0.0885,Riptide,Whirlpool + Riptide + Raydium CLMM,358.8208,1214362.0
2026-09-15T11:18:24+00:00,NVDAx,NVDA,False,100,0.46985917,99.9572,4.28,0.0017,0.0411,Whirlpool,Whirlpool,212.4214,1731230.0
2026-09-15T11:18:24+00:00,NVDAx,NVDA,False,1000,4.69805432,999.3465,6.54,0.0131,0.0523,Whirlpool,Whirlpool,212.4214,1731230.0
2026-09-15T11:18:24+00:00,NVDAx,NVDA,False,10000,46.9734245,9990.3595,9.64,0.0282,0.0682,Riptide + Whirlpool,Whirlpool + Riptide,212.4214,1731230.0
2026-09-15T11:18:24+00:00,SPYx,SPY,False,100,0.13085648,99.9998,0.02,0.0028,0.0,Raydium CLMM,Riptide,759.6772,4543462.0
2026-09-15T11:18:24+00:00,SPYx,SPY,False,1000,1.30853025,999.9718,0.28,0.0055,0.0,Raydium CLMM,Riptide,759.6772,4543462.0
2026-09-15T11:18:24+00:00,SPYx,SPY,False,10000,13.08268173,9997.7157,2.28,0.0255,0.0,Raydium CLMM + Byreal + HumidiFi,Riptide,759.6772,4543462.0
2026-09-15T11:18:24+00:00,MSTRx,MSTR,False,100,0.75540017,99.9,10.0,0.0217,0.0783,Riptide,Riptide,132.3245,792349.0
2026-09-15T11:18:24+00:00,MSTRx,MSTR,False,1000,7.55400175,999.0005,10.0,0.0217,0.0783,Riptide,Riptide,132.3245,792349.0
2026-09-15T11:18:24+00:00,MSTRx,MSTR,False,10000,75.51047652,9985.2023,14.8,0.0608,0.0873,Kipseli + Raydium CLMM + Riptide,Riptide,132.3245,792349.0
2026-09-15T11:18:24+00:00,METAx,META,False,100,0.15056333,99.6677,33.23,0.0348,0.2975,Whirlpool,Whirlpool,662.2834,256238.0
2026-09-15T11:18:24+00:00,METAx,META,False,1000,1.5047648,995.2232,47.77,0.0925,0.3855,Whirlpool,Whirlpool,662.2834,256238.0
2026-09-15T11:18:24+00:00,METAx,META,False,10000,15.02262289,9909.3711,90.63,0.2586,0.6493,Byreal + Whirlpool + Raydium CLMM,Whirlpool + Raydium CLMM + Byreal,662.2834,256238.0
2026-09-15T11:18:24+00:00,GOOGLx,GOOGL,False,100,0.28835322,99.6514,34.86,0.3206,0.0282,Whirlpool,Whirlpool,344.795,416354.0
2026-09-15T11:18:24+00:00,GOOGLx,GOOGL,False,1000,2.88298353,995.5189,44.81,0.3395,0.109,SolFi V2 + BisonFi + Meteora DLMM,Byreal,344.795,416354.0
2026-09-15T11:18:24+00:00,GOOGLx,GOOGL,False,10000,28.80086464,9931.5283,68.47,0.4397,0.2461,Raydium CLMM + BisonFi + Meteora DLMM + Byreal,Raydium CLMM + Meteora DLMM + BisonFi + Byreal,344.795,416354.0
2026-09-15T11:18:24+00:00,AMZNx,AMZN,False,100,0.39532953,99.6484,35.16,0.4668,0.0,BisonFi + Raydium CLMM,Byreal,251.7213,223922.0
2026-09-15T11:18:24+00:00,AMZNx,AMZN,False,1000,3.95072116,995.6975,43.02,0.5316,0.0,Byreal,Byreal,251.7213,223922.0
2026-09-15T11:18:24+00:00,AMZNx,AMZN,False,10000,39.45573558,9932.1037,67.9,0.6612,0.0179,Byreal + Raydium CLMM + HumidiFi,Byreal + Raydium CLMM,251.7213,223922.0
2026-09-15T11:56:42+00:00,AAPLx,AAPL,False,100,0.30100845,99.77,23.0,0.2153,0.0148,Raydium CLMM,Raydium CLMM,330.3534,717587.0
2026-09-15T11:56:42+00:00,AAPLx,AAPL,False,1000,3.00689089,995.4741,45.26,0.3211,0.1319,Byreal,Raydium CLMM,330.3534,717587.0
2026-09-15T11:56:42+00:00,AAPLx,AAPL,False,10000,30.04169809,9940.3811,59.62,0.4113,0.1856,Raydium CLMM + Byreal,Raydium CLMM + Byreal,330.3534,717587.0
2026-09-15T11:56:42+00:00,TSLAx,TSLA,False,100,0.27872218,99.93,7.0,0.1073,0.0,Whirlpool,Riptide,358.3218,1209184.0
2026-09-15T11:56:42+00:00,TSLAx,TSLA,False,1000,2.78646369,999.0005,10.0,0.1344,0.0,Riptide,Riptide,358.3218,1209184.0
2026-09-15T11:56:42+00:00,TSLAx,TSLA,False,10000,27.86095386,9989.6315,10.37,0.1476,0.0,Riptide + Raydium CLMM + Whirlpool,Riptide,358.3218,1209184.0
2026-09-15T11:56:42+00:00,NVDAx,NVDA,False,100,0.46996344,99.9574,4.26,0.1914,0.0,Whirlpool,Whirlpool,211.9711,1737586.0
2026-09-15T11:56:42+00:00,NVDAx,NVDA,False,1000,4.69910334,999.3496,6.5,0.2026,0.0,Whirlpool,Whirlpool,211.9711,1737586.0
2026-09-15T11:56:42+00:00,NVDAx,NVDA,False,10000,46.97727572,9990.7557,9.24,0.2319,0.0,Raydium CLMM + Whirlpool + Riptide,Whirlpool + Riptide,211.9711,1737586.0
2026-09-15T11:56:42+00:00,SPYx,SPY,False,100,0.13088203,99.9844,1.56,0.0171,0.0,Raydium CLMM,Riptide,759.4196,4682819.0
2026-09-15T11:56:42+00:00,SPYx,SPY,False,1000,1.30878567,999.8153,1.85,0.0197,0.0,Raydium CLMM,Riptide,759.4196,4682819.0
2026-09-15T11:56:42+00:00,SPYx,SPY,False,10000,13.08511024,9996.0518,3.95,0.0407,0.0,Byreal + Raydium CLMM + AlphaQ,Byreal + Riptide,759.4196,4682819.0
2026-09-15T11:56:42+00:00,MSTRx,MSTR,False,100,0.75676929,99.9,10.0,0.0945,0.0048,Riptide,Riptide,131.9887,791371.0
2026-09-15T11:56:42+00:00,MSTRx,MSTR,False,1000,7.56769295,999.0005,10.0,0.0951,0.0048,Riptide,Riptide,131.9887,791371.0
2026-09-15T11:56:42+00:00,MSTRx,MSTR,False,10000,75.65114948,9985.0261,14.97,0.1292,0.0206,ZeroFi + Raydium CLMM + Riptide,Riptide,131.9887,791371.0
2026-09-15T11:56:42+00:00,METAx,META,False,100,0.1505028,99.668,33.2,0.0017,0.3303,Whirlpool,Whirlpool,662.7725,257436.0
2026-09-15T11:56:42+00:00,METAx,META,False,1000,1.50444833,995.6905,43.09,0.0403,0.3908,Raydium CLMM,Whirlpool,662.7725,257436.0
2026-09-15T11:56:42+00:00,METAx,META,False,10000,15.01898432,9910.3862,89.61,0.2097,0.6879,Whirlpool + Raydium CLMM + Byreal,Byreal + Whirlpool + Raydium CLMM,662.7725,257436.0
2026-09-15T11:56:42+00:00,GOOGLx,GOOGL,False,100,0.28818196,99.7445,25.55,2.0115,0.0,Raydium CLMM,Meteora DLMM + BisonFi,339.1282,419974.0
2026-09-15T11:56:42+00:00,GOOGLx,GOOGL,False,1000,2.8811713,995.7969,42.03,2.0335,0.0,Raydium CLMM,Byreal,339.1282,419974.0
2026-09-15T11:56:42+00:00,GOOGLx,GOOGL,False,10000,28.77715084,9931.8075,68.19,2.151,0.0,HumidiFi + Meteora DLMM + Raydium CLMM + Byreal,Meteora DLMM + TesseraV + Whirlpool + Byreal,339.1282,419974.0
2026-09-15T11:56:42+00:00,AMZNx,AMZN,False,100,0.39493044,99.5919,40.81,0.4048,0.0032,Byreal,Byreal,252.1339,228174.0
2026-09-15T11:56:42+00:00,AMZNx,AMZN,False,1000,3.94762102,995.3514,46.49,0.4473,0.0176,Byreal,Byreal,252.1339,228174.0
2026-09-15T11:56:42+00:00,AMZNx,AMZN,False,10000,39.42771791,9930.7104,69.29,0.5696,0.124,Byreal + Raydium CLMM + GoonFi V2,Byreal + Raydium CLMM,252.1339,228174.0
2026-09-15T12:12:26+00:00,AAPLx,AAPL,False,100,0.30077804,99.77,23.0,0.215,0.015,Raydium CLMM,Raydium CLMM,330.6495,718573.0
2026-09-15T12:12:26+00:00,AAPLx,AAPL,False,1000,3.00590889,995.7304,42.7,0.2771,0.1503,Byreal,Raydium CLMM,330.6495,718573.0
2026-09-15T12:12:26+00:00,AAPLx,AAPL,False,10000,30.03791936,9940.3504,59.65,0.3473,0.2501,Raydium CLMM + Byreal,Raydium CLMM + Byreal,330.6495,718573.0
2026-09-15T12:12:26+00:00,TSLAx,TSLA,False,100,0.27846401,99.9631,3.69,0.0309,0.006,Whirlpool,Riptide,358.9338,1214203.0
2026-09-15T12:12:26+00:00,TSLAx,TSLA,False,1000,2.7828847,999.0005,10.0,0.0939,0.006,Riptide,Riptide,358.9338,1214203.0
2026-09-15T12:12:26+00:00,TSLAx,TSLA,False,10000,27.7877819,9954.722,45.28,0.2414,0.2119,Raydium CLMM + Byreal,Raydium CLMM + Whirlpool,358.9338,1214203.0
2026-09-15T12:12:26+00:00,NVDAx,NVDA,False,100,0.46978599,99.9604,3.96,0.1587,0.0,Whirlpool,Riptide,212.124,1741219.0
2026-09-15T12:12:26+00:00,NVDAx,NVDA,False,1000,4.6973612,999.4964,5.04,0.0105,0.0,Whirlpool,Riptide,212.124,1741219.0
2026-09-15T12:12:26+00:00,SPYx,SPY,False,100,0.1308755,99.9966,0.34,0.0015,0.0019,Raydium CLMM,Riptide,759.588,4429688.0
2026-09-15T12:12:26+00:00,SPYx,SPY,False,1000,1.30872044,999.9412,0.59,0.0041,0.0017,Raydium CLMM,Riptide,759.588,4429688.0
2026-09-15T12:12:26+00:00,SPYx,SPY,False,10000,13.08620509,9998.4885,1.51,0.0118,0.0033,Raydium CLMM + Byreal,Raydium CLMM + HumidiFi + Riptide,759.588,4429688.0
2026-09-15T12:12:26+00:00,MSTRx,MSTR,False,100,0.75703315,99.9168,8.32,0.2845,0.0,Riptide,Riptide,131.6939,788104.0
2026-09-15T12:12:26+00:00,MSTRx,MSTR,False,1000,7.57015963,999.0005,10.0,0.2867,0.0,Riptide,Riptide,131.6939,788104.0
2026-09-15T12:12:26+00:00,MSTRx,MSTR,False,10000,75.68107536,9985.0097,14.99,0.3138,0.0,Riptide + ZeroFi + Raydium CLMM,Riptide,131.6939,788104.0
2026-09-15T12:12:26+00:00,METAx,META,False,100,0.15049095,99.668,33.2,0.3244,0.0076,Raydium CLMM,Whirlpool,660.6923,257611.0
2026-09-15T12:12:26+00:00,METAx,META,False,1000,1.50444311,995.792,42.08,0.3553,0.0657,Raydium CLMM,Whirlpool,660.6923,257611.0
2026-09-15T12:12:26+00:00,METAx,META,False,10000,15.01840936,9910.5724,89.43,0.5276,0.2764,Whirlpool + Byreal + Raydium CLMM,Whirlpool + Raydium CLMM + Byreal,660.6923,257611.0
2026-09-15T12:12:26+00:00,GOOGLx,GOOGL,False,100,0.28799958,99.7158,28.42,0.0,0.2944,Raydium CLMM,Whirlpool,346.3223,426291.0
2026-09-15T12:12:26+00:00,GOOGLx,GOOGL,False,1000,2.87936979,996.3626,36.37,0.0115,0.0,Raydium CLMM,Meteora DLMM + GoonFi V2 + Deriverse,346.3223,426291.0
2026-09-15T12:12:26+00:00,GOOGLx,GOOGL,False,10000,28.76132422,9930.0154,69.98,0.6959,0.1761,Byreal + Raydium CLMM + Whirlpool,Meteora DLMM + GoonFi V2 + Deriverse + Byreal,346.3223,426291.0
2026-09-15T12:12:26+00:00,AMZNx,AMZN,False,100,0.39499708,99.6189,38.11,0.4332,0.0,Byreal,Raydium CLMM + GoonFi V2 + Deriverse,252.0221,228064.0
2026-09-15T12:12:26+00:00,AMZNx,AMZN,False,1000,3.94881487,995.5442,44.56,0.4623,0.0,Byreal,Byreal,252.0221,228064.0
2026-09-15T12:12:26+00:00,AMZNx,AMZN,False,10000,39.4279585,9930.8007,69.2,0.614,0.0785,Byreal + Raydium CLMM + Quantum,Raydium CLMM + HumidiFi + Byreal,252.0221,228064.0
2026-09-15T12:28:02+00:00,AAPLx,AAPL,False,100,0.30095429,99.77,23.0,0.0158,0.2142,Raydium CLMM,Raydium CLMM,331.0821,717963.0
2026-09-15T12:28:02+00:00,AAPLx,AAPL,False,1000,3.00546263,995.4636,45.36,0.1514,0.3023,Raydium CLMM,Byreal,331.0821,717963.0
2026-09-15T12:28:02+00:00,AAPLx,AAPL,False,10000,30.03595769,9940.3748,59.63,0.2138,0.3833,Raydium CLMM + Byreal,Raydium CLMM + Byreal,331.0821,717963.0
2026-09-15T12:28:02+00:00,TSLAx,TSLA,False,100,0.27855283,99.973,2.7,0.0615,0.0,Whirlpool,Riptide,358.715,1212194.0
2026-09-15T12:28:02+00:00,TSLAx,TSLA,False,1000,2.78349682,999.0005,10.0,0.1344,0.0,Riptide,Riptide,358.715,1212194.0
2026-09-15T12:28:02+00:00,TSLAx,TSLA,False,10000,27.83526831,9989.55,10.45,0.1333,0.0,Whirlpool + Riptide,Riptide + Whirlpool,358.715,1212194.0
2026-09-15T12:28:02+00:00,NVDAx,NVDA,False,100,0.46968111,99.9544,4.56,0.0,0.0042,Riptide,Whirlpool,212.7875,1748344.0
2026-09-15T12:28:02+00:00,NVDAx,NVDA,False,1000,4.69749373,999.5733,4.27,0.0,0.1926,Riptide,Whirlpool,212.7875,1748344.0
2026-09-15T12:28:02+00:00,NVDAx,NVDA,False,10000,46.98347086,9991.2716,8.73,0.0147,0.0,Riptide,Whirlpool + Riptide + Raydium CLMM,212.7875,1748344.0
2026-09-15T12:28:02+00:00,SPYx,SPY,False,100,0.1308304,99.9817,1.83,0.0,0.423,Raydium CLMM,Byreal,762.9604,4547365.0
2026-09-15T12:28:02+00:00,SPYx,SPY,False,1000,1.30826965,999.7642,2.36,0.0,0.4256,Raydium CLMM,Byreal + Raydium CLMM + AlphaQ,762.9604,4547365.0
2026-09-15T12:28:02+00:00,SPYx,SPY,False,10000,13.08113818,9994.8203,5.18,0.0,0.4433,Byreal + Raydium CLMM + Riptide,Raydium CLMM + Riptide + Byreal,762.9604,4547365.0
2026-09-15T12:28:02+00:00,MSTRx,MSTR,False,100,0.75675796,99.8934,10.66,0.0,0.4078,Riptide,Riptide,132.5192,785067.0
2026-09-15T12:28:02+00:00,MSTRx,MSTR,False,1000,7.56808367,998.8062,11.94,0.0,0.4272,Riptide,Riptide,132.5192,785067.0
2026-09-15T12:28:02+00:00,MSTRx,MSTR,False,10000,75.66614833,9982.1776,17.82,0.0,0.4665,Riptide,Riptide,132.5192,785067.0
2026-09-15T12:28:02+00:00,METAx,META,False,100,0.15045938,99.668,33.2,0.3235,0.0086,Whirlpool,Whirlpool,660.847,258657.0
2026-09-15T12:28:02+00:00,METAx,META,False,1000,1.50408126,995.788,42.12,0.3574,0.064,Raydium CLMM,Whirlpool,660.847,258657.0
2026-09-15T12:28:02+00:00,METAx,META,False,10000,15.01485827,9911.1608,88.84,0.5293,0.361,Whirlpool + Raydium CLMM + Byreal,Whirlpool + Raydium CLMM + Byreal,660.847,258657.0
2026-09-15T12:28:02+00:00,GOOGLx,GOOGL,False,100,0.28792231,99.6608,33.92,0.0026,0.3366,Raydium CLMM,Meteora DLMM + Whirlpool + ZeroFi,346.4229,422379.0
2026-09-15T12:28:02+00:00,GOOGLx,GOOGL,False,1000,2.87864592,996.1599,38.4,0.0226,0.3615,Raydium CLMM,Meteora DLMM + GoonFi V2,346.4229,422379.0
2026-09-15T12:28:02+00:00,GOOGLx,GOOGL,False,10000,28.75812723,9931.0895,68.91,0.121,0.5688,Raydium CLMM + HumidiFi + Meteora DLMM + Byreal,Whirlpool + Byreal + Meteora DLMM + TesseraV,346.4229,422379.0
2026-09-15T12:28:02+00:00,AMZNx,AMZN,False,100,0.39522773,99.6573,34.27,0.3417,0.001,HumidiFi + Raydium CLMM,Byreal,252.1101,227088.0
2026-09-15T12:28:02+00:00,AMZNx,AMZN,False,1000,3.94863598,995.5172,44.83,0.4335,0.0148,Byreal,Byreal,252.1101,227088.0
2026-09-15T12:28:02+00:00,AMZNx,AMZN,False,10000,39.43269147,9931.3035,68.7,0.5689,0.1188,Byreal + Quantum + Raydium CLMM,Raydium CLMM + Meteora DLMM + BisonFi + Byreal,252.1101,227088.0
2026-09-15T12:43:51+00:00,AAPLx,AAPL,False,100,0.30098712,99.77,23.0,0.2154,0.0147,Raydium CLMM,Raydium CLMM,330.3835,715132.0
2026-09-15T12:43:51+00:00,AAPLx,AAPL,False,1000,3.0078155,995.8234,41.77,0.2835,0.1345,Byreal,Raydium CLMM,330.3835,715132.0
2026-09-15T12:43:51+00:00,AAPLx,AAPL,False,10000,30.04422773,9940.8093,59.19,0.396,0.1967,Raydium CLMM + Byreal,Raydium CLMM + Byreal,330.3835,715132.0
2026-09-15T12:43:51+00:00,TSLAx,TSLA,False,100,0.27880186,99.9669,3.31,0.0138,0.0193,Whirlpool,Raydium CLMM,358.5621,1211975.0
2026-09-15T12:43:51+00:00,TSLAx,TSLA,False,1000,2.78681627,999.1024,8.98,0.0569,0.0329,Riptide,Raydium CLMM,358.5621,1211975.0
2026-09-15T12:43:51+00:00,TSLAx,TSLA,False,10000,27.86833638,9990.144,9.86,0.0563,0.0423,Riptide + Whirlpool,Riptide + Raydium CLMM,358.5621,1211975.0
2026-09-15T12:43:51+00:00,NVDAx,NVDA,False,100,0.46984936,99.9574,4.26,0.3264,0.0,Whirlpool,Whirlpool,212.4778,1770522.0
2026-09-15T12:43:51+00:00,NVDAx,NVDA,False,1000,4.69796866,999.3693,6.31,0.0122,0.0508,Whirlpool,Whirlpool,212.4778,1770522.0
2026-09-15T12:43:51+00:00,NVDAx,NVDA,False,10000,46.98121582,9990.5557,9.44,0.0083,0.0,Whirlpool + Riptide,Riptide + Whirlpool,212.4778,1770522.0
2026-09-15T12:43:51+00:00,SPYx,SPY,False,100,0.13085675,99.9816,1.84,0.0,0.4207,Byreal,Raydium CLMM,762.7681,4437442.0
2026-09-15T12:43:51+00:00,SPYx,SPY,False,1000,1.30850465,999.7475,2.53,0.0,0.4227,Raydium CLMM,Whirlpool + Byreal + Raydium CLMM,762.7681,4437442.0
2026-09-15T12:43:51+00:00,SPYx,SPY,False,10000,13.08343407,9994.8134,5.19,0.0,0.437,Raydium CLMM + Riptide + Byreal,Riptide + Raydium CLMM + Byreal,762.7681,4437442.0
2026-09-15T12:43:51+00:00,MSTRx,MSTR,False,100,0.75701623,99.9,10.0,0.0,0.1606,Riptide,Riptide,132.1511,786923.0
2026-09-15T12:43:51+00:00,MSTRx,MSTR,False,1000,7.5701623,999.0005,10.0,0.0,0.1606,Riptide,Riptide,132.1511,786923.0
2026-09-15T12:43:51+00:00,MSTRx,MSTR,False,10000,75.68211689,9985.1219,14.88,0.0,0.1837,Riptide,Riptide,132.1511,786923.0
2026-09-15T12:43:51+00:00,METAx,META,False,100,0.15045264,99.668,33.2,0.2142,0.1181,Whirlpool,Whirlpool,661.5832,258810.0
2026-09-15T12:43:51+00:00,METAx,META,False,1000,1.50403853,995.8044,41.96,0.2465,0.1735,Raydium CLMM,Whirlpool,661.5832,258810.0
2026-09-15T12:43:51+00:00,METAx,META,False,10000,15.01420723,9911.285,88.72,0.4201,0.469,Whirlpool + Byreal + Raydium CLMM,Byreal + Whirlpool + Raydium CLMM,661.5832,258810.0
2026-09-15T12:43:51+00:00,GOOGLx,GOOGL,False,100,0.28825392,99.6514,34.86,0.0,0.3486,Whirlpool,Whirlpool,346.0238,418317.0
2026-09-15T12:43:51+00:00,GOOGLx,GOOGL,False,1000,2.88046148,995.2046,47.95,0.0721,0.4078,Raydium CLMM,Byreal,346.0238,418317.0
2026-09-15T12:43:51+00:00,GOOGLx,GOOGL,False,10000,28.77996159,9932.4096,67.59,0.1576,0.5191,Quantum + Meteora DLMM + Raydium CLMM + Byreal,Raydium CLMM + Meteora DLMM + BisonFi + Byreal,346.0238,418317.0
2026-09-15T12:43:51+00:00,AMZNx,AMZN,False,100,0.39584104,99.8101,18.99,0.1865,0.0034,Kipseli + Raydium CLMM,Byreal,252.1046,228017.0
2026-09-15T12:43:51+00:00,AMZNx,AMZN,False,1000,3.94880623,995.5405,44.59,0.4287,0.0173,Byreal,Byreal,252.1046,228017.0
2026-09-15T12:43:51+00:00,AMZNx,AMZN,False,10000,39.43362126,9930.345,69.65,0.566,0.1313,Raydium CLMM + Flux + Byreal,Raydium CLMM + Byreal,252.1046,228017.0
2026-09-15T13:18:28+00:00,AAPLx,AAPL,False,100,0.30065234,99.77,23.0,0.0189,0.2111,Raydium CLMM,Raydium CLMM,331.3974,719374.0
2026-09-15T13:18:28+00:00,AAPLx,AAPL,False,1000,3.0051533,995.8964,41.04,0.0644,0.3461,Byreal,Raydium CLMM,331.3974,719374.0
2026-09-15T13:18:28+00:00,AAPLx,AAPL,False,10000,30.03283654,9940.6563,59.34,0.1266,0.4674,Byreal + Raydium CLMM,Raydium CLMM + Byreal,331.3974,719374.0
2026-09-15T13:18:28+00:00,TSLAx,TSLA,False,100,0.27839239,99.9421,5.79,0.0456,0.0123,Scorch + Raydium CLMM,Whirlpool,358.9697,1213752.0
2026-09-15T13:18:28+00:00,TSLAx,TSLA,False,1000,2.78287653,999.0008,9.99,0.0832,0.0168,Riptide,Riptide,358.9697,1213752.0
2026-09-15T13:18:28+00:00,TSLAx,TSLA,False,10000,27.8289731,9989.5694,10.43,0.0824,0.0219,Riptide + Quantum + Raydium CLMM + Whirlpool,Riptide + Raydium CLMM,358.9697,1213752.0
2026-09-15T13:18:28+00:00,NVDAx,NVDA,False,100,0.46907894,99.9802,1.98,0.1507,0.0,ZeroFi + Flux + Raydium CLMM,Whirlpool,212.7401,1778081.0
2026-09-15T13:18:28+00:00,NVDAx,NVDA,False,1000,4.69000357,999.5015,4.98,0.0353,0.1273,Kipseli + Raydium CLMM,Riptide + Whirlpool,212.7401,1778081.0
2026-09-15T13:18:28+00:00,NVDAx,NVDA,False,10000,46.88425279,9990.7266,9.27,0.0,0.0222,Kipseli + Raydium CLMM + Riptide + Whirlpool,Whirlpool + Riptide,212.7401,1778081.0
2026-09-15T13:18:28+00:00,SPYx,SPY,False,100,0.13061299,99.983,1.7,0.3338,0.0,Byreal,Whirlpool,758.577,4766482.0
2026-09-15T13:18:28+00:00,SPYx,SPY,False,1000,1.30608662,999.7481,2.52,0.0249,0.0003,Riptide,Raydium CLMM,758.577,4766482.0
2026-09-15T13:18:28+00:00,SPYx,SPY,False,10000,13.06089943,9995.7836,4.22,0.0247,0.0175,Raydium CLMM + Byreal + Riptide,AlphaQ + Raydium CLMM,758.577,4766482.0
2026-09-15T13:18:28+00:00,MSTRx,MSTR,False,100,0.75766981,99.9814,1.86,0.0353,0.0,Riptide,Byreal,131.9107,790862.0
2026-09-15T13:18:28+00:00,MSTRx,MSTR,False,1000,7.57669815,999.4103,5.9,0.0352,0.0237,Riptide,Raydium CLMM + HumidiFi,131.9107,790862.0
2026-09-15T13:18:28+00:00,MSTRx,MSTR,False,10000,75.74379964,9986.6926,13.31,0.0658,0.0673,Riptide,Raydium CLMM + GoonFi V2 + Riptide,131.9107,790862.0
2026-09-15T13:18:28+00:00,METAx,META,False,100,0.15018324,99.6666,33.34,0.3279,0.0055,Whirlpool,Whirlpool,662.0156,263503.0
2026-09-15T13:18:28+00:00,METAx,META,False,1000,1.50099442,995.6041,43.96,0.3835,0.0563,Raydium CLMM,Whirlpool,662.0156,263503.0
2026-09-15T13:18:28+00:00,METAx,META,False,10000,14.98366664,9914.7994,85.2,0.5579,0.2958,Whirlpool + Byreal + Raydium CLMM,Byreal + Whirlpool + Raydium CLMM,662.0156,263503.0
2026-09-15T13:18:28+00:00,GOOGLx,GOOGL,False,100,0.28847601,99.9178,8.22,0.2001,0.0,Manifest + GoonFi V2 + Raydium CLMM,Whirlpool,339.105,426271.0
2026-09-15T13:18:28+00:00,GOOGLx,GOOGL,False,1000,2.87755564,995.797,42.03,2.2031,0.1028,Scorch + Meteora DLMM,Byreal,339.105,426271.0
2026-09-15T13:18:28+00:00,GOOGLx,GOOGL,False,10000,28.73715745,9932.9552,67.04,2.3337,0.0,HumidiFi + Meteora DLMM + Raydium CLMM + Byreal,Meteora DLMM + BisonFi + Raydium CLMM + Byreal,339.105,426271.0
2026-09-15T13:18:28+00:00,AMZNx,AMZN,False,100,0.39453134,99.6106,38.94,0.385,0.0044,GoonFi V2 + PancakeSwap + Meteora DLMM,Byreal,252.4388,231647.0
2026-09-15T13:18:28+00:00,AMZNx,AMZN,False,1000,3.94377322,995.3223,46.78,0.4239,0.044,Raydium CLMM,Byreal,252.4388,231647.0
2026-09-15T13:18:28+00:00,AMZNx,AMZN,False,10000,39.38890361,9924.027,75.97,0.5472,0.2137,Raydium CLMM + Byreal + HumidiFi + Meteora DLMM,Meteora DLMM + BisonFi + Raydium CLMM + Byreal,252.4388,231647.0
2026-09-15T13:34:06+00:00,AAPLx,AAPL,True,100,0.30161155,99.77,23.0,0.1405,0.0896,Raydium CLMM,Raydium CLMM,329.938,690878.0
2026-09-15T13:34:06+00:00,AAPLx,AAPL,True,1000,3.01202181,995.8481,41.52,0.276,0.0621,Raydium CLMM,Byreal,329.938,690878.0
2026-09-15T13:34:06+00:00,AAPLx,AAPL,True,10000,30.09235993,9939.6262,60.37,0.4454,0.159,Raydium CLMM + Byreal,Raydium CLMM + Byreal,329.938,690878.0
2026-09-15T13:34:06+00:00,TSLAx,TSLA,True,100,0.28149404,99.9148,8.52,0.0804,0.0048,Riptide,Raydium CLMM,354.8867,1176741.0
2026-09-15T13:34:06+00:00,TSLAx,TSLA,True,1000,2.81530808,999.1444,8.56,0.0674,0.0182,Riptide,Raydium CLMM,354.8867,1176741.0
2026-09-15T13:34:06+00:00,TSLAx,TSLA,True,10000,28.14928559,9991.9364,8.06,0.0808,0.0,Riptide,Raydium CLMM + Riptide,354.8867,1176741.0
2026-09-15T13:34:06+00:00,NVDAx,NVDA,True,100,0.46751404,99.9835,1.65,0.0,0.0,Raydium CLMM,Whirlpool,214.3198,1811494.0
2026-09-15T13:34:06+00:00,NVDAx,NVDA,True,1000,4.67465129,999.0251,9.75,0.0135,0.084,Raydium CLMM,Raydium CLMM + Quantum,214.3198,1811494.0
2026-09-15T13:34:06+00:00,NVDAx,NVDA,True,10000,46.77054936,9987.3008,12.7,0.0372,0.1057,Riptide,Whirlpool + Raydium CLMM + HumidiFi + Riptide,214.3198,1811494.0
2026-09-15T13:34:06+00:00,SPYx,SPY,True,100,0.13090649,99.9904,0.96,0.0176,0.177,Raydium CLMM,PancakeSwap,759.2814,4538403.0
2026-09-15T13:34:06+00:00,SPYx,SPY,True,1000,1.30899875,999.7715,2.28,0.0,0.1852,Raydium CLMM,Raydium CLMM + PancakeSwap + Byreal,759.2814,4538403.0
2026-09-15T13:34:06+00:00,SPYx,SPY,True,10000,13.08673503,9994.9223,5.08,0.0,0.1883,Raydium CLMM + Byreal + Riptide,Riptide + PancakeSwap + Raydium CLMM,759.2814,4538403.0
2026-09-15T13:34:06+00:00,MSTRx,MSTR,True,100,0.75433803,99.881,11.9,0.1131,0.0059,Riptide,Riptide,132.3887,800737.0
2026-09-15T13:34:06+00:00,MSTRx,MSTR,True,1000,7.54485241,999.1578,8.42,0.0936,0.0,Riptide,Riptide,132.3887,800737.0
2026-09-15T13:34:06+00:00,MSTRx,MSTR,True,10000,75.42657207,9982.2592,17.74,0.1227,0.0548,Riptide + ZeroFi + Raydium CLMM,Riptide + Raydium CLMM + Quantum,132.3887,800737.0
2026-09-15T13:34:06+00:00,METAx,META,True,100,0.15040668,99.6684,33.16,0.0,0.3418,Whirlpool,Byreal,663.2678,259976.0
2026-09-15T13:34:06+00:00,METAx,META,True,1000,1.50337281,995.3833,46.17,0.0359,0.426,Raydium CLMM,Whirlpool,663.2678,259976.0
2026-09-15T13:34:06+00:00,METAx,META,True,10000,15.00831826,9913.0505,86.95,0.2048,0.666,Raydium CLMM + Byreal + Whirlpool,Raydium CLMM + Byreal + Whirlpool,663.2678,259976.0
2026-09-15T13:34:06+00:00,GOOGLx,GOOGL,True,100,0.28827045,99.6813,31.87,0.0,0.0,Byreal,Whirlpool,348.6144,427263.0
2026-09-15T13:34:06+00:00,GOOGLx,GOOGL,True,1000,2.88168417,996.1316,38.68,1.1761,0.0,Byreal,Meteora DLMM + HumidiFi,348.6144,427263.0
2026-09-15T13:34:06+00:00,GOOGLx,GOOGL,True,10000,28.77759388,9933.2977,66.7,0.0862,0.5813,Quantum + Meteora DLMM + Raydium CLMM + Byreal,Byreal + Meteora DLMM + BisonFi + Raydium CLMM,348.6144,427263.0
2026-09-15T13:34:06+00:00,AMZNx,AMZN,True,100,0.39560055,99.7484,25.16,0.2451,0.0064,Flux + Raydium CLMM,Byreal,252.1074,228228.0
2026-09-15T13:34:06+00:00,AMZNx,AMZN,True,1000,3.9482358,995.1473,48.53,0.4411,0.0444,Byreal,Byreal,252.1074,228228.0
2026-09-15T13:34:06+00:00,AMZNx,AMZN,True,10000,39.43061026,9923.9032,76.1,0.5715,0.1905,HumidiFi + Raydium CLMM + Byreal,Byreal + Raydium CLMM + Meteora DLMM + BisonFi,252.1074,228228.0
2026-09-15T13:49:43+00:00,AAPLx,AAPL,True,100,0.30135283,99.7782,22.18,0.0082,0.2136,Byreal,Raydium CLMM,330.6537,686398.0
2026-09-15T13:49:43+00:00,AAPLx,AAPL,True,1000,3.01274022,996.1697,38.3,0.0343,0.3488,Byreal,Raydium CLMM,330.6537,686398.0
2026-09-15T13:49:43+00:00,AAPLx,AAPL,True,10000,30.09621215,9939.7646,60.24,0.1378,0.4652,Byreal + Raydium CLMM,Byreal + Raydium CLMM,330.6537,686398.0
2026-09-15T13:49:43+00:00,TSLAx,TSLA,True,100,0.27697359,99.9684,3.16,0.0,0.099,Whirlpool,Riptide,361.2068,1231665.0
2026-09-15T13:49:43+00:00,TSLAx,TSLA,True,1000,2.7678423,998.8468,11.53,0.001,0.1143,Riptide,Riptide,361.2068,1231665.0
2026-09-15T13:49:43+00:00,TSLAx,TSLA,True,10000,27.68282763,9992.1872,7.81,0.0,0.093,Whirlpool + Riptide,Riptide,361.2068,1231665.0
2026-09-15T13:49:43+00:00,NVDAx,NVDA,True,100,0.4672536,99.919,8.1,0.0,0.1518,Riptide,Whirlpool,212.6507,1847319.0
2026-09-15T13:49:43+00:00,NVDAx,NVDA,True,1000,4.67254072,999.1955,8.05,0.4334,0.0,Riptide,Riptide,212.6507,1847319.0
2026-09-15T13:49:43+00:00,NVDAx,NVDA,True,10000,46.689506,9987.3792,12.62,0.2151,0.0,Riptide + Whirlpool + Raydium CLMM,Riptide,212.6507,1847319.0
2026-09-15T13:49:43+00:00,SPYx,SPY,True,100,0.13088827,99.9898,1.02,0.0,0.1461,Riptide,Byreal,760.531,4529146.0
2026-09-15T13:49:43+00:00,SPYx,SPY,True,1000,1.30885438,999.8518,1.48,0.0,0.1486,Riptide,AlphaQ + Byreal + Raydium CLMM,760.531,4529146.0
2026-09-15T13:49:43+00:00,SPYx,SPY,True,10000,13.08854382,9995.8142,4.19,0.0,0.1756,Riptide,Byreal + Raydium CLMM + Riptide,760.531,4529146.0
2026-09-15T13:49:43+00:00,MSTRx,MSTR,True,100,0.76678159,99.9009,9.91,0.0,0.1706,Riptide,Raydium CLMM,130.4786,762874.0
2026-09-15T13:49:43+00:00,MSTRx,MSTR,True,1000,7.66638748,999.0005,10.0,0.0,0.1529,Riptide,Riptide,130.4786,762874.0
2026-09-15T13:49:43+00:00,MSTRx,MSTR,True,10000,76.64081684,9985.1593,14.84,0.0,0.1713,Riptide,Riptide + Raydium CLMM + Byreal,130.4786,762874.0
2026-09-15T13:49:43+00:00,METAx,META,True,100,0.14823991,99.6342,36.58,0.337,0.0289,Whirlpool,Whirlpool,670.6122,287570.0
2026-09-15T13:49:43+00:00,METAx,META,True,1000,1.48001493,994.0381,59.62,0.4973,0.0994,Raydium CLMM,Raydium CLMM,670.6122,287570.0
2026-09-15T13:49:43+00:00,METAx,META,True,10000,14.73976221,9875.2994,124.7,0.9033,0.3469,Whirlpool + Raydium CLMM + Byreal,Whirlpool + Raydium CLMM + Byreal,670.6122,287570.0
2026-09-15T13:49:43+00:00,GOOGLx,GOOGL,True,100,0.28724037,99.6515,34.85,0.3341,0.0144,Whirlpool,Whirlpool,347.5531,415173.0
2026-09-15T13:49:43+00:00,GOOGLx,GOOGL,True,1000,2.87130643,995.3106,46.89,0.0062,0.4628,Byreal,Byreal,347.5531,415173.0
2026-09-15T13:49:43+00:00,GOOGLx,GOOGL,True,10000,28.68354677,9931.5184,68.48,0.109,0.5765,Byreal + Whirlpool + Raydium CLMM,Raydium CLMM + Whirlpool + Byreal,347.5531,415173.0
2026-09-15T13:49:43+00:00,AMZNx,AMZN,True,100,0.39560019,99.7445,25.55,0.3175,0.0,Quantum + Meteora DLMM,Byreal,251.9197,229588.0
2026-09-15T13:49:43+00:00,AMZNx,AMZN,True,1000,3.94839335,995.1488,48.51,0.5092,0.0,Byreal,Byreal,251.9197,229588.0
2026-09-15T13:49:43+00:00,AMZNx,AMZN,True,10000,39.43170372,9924.1497,75.85,0.6408,0.1185,Byreal + Raydium CLMM + BisonFi + Meteora DLMM,Raydium CLMM + HumidiFi + Byreal,251.9197,229588.0
2026-09-15T14:05:22+00:00,AAPLx,AAPL,True,100,0.30147506,99.77,23.0,0.1535,0.0767,Raydium CLMM,Raydium CLMM,330.0462,684429.0
2026-09-15T14:05:22+00:00,AAPLx,AAPL,True,1000,3.01256737,995.9807,40.19,0.2258,0.1766,Byreal,Raydium CLMM,330.0462,684429.0
2026-09-15T14:05:22+00:00,AAPLx,AAPL,True,10000,30.08800657,9940.4385,59.56,0.3505,0.2459,Byreal + Raydium CLMM,Raydium CLMM + Byreal,330.0462,684429.0
2026-09-15T14:05:22+00:00,TSLAx,TSLA,True,100,0.27793476,99.9348,6.52,0.2472,0.0,HumidiFi + Raydium CLMM,Whirlpool,358.8335,1225672.0
2026-09-15T14:05:22+00:00,TSLAx,TSLA,True,1000,2.77838424,998.9242,10.76,0.2817,0.0,Riptide,Riptide,358.8335,1225672.0
2026-09-15T14:05:22+00:00,TSLAx,TSLA,True,10000,27.78606701,9989.7044,10.3,0.2738,0.0,Deriverse + Flux + Raydium CLMM + Riptide,Riptide + Whirlpool,358.8335,1225672.0
2026-09-15T14:05:22+00:00,NVDAx,NVDA,True,100,0.46843077,99.9721,2.79,0.1805,0.0413,Manifest + Scorch + Raydium CLMM,Riptide,213.0914,1824218.0
2026-09-15T14:05:22+00:00,NVDAx,NVDA,True,1000,4.6829384,999.3287,6.71,0.0,0.0,Raydium CLMM,Riptide,213.0914,1824218.0
2026-09-15T14:05:22+00:00,NVDAx,NVDA,True,10000,46.81644795,9990.4968,9.5,0.0,0.3725,Riptide + GoonFi V2 + Scorch + Raydium CLMM,Riptide,213.0914,1824218.0
2026-09-15T14:05:22+00:00,SPYx,SPY,True,100,0.13095496,99.9952,0.48,0.0064,0.0,Byreal,Whirlpool,759.0775,4490920.0
2026-09-15T14:05:22+00:00,SPYx,SPY,True,1000,1.30948802,999.7232,2.77,0.0111,0.0166,Raydium CLMM,Raydium CLMM,759.0775,4490920.0
2026-09-15T14:05:22+00:00,SPYx,SPY,True,10000,13.09316994,9994.6637,5.34,0.0242,0.0292,Riptide + Byreal + Raydium CLMM,Raydium CLMM + Riptide + Whirlpool,759.0775,4490920.0
2026-09-15T14:05:22+00:00,MSTRx,MSTR,True,100,0.76916611,99.9393,6.07,0.0,0.0802,Riptide,Raydium CLMM,129.9611,749381.0
2026-09-15T14:05:22+00:00,MSTRx,MSTR,True,1000,7.68920275,999.0358,9.64,0.0125,0.084,Riptide,Riptide,129.9611,749381.0
2026-09-15T14:05:22+00:00,MSTRx,MSTR,True,10000,76.87867794,9985.5114,14.49,0.0298,0.1151,Riptide + ZeroFi + Raydium CLMM,Riptide + Raydium CLMM + HumidiFi,129.9611,749381.0
2026-09-15T14:05:22+00:00,METAx,META,True,100,0.14720296,99.5974,40.26,0.0067,0.4138,Raydium CLMM,Byreal,677.8755,304706.0
2026-09-15T14:05:22+00:00,METAx,META,True,1000,1.47143124,994.448,55.52,0.0292,0.527,Raydium CLMM,Raydium CLMM,677.8755,304706.0
2026-09-15T14:05:22+00:00,METAx,META,True,10000,14.68666423,9909.4344,90.57,0.7136,0.2328,Raydium CLMM + HumidiFi + Meteora DLMM + Byreal,Raydium CLMM + Meteora DLMM + BisonFi + Byreal,677.8755,304706.0
2026-09-15T14:05:22+00:00,GOOGLx,GOOGL,True,100,0.28870089,99.801,19.9,0.1827,0.0163,Quantum + Meteora DLMM,Whirlpool,344.8555,426552.0
2026-09-15T14:05:22+00:00,GOOGLx,GOOGL,True,1000,2.88695371,997.7869,22.13,0.1846,0.0368,HumidiFi + Meteora DLMM,Raydium CLMM,344.8555,426552.0
2026-09-15T14:05:22+00:00,GOOGLx,GOOGL,True,10000,28.79608364,9940.2105,59.79,0.4386,0.16,Byreal + Raydium CLMM + HumidiFi + Meteora DLMM,Whirlpool + Byreal + Raydium CLMM,344.8555,426552.0
2026-09-15T14:05:22+00:00,AMZNx,AMZN,True,100,0.39738839,99.5992,40.08,0.3861,0.0147,HumidiFi + Meteora DLMM,Raydium CLMM,250.6197,213786.0
2026-09-15T14:05:22+00:00,AMZNx,AMZN,True,1000,3.97126695,995.0438,49.56,0.4517,0.0441,Byreal,Raydium CLMM,250.6197,213786.0
2026-09-15T14:05:22+00:00,AMZNx,AMZN,True,10000,39.63866271,9912.9753,87.02,0.6373,0.2345,HumidiFi + Meteora DLMM + Byreal + Raydium CLMM,Raydium CLMM + BisonFi + Byreal,250.6197,213786.0
2026-09-15T14:20:59+00:00,AAPLx,AAPL,True,100,0.30203009,99.77,23.0,0.0302,0.1999,Raydium CLMM,Raydium CLMM,329.8259,680347.0
2026-09-15T14:20:59+00:00,AAPLx,AAPL,True,1000,3.01619871,996.1038,38.96,0.166,0.224,Raydium CLMM,Raydium CLMM,329.8259,680347.0
2026-09-15T14:20:59+00:00,AAPLx,AAPL,True,10000,30.12011915,9940.2898,59.71,0.3046,0.2934,Byreal + Raydium CLMM,Raydium CLMM + Byreal,329.8259,680347.0
2026-09-15T14:20:59+00:00,TSLAx,TSLA,True,100,0.27857773,99.8874,11.26,0.0804,0.0322,Riptide,Whirlpool,358.8315,1222995.0
2026-09-15T14:20:59+00:00,TSLAx,TSLA,True,1000,2.78552214,999.0005,10.0,0.0895,0.0104,Riptide,Riptide,358.8315,1222995.0
2026-09-15T14:20:59+00:00,TSLAx,TSLA,True,10000,27.84904247,9990.5684,9.43,0.1117,0.0,Whirlpool + Riptide,Riptide,358.8315,1222995.0
2026-09-15T14:20:59+00:00,NVDAx,NVDA,True,100,0.4689301,99.9855,1.45,0.0,0.1287,Raydium CLMM,Whirlpool,213.0651,1826274.0
2026-09-15T14:20:59+00:00,NVDAx,NVDA,True,1000,4.6886704,999.4438,5.56,0.2152,0.0,Raydium CLMM,Whirlpool,213.0651,1826274.0
2026-09-15T14:20:59+00:00,NVDAx,NVDA,True,10000,46.88416844,9991.6306,8.37,0.0152,0.1792,Raydium CLMM + Riptide,Whirlpool + Riptide,213.0651,1826274.0
2026-09-15T14:20:59+00:00,SPYx,SPY,True,100,0.1311,99.9824,1.76,0.0,0.1527,Kipseli + Flux + Scorch,Raydium CLMM,759.2542,4459275.0
2026-09-15T14:20:59+00:00,SPYx,SPY,True,1000,1.3108813,999.7038,2.96,0.0,0.1557,Raydium CLMM,AlphaQ + Raydium CLMM + Byreal,759.2542,4459275.0
2026-09-15T14:20:59+00:00,SPYx,SPY,True,10000,13.10776626,9994.4366,5.56,0.0,0.1737,Riptide + Raydium CLMM + Byreal,AlphaQ + Raydium CLMM + Riptide,759.2542,4459275.0
2026-09-15T14:20:59+00:00,MSTRx,MSTR,True,100,0.76567228,99.932,6.8,0.0879,0.0,Byreal,Riptide,130.4544,755391.0
2026-09-15T14:20:59+00:00,MSTRx,MSTR,True,1000,7.65427435,998.8638,11.36,0.1198,0.0,Riptide,Riptide,130.4544,755391.0
2026-09-15T14:20:59+00:00,MSTRx,MSTR,True,10000,76.53391006,9987.1204,12.88,0.1313,0.0,Byreal + Riptide,Riptide,130.4544,755391.0
2026-09-15T14:20:59+00:00,METAx,META,True,100,0.14889109,99.6454,35.46,0.3643,0.0,Whirlpool,Whirlpool,667.472,283602.0
2026-09-15T14:20:59+00:00,METAx,META,True,1000,1.48659998,994.3478,56.52,0.5189,0.0466,Raydium CLMM,Raydium CLMM,667.472,283602.0
2026-09-15T14:20:59+00:00,METAx,META,True,10000,14.83814501,9905.981,94.02,0.7053,0.2366,Whirlpool + Raydium CLMM + Byreal,Raydium CLMM + Byreal + Whirlpool,667.472,283602.0
2026-09-15T14:20:59+00:00,GOOGLx,GOOGL,True,100,0.28882093,99.6501,34.99,0.0194,0.3305,Whirlpool,Whirlpool,345.2545,419706.0
2026-09-15T14:20:59+00:00,GOOGLx,GOOGL,True,1000,2.88624034,995.4129,45.87,0.0876,0.3714,Byreal,Raydium CLMM,345.2545,419706.0
2026-09-15T14:20:59+00:00,GOOGLx,GOOGL,True,10000,28.82417009,9930.039,69.96,0.2199,0.4807,BisonFi + Meteora DLMM + Byreal + Raydium CLMM,Meteora DLMM + HumidiFi + Byreal + Raydium CLMM,345.2545,419706.0
2026-09-15T14:20:59+00:00,AMZNx,AMZN,True,100,0.39889793,99.6484,35.16,0.0059,0.3457,Byreal,Raydium CLMM,250.6087,205328.0
2026-09-15T14:20:59+00:00,AMZNx,AMZN,True,1000,3.98749697,995.793,42.07,0.0431,0.3778,Byreal,Raydium CLMM,250.6087,205328.0
2026-09-15T14:20:59+00:00,AMZNx,AMZN,True,10000,39.78829542,9918.5998,81.4,0.2603,0.5551,Byreal + Raydium CLMM + Flux,Meteora DLMM + BisonFi + Byreal + Raydium CLMM,250.6087,205328.0
2026-09-15T14:36:36+00:00,AAPLx,AAPL,True,100,0.30230378,99.8491,15.09,0.1355,0.0154,BisonFi + Whirlpool,Raydium CLMM,329.1881,673446.0
2026-09-15T14:36:36+00:00,AAPLx,AAPL,True,1000,3.02145407,997.4431,25.57,0.1878,0.068,JupLend AMM + Quantum + Whirlpool,Raydium CLMM,329.1881,673446.0
2026-09-15T14:36:36+00:00,AAPLx,AAPL,True,10000,30.14805709,9945.2322,54.77,0.4075,0.1408,Byreal + Raydium CLMM + TesseraV + Whirlpool,Raydium CLMM + Byreal,329.1881,673446.0
2026-09-15T14:36:36+00:00,TSLAx,TSLA,True,100,0.27886722,99.9539,4.61,0.0,0.0687,JupLend AMM + Raydium CLMM + Meteora DLMM,Whirlpool,358.5887,1207178.0
2026-09-15T14:36:36+00:00,TSLAx,TSLA,True,1000,2.78819034,999.0005,10.0,0.0,0.1053,Riptide,Riptide,358.5887,1207178.0
2026-09-15T14:36:36+00:00,TSLAx,TSLA,True,10000,27.88190341,9989.9481,10.05,0.0,0.1059,Riptide,Whirlpool + Riptide + Raydium CLMM,358.5887,1207178.0
2026-09-15T14:36:36+00:00,NVDAx,NVDA,True,100,0.46898396,99.936,6.4,0.006,0.0581,Whirlpool,Whirlpool,212.7538,1789285.0
2026-09-15T14:36:36+00:00,NVDAx,NVDA,True,1000,4.68863184,999.0005,10.0,0.0,0.0229,Riptide,Riptide,212.7538,1789285.0
2026-09-15T14:36:36+00:00,NVDAx,NVDA,True,10000,46.88872842,9989.4652,10.53,0.0297,0.0789,HumidiFi + Raydium CLMM + Riptide,Whirlpool + Raydium CLMM + Riptide,212.7538,1789285.0
2026-09-15T14:36:36+00:00,SPYx,SPY,True,100,0.13129,100.0033,-0.33,0.0,0.0,BisonFi + Flux + Scorch,Scorch + Flux,757.1702,4426576.0
2026-09-15T14:36:36+00:00,SPYx,SPY,True,1000,1.31282116,999.7412,2.59,0.005,0.0208,Raydium CLMM,Riptide,757.1702,4426576.0
2026-09-15T14:36:36+00:00,SPYx,SPY,True,10000,13.1245995,9994.9156,5.08,0.0325,0.0183,Riptide + Raydium CLMM + TesseraV,Riptide + Raydium CLMM,757.1702,4426576.0
2026-09-15T14:36:36+00:00,MSTRx,MSTR,True,100,0.76855234,99.9269,7.31,0.0,0.4731,Riptide,Byreal,130.0946,761926.0
2026-09-15T14:36:36+00:00,MSTRx,MSTR,True,1000,7.68552347,999.0282,9.72,0.0,0.4979,Riptide,Riptide + Byreal,130.0946,761926.0
2026-09-15T14:36:36+00:00,MSTRx,MSTR,True,10000,76.84420098,9983.9938,16.01,0.0,0.553,ZeroFi + Raydium CLMM + Riptide,Raydium CLMM + Riptide,130.0946,761926.0
2026-09-15T14:36:36+00:00,METAx,META,True,100,0.14946891,99.7416,25.84,0.0,0.4554,Kipseli + Meteora DLMM,Raydium CLMM,668.6616,276099.0
2026-09-15T14:36:36+00:00,METAx,META,True,1000,1.4910529,994.6966,53.03,0.0459,0.4916,Whirlpool,Raydium CLMM,668.6616,276099.0
2026-09-15T14:36:36+00:00,METAx,META,True,10000,14.87894509,9904.5095,95.49,0.2507,0.706,Raydium CLMM + Byreal + Whirlpool,Byreal + Whirlpool + Raydium CLMM,668.6616,276099.0
2026-09-15T14:36:36+00:00,GOOGLx,GOOGL,True,100,0.28919999,99.6739,32.61,0.3205,0.0056,Whirlpool,Byreal,343.7494,420745.0
2026-09-15T14:36:36+00:00,GOOGLx,GOOGL,True,1000,2.89112595,996.1333,38.67,0.3506,0.0362,GoonFi V2 + Scorch + Meteora DLMM,Raydium CLMM,343.7494,420745.0
2026-09-15T14:36:36+00:00,GOOGLx,GOOGL,True,10000,28.85707108,9931.3038,68.7,0.5374,0.1504,Raydium CLMM + Byreal + BisonFi + Meteora DLMM,Whirlpool + Byreal + Raydium CLMM,343.7494,420745.0
2026-09-15T14:36:36+00:00,AMZNx,AMZN,True,100,0.39962707,99.6407,35.93,0.0316,0.3277,Byreal,Raydium CLMM + GoonFi V2 + Quay,250.4966,202579.0
2026-09-15T14:36:36+00:00,AMZNx,AMZN,True,1000,3.99437671,995.6237,43.76,0.079,0.3589,Byreal,Raydium CLMM,250.4966,202579.0
2026-09-15T14:36:36+00:00,AMZNx,AMZN,True,10000,39.85597474,9916.6901,83.31,0.1112,0.7279,Raydium CLMM + BisonFi + Meteora DLMM + Byreal,Raydium CLMM + Byreal + Meteora DLMM + HumidiFi,250.4966,202579.0
2026-09-15T14:52:14+00:00,AAPLx,AAPL,True,100,0.30196905,99.8638,13.62,0.3983,0.0261,Byreal,Raydium CLMM,328.6755,693268.0
2026-09-15T14:52:14+00:00,AAPLx,AAPL,True,1000,3.01888553,996.2405,37.6,0.1463,0.0,Byreal,Raydium CLMM,328.6755,693268.0
2026-09-15T14:52:14+00:00,AAPLx,AAPL,True,10000,30.15454824,9938.2788,61.72,0.0425,0.2565,Raydium CLMM + Byreal,Byreal + Raydium CLMM,328.6755,693268.0
2026-09-15T14:52:14+00:00,TSLAx,TSLA,True,100,0.2803281,99.9203,7.97,0.0,0.5161,Whirlpool,Whirlpool,357.8652,1183411.0
2026-09-15T14:52:14+00:00,TSLAx,TSLA,True,1000,2.80298441,999.0174,9.83,0.0,0.5241,Riptide,Riptide + Byreal + Whirlpool,357.8652,1183411.0
2026-09-15T14:52:14+00:00,TSLAx,TSLA,True,10000,28.03091897,9990.8114,9.19,0.0,0.5216,Whirlpool + Riptide,Riptide + Raydium CLMM,357.8652,1183411.0
2026-09-15T14:52:14+00:00,NVDAx,NVDA,True,100,0.47104989,99.9642,3.58,0.0,0.5143,Riptide,Byreal,212.8577,1768463.0
2026-09-15T14:52:14+00:00,NVDAx,NVDA,True,1000,4.70999237,999.3467,6.53,0.0,0.533,Riptide,Byreal + Raydium CLMM + Whirlpool,212.8577,1768463.0
2026-09-15T14:52:14+00:00,NVDAx,NVDA,True,10000,47.09992373,9990.3819,9.62,0.0,0.5637,Riptide,Riptide + Whirlpool + Byreal,212.8577,1768463.0
2026-09-15T14:52:14+00:00,SPYx,SPY,True,100,0.13154877,99.9894,1.06,0.0,0.0197,Whirlpool,Raydium CLMM,755.7041,4137134.0
2026-09-15T14:52:14+00:00,SPYx,SPY,True,1000,1.31535848,999.646,3.54,0.0007,0.0347,Riptide,Raydium CLMM,755.7041,4137134.0
2026-09-15T14:52:14+00:00,SPYx,SPY,True,10000,13.15360044,9993.8842,6.12,0.0005,0.0606,Byreal + Riptide + Whirlpool,Riptide + Byreal + Raydium CLMM,755.7041,4137134.0
2026-09-15T14:52:14+00:00,MSTRx,MSTR,True,100,0.77631031,99.9306,6.94,0.1719,0.0,GoonFi V2 + PancakeSwap + Raydium CLMM,Riptide,128.5556,749568.0
2026-09-15T14:52:14+00:00,MSTRx,MSTR,True,1000,7.76474304,999.2335,7.67,0.1508,0.0,GoonFi V2 + Whirlpool + Raydium CLMM,Riptide,128.5556,749568.0
2026-09-15T14:52:14+00:00,MSTRx,MSTR,True,10000,77.61700251,9986.1613,13.84,0.1899,0.0,GoonFi V2 + Whirlpool + Raydium CLMM + Riptide,Riptide,128.5556,749568.0
2026-09-15T14:52:14+00:00,METAx,META,True,100,0.14973044,99.669,33.1,0.3277,0.0033,Whirlpool,Raydium CLMM,663.9582,305512.0
2026-09-15T14:52:14+00:00,METAx,META,True,1000,1.49649261,995.8523,41.48,0.3818,0.0329,Whirlpool,Raydium CLMM,663.9582,305512.0
2026-09-15T14:52:14+00:00,METAx,META,True,10000,14.93084624,9922.0857,77.91,0.6089,0.1713,Raydium CLMM + Byreal + Whirlpool,Byreal + Raydium CLMM + Whirlpool,663.9582,305512.0
2026-09-15T14:52:14+00:00,GOOGLx,GOOGL,True,100,0.29048737,99.959,4.1,0.0331,0.0079,GoonFi V2 + Whirlpool + Raydium CLMM,Whirlpool,343.2189,425372.0
2026-09-15T14:52:14+00:00,GOOGLx,GOOGL,True,1000,2.90183081,998.3056,16.94,0.1378,0.0317,GoonFi V2 + Whirlpool + Raydium CLMM,Raydium CLMM,343.2189,425372.0
2026-09-15T14:52:14+00:00,GOOGLx,GOOGL,True,10000,28.90226269,9931.5437,68.46,0.5372,0.1482,Raydium CLMM + GoonFi V2 + Whirlpool + Meteora DLMM,Whirlpool + Byreal + Raydium CLMM,343.2189,425372.0
2026-09-15T14:52:14+00:00,AMZNx,AMZN,True,100,0.40185055,99.9153,8.47,0.0,0.4632,GoonFi V2 + Whirlpool + Raydium CLMM,Byreal,249.7222,198681.0
2026-09-15T14:52:14+00:00,AMZNx,AMZN,True,1000,4.00422266,994.8846,51.15,0.0,0.5349,GoonFi V2 + Whirlpool + Meteora DLMM,Raydium CLMM,249.7222,198681.0
2026-09-15T14:52:14+00:00,AMZNx,AMZN,True,10000,39.96642156,9908.3997,91.6,0.1659,0.7514,BisonFi + Meteora DLMM + Byreal + Raydium CLMM,Meteora DLMM + Quantum + Byreal + Raydium CLMM,249.7222,198681.0
2026-09-15T15:07:52+00:00,AAPLx,AAPL,True,100,0.30238193,99.7825,21.75,0.2165,0.001,Raydium CLMM,Raydium CLMM,328.825,685706.0
2026-09-15T15:07:52+00:00,AAPLx,AAPL,True,1000,3.02142039,996.7281,32.72,0.2957,0.0316,Raydium CLMM,Byreal,328.825,685706.0
2026-09-15T15:07:52+00:00,AAPLx,AAPL,True,10000,30.1609901,9940.6067,59.39,0.4713,0.1232,Raydium CLMM + Byreal,Byreal + Raydium CLMM,328.825,685706.0
2026-09-15T15:07:52+00:00,TSLAx,TSLA,True,100,0.27825401,99.9371,6.29,0.0383,0.0246,Byreal,Riptide,359.1464,1207377.0
2026-09-15T15:07:52+00:00,TSLAx,TSLA,True,1000,2.78150786,999.0005,10.0,0.0754,0.0246,Riptide,Riptide,359.1464,1207377.0
2026-09-15T15:07:52+00:00,NVDAx,NVDA,True,100,0.47036057,99.9465,5.35,0.0053,0.0482,Whirlpool,Whirlpool,212.1787,1762315.0
2026-09-15T15:07:52+00:00,NVDAx,NVDA,True,1000,4.70201226,998.9296,10.7,0.0864,0.0207,Riptide,Raydium CLMM,212.1787,1762315.0
2026-09-15T15:07:52+00:00,NVDAx,NVDA,True,10000,47.02731244,9990.11,9.89,0.0711,0.028,Riptide + Whirlpool,Raydium CLMM + Riptide,212.1787,1762315.0
2026-09-15T15:07:52+00:00,SPYx,SPY,True,100,0.13141178,100.0022,-0.22,0.1198,0.0,Byreal,Scorch + Meteora DLMM + GoonFi V2,753.7865,4135783.0
2026-09-15T15:07:52+00:00,SPYx,SPY,True,1000,1.31391421,999.7206,2.79,0.1353,0.0,Raydium CLMM,Riptide,753.7865,4135783.0
2026-09-15T15:07:52+00:00,SPYx,SPY,True,10000,13.13577194,9994.0605,5.94,0.1609,0.0,Byreal + Raydium CLMM + Riptide,Riptide + Byreal + Raydium CLMM,753.7865,4135783.0
2026-09-15T15:07:52+00:00,MSTRx,MSTR,True,100,0.76498049,99.9002,9.98,0.2941,0.0,Riptide,Riptide,130.3013,781510.0
2026-09-15T15:07:52+00:00,MSTRx,MSTR,True,1000,7.64850576,999.4407,5.59,0.311,0.0,Riptide,Riptide,130.3013,781510.0
2026-09-15T15:07:52+00:00,MSTRx,MSTR,True,10000,76.44311951,9985.3054,14.69,0.3657,0.0,Quay + BisonFi + Raydium CLMM + Riptide,Riptide,130.3013,781510.0
2026-09-15T15:07:52+00:00,METAx,META,True,100,0.14889812,99.6653,33.47,0.4948,0.0,Whirlpool,Whirlpool,666.5579,318491.0
2026-09-15T15:07:52+00:00,METAx,META,True,1000,1.48842365,995.7896,42.1,0.5321,0.0,Raydium CLMM,Whirlpool,666.5579,318491.0
2026-09-15T15:07:52+00:00,METAx,META,True,10000,14.86237483,9921.0702,78.93,0.6782,0.1119,Raydium CLMM + Byreal + Whirlpool,Raydium CLMM + Whirlpool + Byreal,666.5579,318491.0
2026-09-15T15:07:52+00:00,GOOGLx,GOOGL,True,100,0.2893703,99.7456,25.44,0.0074,0.2469,Byreal,Whirlpool,344.6362,417193.0
2026-09-15T15:07:52+00:00,GOOGLx,GOOGL,True,1000,2.89262112,995.6463,43.54,0.0448,0.3907,Byreal,Whirlpool,344.6362,417193.0
2026-09-15T15:07:52+00:00,GOOGLx,GOOGL,True,10000,28.88930714,9929.8861,70.11,0.1724,0.5297,Raydium CLMM + Quantum + Meteora DLMM + Byreal,Byreal + Meteora DLMM + BisonFi + Raydium CLMM,344.6362,417193.0
2026-09-15T15:07:52+00:00,AMZNx,AMZN,True,100,0.40085153,99.5864,41.36,0.1027,0.3112,Byreal,Byreal,249.1428,195910.0
2026-09-15T15:07:52+00:00,AMZNx,AMZN,True,1000,4.00612567,994.8967,51.03,0.1623,0.3486,Byreal,Raydium CLMM,249.1428,195910.0
2026-09-15T15:07:52+00:00,AMZNx,AMZN,True,10000,39.98902086,9908.3673,91.63,0.3423,0.576,Byreal + BisonFi + Meteora DLMM + Raydium CLMM,Meteora DLMM + HumidiFi + Byreal + Raydium CLMM,249.1428,195910.0
2026-09-15T15:23:32+00:00,AAPLx,AAPL,True,100,0.30200843,99.7825,21.75,0.196,0.0079,Raydium CLMM,Raydium CLMM,329.3049,686733.0
2026-09-15T15:23:32+00:00,AAPLx,AAPL,True,1000,3.01769096,996.245,37.55,0.2887,0.0871,Raydium CLMM,Raydium CLMM,329.3049,686733.0
2026-09-15T15:23:32+00:00,AAPLx,AAPL,True,10000,30.15487726,9940.4404,59.56,0.3615,0.235,Raydium CLMM + Byreal,Raydium CLMM + Byreal,329.3049,686733.0
2026-09-15T15:23:32+00:00,TSLAx,TSLA,True,100,0.27747429,99.9597,4.03,0.0,0.117,Whirlpool,Riptide,359.8581,1222737.0
2026-09-15T15:23:32+00:00,TSLAx,TSLA,True,1000,2.77308728,999.0005,10.0,0.0,0.117,Riptide,Riptide,359.8581,1222737.0
2026-09-15T15:23:32+00:00,TSLAx,TSLA,True,10000,27.72848986,9989.0433,10.96,0.0,0.118,Whirlpool + Riptide,Riptide,359.8581,1222737.0
2026-09-15T15:23:32+00:00,NVDAx,NVDA,True,100,0.47032874,99.9433,5.67,0.0396,0.0171,Whirlpool,Whirlpool,211.9578,1762355.0
2026-09-15T15:23:32+00:00,NVDAx,NVDA,True,1000,4.70311444,999.0005,10.0,0.0017,0.0982,Riptide,Riptide,211.9578,1762355.0
2026-09-15T15:23:32+00:00,NVDAx,NVDA,True,10000,47.03114449,9990.0198,9.98,0.0017,0.0981,Riptide,Riptide + Whirlpool,211.9578,1762355.0
2026-09-15T15:23:32+00:00,SPYx,SPY,True,100,0.13123817,100.0005,-0.05,0.0014,0.0,Raydium CLMM,Riptide,757.4355,4368437.0
2026-09-15T15:23:32+00:00,SPYx,SPY,True,1000,1.31230735,999.9481,0.52,0.0071,0.0,Raydium CLMM,Riptide,757.4355,4368437.0
2026-09-15T15:23:32+00:00,MSTRx,MSTR,True,100,0.75983735,99.9,10.0,0.0069,0.0931,Riptide,Riptide,131.5638,792114.0
2026-09-15T15:23:32+00:00,MSTRx,MSTR,True,1000,7.5983735,999.0005,10.0,0.0069,0.0931,Riptide,Riptide,131.5638,792114.0
2026-09-15T15:23:32+00:00,MSTRx,MSTR,True,10000,75.96755994,9987.2867,12.71,0.0281,0.099,Byreal + Riptide,Riptide,131.5638,792114.0
2026-09-15T15:23:32+00:00,METAx,META,True,100,0.14839693,99.6988,30.12,0.0,0.3315,Byreal,Whirlpool,672.3526,329060.0
2026-09-15T15:23:32+00:00,METAx,META,True,1000,1.48302936,995.9565,40.43,0.0329,0.3716,Raydium CLMM,Whirlpool,672.3526,329060.0
2026-09-15T15:23:32+00:00,METAx,META,True,10000,14.80719019,9921.3219,78.68,0.1887,0.5993,Byreal + Raydium CLMM + Whirlpool,Whirlpool + Manifest + Raydium CLMM,672.3526,329060.0
2026-09-15T15:23:32+00:00,GOOGLx,GOOGL,True,100,0.28913981,99.7518,24.82,0.0038,0.2444,Raydium CLMM,Meteora DLMM + GoonFi V2,344.9302,417795.0
2026-09-15T15:23:32+00:00,GOOGLx,GOOGL,True,1000,2.89073814,995.514,44.86,0.0266,0.4221,Raydium CLMM,Meteora DLMM + BisonFi + JupLend AMM,344.9302,417795.0
2026-09-15T15:23:32+00:00,GOOGLx,GOOGL,True,10000,28.87377932,9930.715,69.29,0.1428,0.5508,Byreal + Raydium CLMM + HumidiFi + Meteora DLMM,Raydium CLMM + Meteora DLMM + BisonFi + Byreal,344.9302,417795.0
2026-09-15T15:23:32+00:00,AMZNx,AMZN,True,100,0.40118196,99.7652,23.48,0.3993,0.0,Byreal,Meteora DLMM + Flux + JupLend AMM,248.2026,193917.0
2026-09-15T15:23:32+00:00,AMZNx,AMZN,True,1000,4.00888994,994.8594,51.41,0.4721,0.0422,Byreal,Raydium CLMM,248.2026,193917.0
2026-09-15T15:23:32+00:00,AMZNx,AMZN,True,10000,40.00693068,9907.3821,92.62,0.6759,0.2523,Byreal + Raydium CLMM + HumidiFi + Meteora DLMM,Byreal + Raydium CLMM + Meteora DLMM + Quantum,248.2026,193917.0
2026-09-15T15:39:12+00:00,AAPLx,AAPL,True,100,0.30187923,99.7825,21.75,0.0095,0.0,Raydium CLMM,Raydium CLMM,329.4041,687851.0
2026-09-15T15:39:12+00:00,AAPLx,AAPL,True,1000,3.01673722,996.3579,36.42,1.1332,0.2876,Raydium CLMM,Raydium CLMM,329.4041,687851.0
2026-09-15T15:39:12+00:00,AAPLx,AAPL,True,10000,30.14882829,9941.3535,58.65,0.1382,0.4498,Byreal + Raydium CLMM,Raydium CLMM + Byreal,329.4041,687851.0
2026-09-15T15:39:12+00:00,TSLAx,TSLA,True,100,0.27783761,99.9676,3.24,0.0332,0.0,Riptide,Raydium CLMM,359.7145,1224549.0
2026-09-15T15:39:12+00:00,TSLAx,TSLA,True,1000,2.77841474,999.5565,4.43,0.0318,0.0126,Riptide,Raydium CLMM,359.7145,1224549.0
2026-09-15T15:39:12+00:00,TSLAx,TSLA,True,10000,27.7841474,9990.8424,9.16,0.0318,0.0598,Riptide,Raydium CLMM + Riptide,359.7145,1224549.0
2026-09-15T15:39:12+00:00,NVDAx,NVDA,True,100,0.47019786,99.9342,6.58,0.0048,0.0236,Whirlpool,Whirlpool,212.2527,1758269.0
2026-09-15T15:39:12+00:00,NVDAx,NVDA,True,1000,4.70083997,999.0005,10.0,0.0664,0.0336,Riptide,Riptide,212.2527,1758269.0
2026-09-15T15:39:12+00:00,SPYx,SPY,True,100,0.13121877,99.9854,1.46,0.0019,0.0127,Raydium CLMM,Byreal,758.5739,4421776.0
2026-09-15T15:39:12+00:00,SPYx,SPY,True,1000,1.31211183,999.6843,3.16,0.0063,0.0253,Raydium CLMM,Raydium CLMM,758.5739,4421776.0
2026-09-15T15:39:12+00:00,SPYx,SPY,True,10000,13.11935807,9994.4423,5.56,0.0405,0.0333,Raydium CLMM + Riptide + Byreal,Riptide + Byreal + Raydium CLMM,758.5739,4421776.0
2026-09-15T15:39:12+00:00,MSTRx,MSTR,True,100,0.75037417,99.9711,2.89,0.0234,0.0055,Quay + Flux + Raydium CLMM,Riptide,133.2029,824731.0
2026-09-15T15:39:12+00:00,MSTRx,MSTR,True,1000,7.50339307,999.5365,4.64,0.028,0.0184,GoonFi V2 + Scorch + Raydium CLMM,Riptide,133.2029,824731.0
2026-09-15T15:39:12+00:00,MSTRx,MSTR,True,10000,74.98815422,9985.6895,14.31,0.089,0.0542,Riptide + GoonFi V2 + Scorch + Raydium CLMM,Riptide,133.2029,824731.0
2026-09-15T15:39:12+00:00,METAx,META,True,100,0.14925039,99.6712,32.88,0.3291,0.0,Whirlpool,Byreal,666.1144,313484.0
2026-09-15T15:39:12+00:00,METAx,META,True,1000,1.49169316,995.7945,42.05,0.3833,0.0374,Whirlpool,Raydium CLMM,666.1144,313484.0
2026-09-15T15:39:12+00:00,METAx,META,True,10000,14.88372898,9921.2737,78.73,0.6084,0.1799,Raydium CLMM + Whirlpool + Byreal,Byreal + Raydium CLMM + Whirlpool,666.1144,313484.0
2026-09-15T15:39:12+00:00,GOOGLx,GOOGL,True,100,0.29021503,99.8632,13.68,0.0,0.1375,Flux + Meteora DLMM,Byreal,343.6724,411392.0
2026-09-15T15:39:12+00:00,GOOGLx,GOOGL,True,1000,2.89818787,997.0194,29.81,0.1359,0.1624,GoonFi V2 + Scorch + Meteora DLMM,Raydium CLMM,343.6724,411392.0
2026-09-15T15:39:12+00:00,GOOGLx,GOOGL,True,10000,28.89387264,9928.2713,71.73,0.4392,0.2794,Byreal + HumidiFi + Meteora DLMM + Raydium CLMM,Whirlpool + Byreal + Raydium CLMM,343.6724,411392.0
2026-09-15T15:39:12+00:00,AMZNx,AMZN,True,100,0.40114541,99.6203,37.97,0.4107,0.0,Byreal,Meteora DLMM + HumidiFi,248.2013,193728.0
2026-09-15T15:39:12+00:00,AMZNx,AMZN,True,1000,4.00946356,995.0247,49.75,0.4601,0.0376,Byreal,Raydium CLMM,248.2013,193728.0
2026-09-15T15:39:12+00:00,AMZNx,AMZN,True,10000,40.01428507,9909.0295,90.97,0.6596,0.2518,HumidiFi + Raydium CLMM + Byreal,Meteora DLMM + HumidiFi + Raydium CLMM + Byreal,248.2013,193728.0
2026-09-15T15:54:55+00:00,AAPLx,AAPL,True,100,0.3018799,99.7825,21.75,0.2075,0.01,Raydium CLMM,Raydium CLMM,329.3967,692495.0
2026-09-15T15:54:55+00:00,AAPLx,AAPL,True,1000,3.0165131,996.3246,36.75,0.0823,0.2855,GoonFi V2 + Whirlpool,Raydium CLMM,329.3967,692495.0
2026-09-15T15:54:55+00:00,AAPLx,AAPL,True,10000,30.13418422,9941.171,58.83,0.1848,0.5341,Raydium CLMM + Quantum + Whirlpool + Byreal,Raydium CLMM + Byreal,329.3967,692495.0
2026-09-15T15:54:55+00:00,TSLAx,TSLA,True,100,0.27634349,99.905,9.5,0.0,0.1504,GoonFi V2 + Flux + Raydium CLMM,Riptide,361.9631,1244952.0
2026-09-15T15:54:55+00:00,TSLAx,TSLA,True,1000,2.76471923,999.2189,7.81,0.0,0.1798,Riptide,Whirlpool + Riptide,361.9631,1244952.0
2026-09-15T15:54:55+00:00,TSLAx,TSLA,True,10000,27.64163219,9989.2723,10.73,0.0,0.1867,Riptide,Raydium CLMM + Riptide,361.9631,1244952.0
2026-09-15T15:54:55+00:00,NVDAx,NVDA,True,100,0.47015449,99.9403,5.97,0.0,0.0575,Riptide,Whirlpool,212.1591,1752927.0
2026-09-15T15:54:55+00:00,NVDAx,NVDA,True,1000,4.70154965,999.0005,10.0,0.3157,0.0,Riptide,Riptide,212.1591,1752927.0
2026-09-15T15:54:55+00:00,NVDAx,NVDA,True,10000,47.01875269,9990.0785,9.92,0.3761,0.0,Flux + Raydium CLMM + Whirlpool + Riptide,Riptide + Whirlpool,212.1591,1752927.0
2026-09-15T15:54:55+00:00,SPYx,SPY,True,100,0.13129131,99.988,1.2,0.0027,0.0101,Raydium CLMM,Scorch + Deriverse,757.0975,4363359.0
2026-09-15T15:54:55+00:00,SPYx,SPY,True,1000,1.31283659,999.6726,3.27,0.0063,0.0267,Raydium CLMM,Raydium CLMM,757.0975,4363359.0
2026-09-15T15:54:55+00:00,SPYx,SPY,True,10000,13.12560204,9994.5281,5.47,0.0265,0.0296,Riptide + AlphaQ + Raydium CLMM,Byreal + Raydium CLMM + Riptide,757.0975,4363359.0
2026-09-15T15:54:55+00:00,MSTRx,MSTR,True,100,0.75700167,99.87,13.0,0.2723,0.0,Riptide,Riptide,131.7047,800492.0
2026-09-15T15:54:55+00:00,MSTRx,MSTR,True,1000,7.57229567,999.0081,9.92,0.2423,0.0,Riptide,Riptide,131.7047,800492.0
2026-09-15T15:54:55+00:00,MSTRx,MSTR,True,10000,75.70635542,9988.4432,11.56,0.2641,0.0,Riptide,Riptide,131.7047,800492.0
2026-09-15T15:54:55+00:00,METAx,META,True,100,0.14921464,99.6049,39.51,0.355,0.0403,Whirlpool,Raydium CLMM,666.0994,282460.0
2026-09-15T15:54:55+00:00,METAx,META,True,1000,1.49030632,994.6693,53.31,0.4779,0.0555,Raydium CLMM,Raydium CLMM,666.0994,282460.0
2026-09-15T15:54:55+00:00,METAx,META,True,10000,14.88351152,9920.3712,79.63,0.6084,0.189,Byreal + Raydium CLMM,Byreal + Whirlpool + Raydium CLMM,666.0994,282460.0
2026-09-15T15:54:55+00:00,GOOGLx,GOOGL,True,100,0.28978803,99.7093,29.07,0.047,0.0081,Whirlpool,Raydium CLMM,344.0064,410772.0
2026-09-15T15:54:55+00:00,GOOGLx,GOOGL,True,1000,2.89606778,996.242,37.58,0.345,0.0309,HumidiFi + Meteora DLMM,Raydium CLMM,344.0064,410772.0
2026-09-15T15:54:55+00:00,GOOGLx,GOOGL,True,10000,28.91443105,9932.108,67.89,0.5041,0.1757,BisonFi + Meteora DLMM + Raydium CLMM + Byreal,Byreal + Whirlpool + Raydium CLMM,344.0064,410772.0
2026-09-15T15:54:55+00:00,AMZNx,AMZN,True,100,0.40040244,99.6236,37.64,0.2097,0.167,Byreal,Meteora DLMM + BisonFi,249.6705,201540.0
2026-09-15T15:54:55+00:00,AMZNx,AMZN,True,1000,4.00261383,995.5049,44.95,0.0,0.6602,Byreal,Raydium CLMM + Meteora DLMM + BisonFi + Byreal,249.6705,201540.0
2026-09-15T15:54:55+00:00,AMZNx,AMZN,True,10000,39.94763313,9913.1927,86.81,0.0,0.8835,HumidiFi + Meteora DLMM + Raydium CLMM + Byreal,Raydium CLMM + Meteora DLMM + BisonFi + Byreal,249.6705,201540.0
2026-09-15T16:10:48+00:00,AAPLx,AAPL,True,100,0.3021811,99.8497,15.03,0.1845,0.2937,HumidiFi + Whirlpool,Raydium CLMM,329.1436,688324.0
2026-09-15T16:10:48+00:00,AAPLx,AAPL,True,1000,3.0173837,996.2451,37.55,0.0029,0.3726,Raydium CLMM,Raydium CLMM,329.1436,688324.0
2026-09-15T16:10:48+00:00,AAPLx,AAPL,True,10000,30.14252336,9940.8687,59.13,0.1067,0.4016,Raydium CLMM + Byreal,Byreal + Raydium CLMM,329.1436,688324.0
2026-09-15T16:10:48+00:00,TSLAx,TSLA,True,100,0.27671769,99.9825,1.75,0.0,0.0747,Quantum + Meteora DLMM,Riptide,361.4793,1248515.0
2026-09-15T16:10:48+00:00,TSLAx,TSLA,True,1000,2.76489492,999.0005,10.0,0.0253,0.0747,Riptide,Riptide,361.4793,1248515.0
2026-09-15T16:10:48+00:00,TSLAx,TSLA,True,10000,27.65691032,9985.6407,14.36,0.0,0.1471,Riptide + Kipseli + Meteora DLMM,Manifest + Raydium CLMM + Riptide,361.4793,1248515.0
2026-09-15T16:10:48+00:00,NVDAx,NVDA,True,100,0.47075496,99.9527,4.73,0.0458,0.0015,Whirlpool,Raydium CLMM,212.5994,1756959.0
2026-09-15T16:10:48+00:00,NVDAx,NVDA,True,1000,4.70552131,998.9996,10.0,0.0889,0.0112,Riptide,Riptide,212.5994,1756959.0
2026-09-15T16:10:48+00:00,NVDAx,NVDA,True,10000,47.0558239,9990.0937,9.91,0.0876,0.0115,Whirlpool + Riptide,Riptide + Raydium CLMM,212.5994,1756959.0
2026-09-15T16:10:48+00:00,SPYx,SPY,True,100,0.13127799,99.9865,1.35,0.0,0.0236,Raydium CLMM,Riptide,757.0414,4579050.0
2026-09-15T16:10:48+00:00,SPYx,SPY,True,1000,1.31272012,999.8199,1.8,0.0258,0.0,Raydium CLMM,Riptide,757.0414,4579050.0
2026-09-15T16:10:48+00:00,SPYx,SPY,True,10000,13.12333484,9994.6471,5.35,0.0552,0.0,Riptide + Raydium CLMM + Byreal,Raydium CLMM + Riptide,757.0414,4579050.0
2026-09-15T16:10:48+00:00,MSTRx,MSTR,True,100,0.75684588,99.9,10.0,0.1465,0.0,Riptide,Riptide,131.8948,800259.0
2026-09-15T16:10:48+00:00,MSTRx,MSTR,True,1000,7.56845883,999.0761,9.24,0.1465,0.0,Riptide,Riptide,131.8948,800259.0
2026-09-15T16:10:48+00:00,MSTRx,MSTR,True,10000,75.66549694,9984.4401,15.56,0.1717,0.0,Kipseli + Riptide + HumidiFi + Raydium CLMM,Riptide + Raydium CLMM + Byreal,131.8948,800259.0
2026-09-15T16:10:48+00:00,METAx,META,True,100,0.14929501,99.6711,32.89,0.2886,0.0403,BisonFi + Meteora DLMM,Raydium CLMM,666.1535,283184.0
2026-09-15T16:10:48+00:00,METAx,META,True,1000,1.49011833,994.6693,53.31,0.4778,0.0555,Raydium CLMM,Raydium CLMM,666.1535,283184.0
2026-09-15T16:10:48+00:00,METAx,META,True,10000,14.88130545,9920.2389,79.76,0.6106,0.1882,Byreal + Raydium CLMM,Raydium CLMM + Whirlpool + Byreal,666.1535,283184.0
2026-09-15T16:10:48+00:00,GOOGLx,GOOGL,True,100,0.28978442,99.6878,31.22,0.0225,0.2898,Whirlpool,Raydium CLMM,344.087,414827.0
2026-09-15T16:10:48+00:00,GOOGLx,GOOGL,True,1000,2.89541689,995.8164,41.84,0.1062,0.3125,Byreal,Raydium CLMM,344.087,414827.0
2026-09-15T16:10:48+00:00,GOOGLx,GOOGL,True,10000,28.91402094,9931.0096,68.99,0.2447,0.4463,Raydium CLMM + HumidiFi + Meteora DLMM + Byreal,Raydium CLMM + Byreal + Meteora DLMM + Quantum,344.087,414827.0
2026-09-15T16:10:48+00:00,AMZNx,AMZN,True,100,0.40100059,99.6594,34.06,0.0,0.4032,ZeroFi + BisonFi + Meteora DLMM,Byreal,249.4594,196782.0
2026-09-15T16:10:48+00:00,AMZNx,AMZN,True,1000,4.00542863,994.9762,50.24,0.0514,0.4512,Byreal,Byreal,249.4594,196782.0
2026-09-15T16:10:48+00:00,AMZNx,AMZN,True,10000,39.98945076,9911.3356,88.66,0.2132,0.6749,HumidiFi + Meteora DLMM + Raydium CLMM + Byreal,Raydium CLMM + Meteora DLMM + HumidiFi + Byreal,249.4594,196782.0
2026-09-15T16:26:27+00:00,AAPLx,AAPL,True,100,0.30158889,99.7595,24.05,0.0321,0.2085,Raydium CLMM,Raydium CLMM,329.5715,695617.0
2026-09-15T16:26:27+00:00,AAPLx,AAPL,True,1000,3.01419428,996.212,37.88,0.2763,0.0896,Raydium CLMM,Raydium CLMM,329.5715,695617.0
2026-09-15T16:26:27+00:00,AAPLx,AAPL,True,10000,30.12279014,9940.8742,59.13,0.3528,0.229,Raydium CLMM + Byreal,Byreal + Raydium CLMM,329.5715,695617.0
2026-09-15T16:26:27+00:00,TSLAx,TSLA,True,100,0.27699157,99.978,2.2,0.0,0.0795,Whirlpool,BinaryFi,361.1287,1245315.0
2026-09-15T16:26:27+00:00,TSLAx,TSLA,True,1000,2.76911695,995.7007,42.99,0.0,0.4584,Riptide,BinaryFi,361.1287,1245315.0
2026-09-15T16:26:27+00:00,TSLAx,TSLA,True,10000,27.68736922,9989.646,10.35,0.0,0.1184,Whirlpool + Riptide + Flux + Raydium CLMM,Riptide,361.1287,1245315.0
2026-09-15T16:26:27+00:00,NVDAx,NVDA,True,100,0.47052766,99.9427,5.73,0.0,0.1036,Whirlpool,Whirlpool,211.9975,1749431.0
2026-09-15T16:26:27+00:00,NVDAx,NVDA,True,1000,4.70484393,999.0854,9.15,0.0,0.1286,Riptide,Riptide + Whirlpool,211.9975,1749431.0
2026-09-15T16:26:27+00:00,NVDAx,NVDA,True,10000,47.04848263,9989.301,10.7,0.0,0.3114,Riptide + Whirlpool,Whirlpool + Riptide,211.9975,1749431.0
2026-09-15T16:26:27+00:00,SPYx,SPY,True,100,0.13116399,99.9935,0.65,0.0881,0.0,Byreal,Riptide,757.1933,4659404.0
2026-09-15T16:26:27+00:00,SPYx,SPY,True,1000,1.31146369,999.801,1.99,0.1015,0.0,Raydium CLMM,Riptide,757.1933,4659404.0
2026-09-15T16:26:27+00:00,SPYx,SPY,True,10000,13.11092327,9995.1785,4.82,0.1298,0.0,Byreal + Raydium CLMM + Riptide,Riptide,757.1933,4659404.0
2026-09-15T16:26:27+00:00,MSTRx,MSTR,True,100,0.75636539,99.9,10.0,0.0,0.2103,Riptide,Riptide,132.3205,799522.0
2026-09-15T16:26:27+00:00,MSTRx,MSTR,True,1000,7.56371112,999.0005,10.0,0.0,0.211,Riptide,Riptide,132.3205,799522.0
2026-09-15T16:26:27+00:00,MSTRx,MSTR,True,10000,75.62249588,9985.7761,14.22,0.0,0.234,Riptide,Riptide,132.3205,799522.0
2026-09-15T16:26:27+00:00,METAx,META,True,100,0.14936982,99.6072,39.28,0.3919,0.0009,Whirlpool,Byreal,665.141,279365.0
2026-09-15T16:26:27+00:00,METAx,META,True,1000,1.49193468,994.6691,53.31,0.5095,0.0237,Raydium CLMM,Raydium CLMM,665.141,279365.0
2026-09-15T16:26:27+00:00,METAx,META,True,10000,14.89923345,9920.322,79.68,0.6436,0.1542,Raydium CLMM + Byreal,Whirlpool + Byreal + Raydium CLMM,665.141,279365.0
2026-09-15T16:26:27+00:00,GOOGLx,GOOGL,True,100,0.28971165,99.6856,31.44,0.1956,0.119,Whirlpool,Byreal,343.5827,414698.0
2026-09-15T16:26:27+00:00,GOOGLx,GOOGL,True,1000,2.89331619,995.177,48.23,0.3265,0.1563,Byreal,Byreal,343.5827,414698.0
2026-09-15T16:26:27+00:00,GOOGLx,GOOGL,True,10000,28.90055043,9930.295,69.7,0.4389,0.2593,Raydium CLMM + Byreal + BisonFi + Meteora DLMM,Meteora DLMM + BisonFi + Byreal + Raydium CLMM,343.5827,414698.0
2026-09-15T16:26:27+00:00,AMZNx,AMZN,True,100,0.40094899,99.6259,37.41,0.0,0.4818,Flux + Meteora DLMM,Byreal,249.6146,196401.0
2026-09-15T16:26:27+00:00,AMZNx,AMZN,True,1000,4.00621067,994.9775,50.22,0.0,0.5285,Byreal,Raydium CLMM,249.6146,196401.0
2026-09-15T16:26:27+00:00,AMZNx,AMZN,True,10000,39.98855292,9911.6367,88.36,0.1573,0.7275,Raydium CLMM + BisonFi + Meteora DLMM + Byreal,Raydium CLMM + HumidiFi + Byreal,249.6146,196401.0
2026-09-15T16:42:08+00:00,AAPLx,AAPL,True,100,0.30179507,99.7825,21.75,0.0,0.3067,Raydium CLMM,Raydium CLMM,326.0792,690390.0
2026-09-15T16:42:08+00:00,AAPLx,AAPL,True,1000,3.0155588,996.2983,37.02,0.0,0.3803,Raydium CLMM,Byreal,326.0792,690390.0
2026-09-15T16:42:08+00:00,AAPLx,AAPL,True,10000,30.11990277,9941.1063,58.89,0.2054,0.3843,Raydium CLMM + Byreal,Raydium CLMM + Byreal,326.0792,690390.0
2026-09-15T16:42:08+00:00,TSLAx,TSLA,True,100,0.27705275,99.9695,3.05,0.0291,0.0014,Flux + Raydium CLMM,Raydium CLMM,360.7344,1251564.0
2026-09-15T16:42:08+00:00,TSLAx,TSLA,True,1000,2.76832498,999.2043,7.96,0.1085,0.0,Riptide,BinaryFi,360.7344,1251564.0
2026-09-15T16:42:08+00:00,TSLAx,TSLA,True,10000,27.68391907,9989.3854,10.61,0.1061,0.0,Riptide + HumidiFi + Raydium CLMM + Whirlpool,BinaryFi + Riptide,360.7344,1251564.0
2026-09-15T16:42:08+00:00,NVDAx,NVDA,True,100,0.47095652,99.9916,0.84,0.0,0.0271,JupLend AMM + Flux + Raydium CLMM,Riptide,211.9495,1777018.0
2026-09-15T16:42:08+00:00,NVDAx,NVDA,True,1000,4.7082001,999.9989,0.01,0.0103,0.0,TesseraV + Raydium CLMM,Riptide,211.9495,1777018.0
2026-09-15T16:42:08+00:00,NVDAx,NVDA,True,10000,47.04056205,9985.7337,14.27,0.0756,0.1339,Riptide + BisonFi + Raydium CLMM,Riptide + BinaryFi,211.9495,1777018.0
2026-09-15T16:42:08+00:00,SPYx,SPY,True,100,0.13124449,99.9917,0.83,0.2352,0.0,Byreal,Scorch + BisonFi + GoonFi V2,755.5995,4551812.0
2026-09-15T16:42:08+00:00,SPYx,SPY,True,1000,1.31236748,999.6723,3.28,0.2411,0.0,Raydium CLMM,Raydium CLMM,755.5995,4551812.0
2026-09-15T16:42:08+00:00,SPYx,SPY,True,10000,13.12224097,9994.4152,5.58,0.252,0.0,Byreal + Riptide + Raydium CLMM,Riptide + Raydium CLMM + Byreal,755.5995,4551812.0
2026-09-15T16:42:08+00:00,MSTRx,MSTR,True,100,0.75839965,99.9654,3.46,0.0,0.274,Riptide,Byreal,132.1337,800483.0
2026-09-15T16:42:08+00:00,MSTRx,MSTR,True,1000,7.58333541,999.2374,7.63,0.0,0.3069,Riptide,Riptide + Byreal + Raydium CLMM,132.1337,800483.0
2026-09-15T16:42:08+00:00,MSTRx,MSTR,True,10000,75.81822743,9985.6116,14.39,0.0,0.3545,Riptide,Raydium CLMM + Riptide,132.1337,800483.0
2026-09-15T16:42:08+00:00,METAx,META,True,100,0.14939744,99.62,38.0,0.3631,0.0169,Whirlpool,Raydium CLMM,665.1968,293051.0
2026-09-15T16:42:08+00:00,METAx,META,True,1000,1.49190599,994.6691,53.31,0.5011,0.0322,Raydium CLMM,Raydium CLMM,665.1968,293051.0
2026-09-15T16:42:08+00:00,METAx,META,True,10000,14.90243478,9921.8687,78.13,0.612,0.1704,Raydium CLMM + Whirlpool + Byreal,Byreal + Raydium CLMM,665.1968,293051.0
2026-09-15T16:42:08+00:00,GOOGLx,GOOGL,True,100,0.28960535,99.6755,32.45,0.0,0.3946,Whirlpool,Byreal,344.618,415387.0
2026-09-15T16:42:08+00:00,GOOGLx,GOOGL,True,1000,2.8925489,995.1773,48.23,0.0507,0.4318,Byreal,Byreal,344.618,415387.0
2026-09-15T16:42:08+00:00,GOOGLx,GOOGL,True,10000,28.8976454,9929.6593,70.34,0.1469,0.5573,Byreal + Raydium CLMM + HumidiFi + Meteora DLMM,Meteora DLMM + BisonFi + Byreal + Raydium CLMM,344.618,415387.0
2026-09-15T16:42:08+00:00,AMZNx,AMZN,True,100,0.40121594,99.7508,24.92,0.0,0.4637,HumidiFi + Raydium CLMM,Meteora DLMM + BisonFi,249.2046,195363.0
2026-09-15T16:42:08+00:00,AMZNx,AMZN,True,1000,4.00774303,995.6236,43.76,0.0,0.5423,Byreal,Meteora DLMM + Flux + Byreal,249.2046,195363.0
2026-09-15T16:42:08+00:00,AMZNx,AMZN,True,10000,40.01608824,9919.1955,80.8,0.048,0.7605,Raydium CLMM + Byreal + HumidiFi,Byreal + Meteora DLMM + BisonFi + Raydium CLMM,249.2046,195363.0
2026-09-15T16:57:51+00:00,AAPLx,AAPL,True,100,0.3020599,99.787,21.3,0.2086,0.0044,Raydium CLMM,Byreal,329.2128,688896.0
2026-09-15T16:57:51+00:00,AAPLx,AAPL,True,1000,3.01820389,996.8189,31.81,0.2878,0.0304,Raydium CLMM,Byreal,329.2128,688896.0
2026-09-15T16:57:51+00:00,AAPLx,AAPL,True,10000,30.12758361,9941.1736,58.83,0.4677,0.1212,Raydium CLMM + Byreal,Raydium CLMM + Byreal,329.2128,688896.0
2026-09-15T16:57:51+00:00,TSLAx,TSLA,True,100,0.27733888,99.9782,2.18,0.0189,0.0029,Riptide,Raydium CLMM,360.4465,1248026.0
2026-09-15T16:57:51+00:00,TSLAx,TSLA,True,1000,2.77282916,999.4476,5.52,0.0391,0.0162,Riptide,Raydium CLMM,360.4465,1248026.0
2026-09-15T16:57:51+00:00,TSLAx,TSLA,True,10000,27.72829166,9990.8487,9.15,0.0391,0.0525,Riptide,Riptide + Raydium CLMM + BinaryFi,360.4465,1248026.0
2026-09-15T16:57:51+00:00,NVDAx,NVDA,True,100,0.47094002,99.9563,4.37,0.024,0.0197,Riptide,Whirlpool,211.9081,1791845.0
2026-09-15T16:57:51+00:00,NVDAx,NVDA,True,1000,4.70940027,999.0077,9.92,0.024,0.0753,Riptide,Whirlpool,211.9081,1791845.0
2026-09-15T16:57:51+00:00,NVDAx,NVDA,True,10000,47.09557992,9990.1802,9.82,0.0206,0.078,Riptide,Whirlpool + Riptide,211.9081,1791845.0
2026-09-15T16:57:51+00:00,SPYx,SPY,True,100,0.13116374,99.9799,2.01,0.2215,0.0,Byreal,AlphaQ,756.2075,4551345.0
2026-09-15T16:57:51+00:00,SPYx,SPY,True,1000,1.31158579,999.696,3.04,0.2254,0.0,Riptide,Raydium CLMM,756.2075,4551345.0
2026-09-15T16:57:51+00:00,SPYx,SPY,True,10000,13.11587141,9994.6691,5.33,0.2253,0.0,Riptide + Byreal + Raydium CLMM,Byreal + Raydium CLMM + Riptide,756.2075,4551345.0
2026-09-15T16:57:51+00:00,MSTRx,MSTR,True,100,0.75644999,99.9,10.0,0.0,0.1345,Riptide,Riptide,132.2094,801028.0
2026-09-15T16:57:51+00:00,MSTRx,MSTR,True,1000,7.5644999,999.0005,10.0,0.0,0.1345,Riptide,Riptide,132.2094,801028.0
2026-09-15T16:57:51+00:00,MSTRx,MSTR,True,10000,75.63151917,9984.3237,15.68,0.0,0.1735,Riptide,Riptide,132.2094,801028.0
2026-09-15T16:57:51+00:00,METAx,META,True,100,0.14943013,99.6234,37.66,0.3388,0.0379,Whirlpool,Raydium CLMM,665.2476,292967.0
2026-09-15T16:57:51+00:00,METAx,META,True,1000,1.49218191,994.6691,53.31,0.4802,0.0532,Raydium CLMM,Raydium CLMM,665.2476,292967.0
2026-09-15T16:57:51+00:00,METAx,META,True,10000,14.90483804,9921.8294,78.17,0.5934,0.1894,Raydium CLMM + Whirlpool + Byreal,Byreal + Raydium CLMM,665.2476,292967.0
2026-09-15T16:57:51+00:00,GOOGLx,GOOGL,True,100,0.28962353,99.6793,32.07,0.3093,0.0115,BisonFi + Meteora DLMM,Byreal,343.3066,412603.0
2026-09-15T16:57:51+00:00,GOOGLx,GOOGL,True,1000,2.89349467,995.4777,45.22,0.4036,0.0488,Raydium CLMM,Byreal,343.3066,412603.0
2026-09-15T16:57:51+00:00,GOOGLx,GOOGL,True,10000,28.90463649,9930.2282,69.77,0.5079,0.1908,HumidiFi + Meteora DLMM + Byreal + Raydium CLMM,Raydium CLMM + Meteora DLMM + BisonFi + Byreal,343.3066,412603.0
2026-09-15T16:57:51+00:00,AMZNx,AMZN,True,100,0.40110522,99.6429,35.71,0.3571,0.0001,Kipseli + Meteora DLMM,Byreal,248.3595,195247.0
2026-09-15T16:57:51+00:00,AMZNx,AMZN,True,1000,4.00821975,995.4185,45.81,0.4274,0.0309,Byreal,Byreal,248.3595,195247.0
2026-09-15T16:57:51+00:00,AMZNx,AMZN,True,10000,40.0214134,9917.5252,82.47,0.5784,0.2478,Quantum + Meteora DLMM + Byreal + Raydium CLMM,Raydium CLMM + Byreal + Meteora DLMM + BisonFi,248.3595,195247.0
2026-09-15T17:13:29+00:00,AAPLx,AAPL,True,100,0.30216941,99.7882,21.18,0.2064,0.0053,Raydium CLMM,Byreal,329.0912,689923.0
2026-09-15T17:13:29+00:00,AAPLx,AAPL,True,1000,3.01929768,996.8312,31.69,0.2856,0.0314,Raydium CLMM,Byreal,329.0912,689923.0
2026-09-15T17:13:29+00:00,AAPLx,AAPL,True,10000,30.13228313,9941.4965,58.5,0.486,0.0995,Raydium CLMM + Byreal,Byreal + Raydium CLMM,329.0912,689923.0
2026-09-15T17:13:29+00:00,TSLAx,TSLA,True,100,0.27826907,99.9377,6.23,0.0498,0.0125,Whirlpool,Riptide,359.0874,1230325.0
2026-09-15T17:13:29+00:00,TSLAx,TSLA,True,1000,2.78112961,999.0005,10.0,0.4291,0.0,Riptide,Riptide,359.0874,1230325.0
2026-09-15T17:13:29+00:00,TSLAx,TSLA,True,10000,27.81154327,9989.8289,10.17,0.4282,0.0,Whirlpool + Riptide,Riptide + Whirlpool + Raydium CLMM,359.0874,1230325.0
2026-09-15T17:13:29+00:00,NVDAx,NVDA,True,100,0.4719233,99.9636,3.64,0.0111,0.0253,Whirlpool,Riptide,211.4578,1772316.0
2026-09-15T17:13:29+00:00,NVDAx,NVDA,True,1000,4.71632377,999.0202,9.8,0.0727,0.0253,Whirlpool,Riptide,211.4578,1772316.0
2026-09-15T17:13:29+00:00,NVDAx,NVDA,True,10000,47.16311615,9989.9524,10.05,0.073,0.0275,Whirlpool + Riptide + Raydium CLMM,Byreal + Whirlpool + Riptide,211.4578,1772316.0
2026-09-15T17:13:29+00:00,SPYx,SPY,True,100,0.13133232,99.9899,1.01,0.0096,0.0005,Riptide,Byreal,756.8218,4452195.0
2026-09-15T17:13:29+00:00,SPYx,SPY,True,1000,1.31335528,999.8607,1.39,0.0071,0.0068,Riptide,Raydium CLMM,756.8218,4452195.0
2026-09-15T17:13:29+00:00,SPYx,SPY,True,10000,13.13355281,9997.0872,2.91,0.0071,0.022,Riptide,Byreal + Raydium CLMM,756.8218,4452195.0
2026-09-15T17:13:29+00:00,MSTRx,MSTR,True,100,0.76089018,99.9231,7.69,0.0,0.2711,Riptide,Raydium CLMM + Flux + Deriverse,131.6451,794581.0
2026-09-15T17:13:29+00:00,MSTRx,MSTR,True,1000,7.60890182,999.0572,9.43,0.0,0.2885,Riptide,Riptide + Raydium CLMM + HumidiFi,131.6451,794581.0
2026-09-15T17:13:29+00:00,MSTRx,MSTR,True,10000,76.0720309,9983.4583,16.54,0.2439,0.0,Riptide,Raydium CLMM + HumidiFi + Riptide,131.6451,794581.0
2026-09-15T17:13:29+00:00,METAx,META,True,100,0.14945956,99.6277,37.23,0.3761,0.0,Whirlpool,Byreal,664.8509,291147.0
2026-09-15T17:13:29+00:00,METAx,META,True,1000,1.49248999,994.6691,53.31,0.5165,0.0167,Raydium CLMM,Raydium CLMM,664.8509,291147.0
2026-09-15T17:13:29+00:00,METAx,META,True,10000,14.90743022,9921.7009,78.3,0.6329,0.151,Whirlpool + Raydium CLMM + Byreal,Byreal + Raydium CLMM,664.8509,291147.0
2026-09-15T17:13:29+00:00,GOOGLx,GOOGL,True,100,0.28971523,99.7025,29.75,0.1328,0.165,AlphaQ + Flux + Meteora DLMM,Byreal,343.7969,414046.0
2026-09-15T17:13:29+00:00,GOOGLx,GOOGL,True,1000,2.89349467,995.3942,46.06,0.2589,0.2022,Raydium CLMM,Byreal,343.7969,414046.0
2026-09-15T17:13:29+00:00,GOOGLx,GOOGL,True,10000,28.90709817,9929.6467,70.35,0.3549,0.3499,Raydium CLMM + BisonFi + Meteora DLMM + Byreal,Meteora DLMM + BisonFi + Byreal + Raydium CLMM,343.7969,414046.0
2026-09-15T17:13:29+00:00,AMZNx,AMZN,True,100,0.40097893,99.5942,40.58,0.4212,0.0,Byreal,Byreal,248.2715,195499.0
2026-09-15T17:13:29+00:00,AMZNx,AMZN,True,1000,4.00865733,995.3799,46.2,0.4493,0.0127,Byreal,Byreal,248.2715,195499.0
2026-09-15T17:13:29+00:00,AMZNx,AMZN,True,10000,40.02016379,9917.2078,82.79,0.6142,0.215,Byreal + Raydium CLMM + HumidiFi + Meteora DLMM,Raydium CLMM + Byreal + Meteora DLMM + BisonFi,248.2715,195499.0
2026-09-15T17:29:07+00:00,AAPLx,AAPL,True,100,0.30161857,99.7918,20.82,0.7585,0.0,Byreal,Raydium CLMM,329.7184,694296.0
2026-09-15T17:29:07+00:00,AAPLx,AAPL,True,1000,3.01539869,996.8486,31.51,0.7878,0.0,Byreal,Raydium CLMM,329.7184,694296.0
2026-09-15T17:29:07+00:00,AAPLx,AAPL,True,10000,30.12267038,9941.2264,58.77,0.8943,0.0,Raydium CLMM + Byreal,Byreal + Raydium CLMM,329.7184,694296.0
2026-09-15T17:29:07+00:00,TSLAx,TSLA,True,100,0.27823305,99.9471,5.29,0.0053,0.0475,Riptide,Whirlpool,359.2974,1228582.0
2026-09-15T17:29:07+00:00,TSLAx,TSLA,True,1000,2.78233052,999.0005,10.0,0.0053,0.0946,Riptide,Riptide,359.2974,1228582.0
2026-09-15T17:29:07+00:00,TSLAx,TSLA,True,10000,27.82330523,9990.0023,10.0,0.0053,0.0947,Riptide,Whirlpool + Riptide + Raydium CLMM,359.2974,1228582.0
2026-09-15T17:29:07+00:00,NVDAx,NVDA,True,100,0.47205105,99.9845,1.55,0.0978,0.0,Riptide,Raydium CLMM + Quantum,211.4119,1768080.0
2026-09-15T17:29:07+00:00,NVDAx,NVDA,True,1000,4.72056191,999.5877,4.12,0.0967,0.0356,Riptide,Raydium CLMM + Quantum,211.4119,1768080.0
2026-09-15T17:29:07+00:00,NVDAx,NVDA,True,10000,47.20561914,9990.6858,9.31,0.0057,0.0875,Riptide,Raydium CLMM + Flux + SolFi V2 + Riptide,211.4119,1768080.0
2026-09-15T17:29:07+00:00,SPYx,SPY,True,100,0.13137186,99.9954,0.46,0.0883,0.0,Riptide,Raydium CLMM,756.0008,4481140.0
2026-09-15T17:29:07+00:00,SPYx,SPY,True,1000,1.31371868,999.8961,1.04,0.0883,0.0,Riptide,Raydium CLMM + Flux + Deriverse,756.0008,4481140.0
2026-09-15T17:29:07+00:00,SPYx,SPY,True,10000,13.13718512,9996.8633,3.14,0.0884,0.0,Riptide,Raydium CLMM + HumidiFi,756.0008,4481140.0
2026-09-15T17:29:07+00:00,MSTRx,MSTR,True,100,0.75802047,99.9085,9.15,0.1493,0.0,Raydium CLMM,Riptide,131.6902,796376.0
2026-09-15T17:29:07+00:00,MSTRx,MSTR,True,1000,7.57839721,999.0005,10.0,0.1731,0.0,Riptide,Riptide,131.6902,796376.0
2026-09-15T17:29:07+00:00,MSTRx,MSTR,True,10000,75.78122613,9983.2273,16.77,0.1767,0.0,Raydium CLMM + Riptide + Byreal,Riptide + Raydium CLMM + Flux + Manifest + Quantum,131.6902,796376.0
2026-09-15T17:29:07+00:00,METAx,META,True,100,0.149462,99.6284,37.16,0.5235,0.0,Whirlpool,Raydium CLMM,663.8591,291224.0
2026-09-15T17:29:07+00:00,METAx,META,True,1000,1.49242405,994.6691,53.31,0.6697,0.0,Raydium CLMM,Raydium CLMM,663.8591,291224.0
2026-09-15T17:29:07+00:00,METAx,META,True,10000,14.90700781,9921.7332,78.27,0.7844,0.0,Whirlpool + Byreal + Raydium CLMM,Byreal + Raydium CLMM,663.8591,291224.0
2026-09-15T17:29:07+00:00,GOOGLx,GOOGL,True,100,0.29000341,99.6503,34.97,0.3845,0.0,Whirlpool,Whirlpool,342.5908,406758.0
2026-09-15T17:29:07+00:00,GOOGLx,GOOGL,True,1000,2.89791201,995.1672,48.33,0.4574,0.026,Byreal,Byreal,342.5908,406758.0
2026-09-15T17:29:07+00:00,GOOGLx,GOOGL,True,10000,28.94090782,9929.0352,70.96,0.5887,0.1217,Quantum + Meteora DLMM + Raydium CLMM + Byreal,Meteora DLMM + HumidiFi + Raydium CLMM + Byreal,342.5908,406758.0
2026-09-15T17:29:07+00:00,AMZNx,AMZN,True,100,0.40116973,99.7495,25.05,0.0028,0.2477,Byreal,Raydium CLMM + Flux + Deriverse,249.1969,195766.0
2026-09-15T17:29:07+00:00,AMZNx,AMZN,True,1000,4.01075152,995.6141,43.86,0.0264,0.4123,Byreal,Raydium CLMM,249.1969,195766.0
2026-09-15T17:29:07+00:00,AMZNx,AMZN,True,10000,40.03832124,9922.4709,77.53,0.1989,0.5775,Raydium CLMM + Byreal + Quantum + Meteora DLMM,Byreal + Raydium CLMM + GoonFi V2,249.1969,195766.0
2026-09-15T18:48:47+00:00,AAPLx,AAPL,True,100,0.30210395,99.7848,21.52,0.0,1.13,Raydium CLMM,Byreal,332.8989,685377.0
2026-09-15T18:48:47+00:00,AAPLx,AAPL,True,1000,3.01864388,996.8777,31.22,0.0,1.1478,Raydium CLMM,Raydium CLMM + Byreal,332.8989,685377.0
2026-09-15T18:48:47+00:00,AAPLx,AAPL,True,10000,30.13247614,9941.0127,58.99,0.0,1.2466,Raydium CLMM + Byreal,Raydium CLMM + Byreal,332.8989,685377.0
2026-09-15T18:48:47+00:00,TSLAx,TSLA,True,100,0.28019363,99.9572,4.28,0.0076,0.0352,Whirlpool,Riptide,356.7751,1199339.0
2026-09-15T18:48:47+00:00,TSLAx,TSLA,True,1000,2.80033452,999.0005,10.0,0.0648,0.0352,Riptide,Riptide,356.7751,1199339.0
2026-09-15T18:48:47+00:00,TSLAx,TSLA,True,10000,28.00720434,9989.9359,10.06,0.051,0.0496,Riptide + Whirlpool,Whirlpool + Riptide + Raydium CLMM,356.7751,1199339.0
2026-09-15T18:48:47+00:00,NVDAx,NVDA,True,100,0.47112249,99.956,4.4,0.0,0.1806,Whirlpool,Riptide,212.1328,1759840.0
2026-09-15T18:48:47+00:00,NVDAx,NVDA,True,1000,4.70979075,999.177,8.23,0.0,0.5274,Whirlpool,Riptide + Whirlpool,212.1328,1759840.0
2026-09-15T18:48:47+00:00,NVDAx,NVDA,True,10000,47.09066863,9989.5238,10.48,0.0,0.5344,Whirlpool + Riptide,Raydium CLMM + Riptide,212.1328,1759840.0
2026-09-15T18:48:47+00:00,SPYx,SPY,True,100,0.13145393,100.0004,-0.04,0.0,0.0567,Riptide,Raydium CLMM,756.6339,4240714.0
2026-09-15T18:48:47+00:00,SPYx,SPY,True,1000,1.31453932,999.9453,0.55,0.0,0.4597,Riptide,AlphaQ + Raydium CLMM,756.6339,4240714.0
2026-09-15T18:48:47+00:00,SPYx,SPY,True,10000,13.14546269,9995.5653,4.43,0.0,0.1021,Riptide,Byreal + Riptide + Raydium CLMM,756.6339,4240714.0
2026-09-15T18:48:47+00:00,MSTRx,MSTR,True,100,0.79062599,99.9645,3.55,0.0293,0.0061,Riptide,Raydium CLMM,126.4377,729816.0
2026-09-15T18:48:47+00:00,MSTRx,MSTR,True,1000,7.90664136,998.8157,11.84,0.0245,0.0438,Riptide,Riptide,126.4377,729816.0
2026-09-15T18:48:47+00:00,MSTRx,MSTR,True,10000,79.03906096,9991.8014,8.2,0.1092,0.0,Riptide,Raydium CLMM + Flux + BisonFi + Riptide,126.4377,729816.0
2026-09-15T18:48:47+00:00,METAx,META,True,100,0.14891363,99.617,38.3,0.3787,0.0043,Whirlpool,Raydium CLMM,667.2641,304051.0
2026-09-15T18:48:47+00:00,METAx,META,True,1000,1.48711816,994.6683,53.32,0.5137,0.0196,Raydium CLMM,Raydium CLMM,667.2641,304051.0
2026-09-15T18:48:47+00:00,METAx,META,True,10000,14.85393092,9921.612,78.39,0.6291,0.1558,Raydium CLMM + Whirlpool + Byreal,Byreal + Raydium CLMM,667.2641,304051.0
2026-09-15T18:48:47+00:00,GOOGLx,GOOGL,True,100,0.29029284,99.7037,29.63,0.0,0.9878,JupLend AMM + Raydium CLMM,Byreal,345.9648,424076.0
2026-09-15T18:48:47+00:00,GOOGLx,GOOGL,True,1000,2.89962041,995.6837,43.16,0.0,1.0094,HumidiFi + Raydium CLMM,Raydium CLMM + Byreal,345.9648,424076.0
2026-09-15T18:48:47+00:00,GOOGLx,GOOGL,True,10000,28.95577734,9929.3244,70.68,0.0,1.249,Byreal + TesseraV + Raydium CLMM,Whirlpool + Byreal + Raydium CLMM,345.9648,424076.0
2026-09-15T18:48:47+00:00,AMZNx,AMZN,True,100,0.40323424,99.9439,5.61,0.0,0.9424,Quay + TesseraV + Raydium CLMM,Raydium CLMM,247.8018,199610.0
2026-09-15T18:48:47+00:00,AMZNx,AMZN,True,1000,4.01607446,995.2031,47.97,0.0,1.0647,Byreal,Byreal + Raydium CLMM,247.8018,199610.0
2026-09-15T18:48:47+00:00,AMZNx,AMZN,True,10000,40.08131902,9909.6407,90.36,0.0,1.2909,Quantum + Raydium CLMM + Byreal,Byreal + Raydium CLMM + TesseraV,247.8018,199610.0
2026-09-15T19:04:29+00:00,AAPLx,AAPL,True,100,0.3018212,99.87,13.0,0.2109,0.0,Raydium CLMM,Raydium CLMM + Quantum,329.4477,679991.0
2026-09-15T19:04:29+00:00,AAPLx,AAPL,True,1000,3.01550033,996.2457,37.54,0.3006,0.0751,Raydium CLMM,Raydium CLMM,329.4477,679991.0
2026-09-15T19:04:29+00:00,AAPLx,AAPL,True,10000,30.12787686,9940.8262,59.17,0.3903,0.2022,Raydium CLMM + Byreal,Byreal + Raydium CLMM,329.4477,679991.0
2026-09-15T19:04:29+00:00,TSLAx,TSLA,True,100,0.28004362,100.0166,-1.66,0.6554,0.0,Riptide,Raydium CLMM + GoonFi V2 + ZeroFi,354.6413,1192550.0
2026-09-15T19:04:29+00:00,TSLAx,TSLA,True,1000,2.80001061,999.0005,10.0,0.6705,0.0,Riptide,Riptide,354.6413,1192550.0
2026-09-15T19:04:29+00:00,TSLAx,TSLA,True,10000,28.00012914,9990.4358,9.56,0.6704,0.0,Riptide + Whirlpool + Raydium CLMM,Riptide + Raydium CLMM + ZeroFi + Whirlpool,354.6413,1192550.0
2026-09-15T19:04:29+00:00,NVDAx,NVDA,True,100,0.47068835,99.9528,4.72,0.2451,0.0,Whirlpool,Whirlpool,211.5112,1747404.0
2026-09-15T19:04:29+00:00,NVDAx,NVDA,True,1000,4.70687003,999.2244,7.76,0.2453,0.0,Riptide,Whirlpool,211.5112,1747404.0
2026-09-15T19:04:29+00:00,NVDAx,NVDA,True,10000,47.0695951,9990.0647,9.94,0.2434,0.0,Whirlpool + Riptide,Raydium CLMM + HumidiFi + Whirlpool + Riptide,211.5112,1747404.0
2026-09-15T19:04:29+00:00,SPYx,SPY,True,100,0.13119962,99.9946,0.54,0.6886,0.0,Byreal,Whirlpool,752.4257,4474204.0
2026-09-15T19:04:29+00:00,SPYx,SPY,True,1000,1.31190449,999.6717,3.28,0.6956,0.0,Raydium CLMM,Raydium CLMM,752.4257,4474204.0
2026-09-15T19:04:29+00:00,SPYx,SPY,True,10000,13.11754923,9994.8978,5.1,0.7069,0.033,Byreal + Raydium CLMM + Riptide,Raydium CLMM + Riptide + Byreal,752.4257,4474204.0
2026-09-15T19:04:29+00:00,MSTRx,MSTR,True,100,0.76617944,99.9145,8.55,0.0,0.247,HumidiFi + Scorch + Raydium CLMM,Riptide,130.6901,780022.0
2026-09-15T19:04:29+00:00,MSTRx,MSTR,True,1000,7.66148873,998.8242,11.76,0.0,0.2751,Flux + Raydium CLMM,Riptide,130.6901,780022.0
2026-09-15T19:04:29+00:00,MSTRx,MSTR,True,10000,76.61145938,9985.4207,14.58,0.0,0.2988,Riptide + Flux + Raydium CLMM,Riptide,130.6901,780022.0
2026-09-15T19:04:29+00:00,METAx,META,True,100,0.14865715,99.6169,38.31,0.0122,0.3709,Raydium CLMM,Whirlpool,670.8645,305671.0
2026-09-15T19:04:29+00:00,METAx,META,True,1000,1.48634408,994.6683,53.32,0.0275,0.5058,Raydium CLMM,Raydium CLMM,670.8645,305671.0
2026-09-15T19:04:29+00:00,METAx,META,True,10000,14.84306932,9921.6205,78.38,0.1645,0.6203,Byreal + Raydium CLMM,Raydium CLMM + Byreal + Whirlpool,670.8645,305671.0
2026-09-15T19:04:29+00:00,GOOGLx,GOOGL,True,100,0.28955946,99.7147,28.53,0.8793,0.2893,Whirlpool,Meteora DLMM + Quantum,341.4104,422189.0
2026-09-15T19:04:29+00:00,GOOGLx,GOOGL,True,1000,2.89444178,996.7887,32.11,0.0358,0.2854,Raydium CLMM,Meteora DLMM + Flux + SolFi V2,341.4104,422189.0
2026-09-15T19:04:29+00:00,GOOGLx,GOOGL,True,10000,28.91168051,9927.1023,72.9,0.1489,0.581,Byreal + Raydium CLMM + Whirlpool,Byreal + Meteora DLMM + BisonFi + AlphaQ,341.4104,422189.0
2026-09-15T19:04:29+00:00,AMZNx,AMZN,True,100,0.40188054,99.5889,41.11,0.4044,0.0066,Byreal,Byreal,247.5078,193922.0
2026-09-15T19:04:29+00:00,AMZNx,AMZN,True,1000,4.01672514,994.8601,51.4,0.456,0.0583,Byreal,Byreal,247.5078,193922.0
2026-09-15T19:04:29+00:00,AMZNx,AMZN,True,10000,40.09286453,9910.6911,89.31,0.6403,0.2544,HumidiFi + Raydium CLMM + Byreal,Raydium CLMM + HumidiFi + Byreal,247.5078,193922.0
2026-09-15T19:20:13+00:00,AAPLx,AAPL,True,100,0.30171448,99.7825,21.75,0.2067,0.0108,Raydium CLMM,Raydium CLMM,329.5799,675287.0
2026-09-15T19:20:13+00:00,AAPLx,AAPL,True,1000,3.01492218,996.3015,36.99,0.2802,0.0899,Byreal,Raydium CLMM,329.5799,675287.0
2026-09-15T19:20:13+00:00,AAPLx,AAPL,True,10000,30.12690278,9940.7403,59.26,0.354,0.2394,Raydium CLMM + Byreal,Raydium CLMM + Byreal,329.5799,675287.0
2026-09-15T19:20:13+00:00,TSLAx,TSLA,True,100,0.28061375,99.965,3.5,0.0,0.0388,HumidiFi + Whirlpool + Meteora DLMM,Whirlpool,356.2913,1185704.0
2026-09-15T19:20:13+00:00,TSLAx,TSLA,True,1000,2.80440063,999.0005,10.0,0.0581,0.0418,Riptide,Riptide,356.2913,1185704.0
2026-09-15T19:20:13+00:00,TSLAx,TSLA,True,10000,28.04434004,9988.6519,11.35,0.057,0.0566,Riptide + Whirlpool + BisonFi + Meteora DLMM,Whirlpool + Riptide,356.2913,1185704.0
2026-09-15T19:20:13+00:00,NVDAx,NVDA,True,100,0.47073875,99.9616,3.84,0.0275,0.0108,Flux + Raydium CLMM,Whirlpool,211.9509,1753871.0
2026-09-15T19:20:13+00:00,NVDAx,NVDA,True,1000,4.70565804,999.043,9.57,0.0643,0.0315,Whirlpool,Riptide,211.9509,1753871.0
2026-09-15T19:20:13+00:00,NVDAx,NVDA,True,10000,47.05535665,9989.9754,10.02,0.0766,0.0237,Riptide + Whirlpool,Riptide + Whirlpool,211.9509,1753871.0
2026-09-15T19:20:13+00:00,SPYx,SPY,True,100,0.13122564,99.9813,1.87,0.0004,0.0182,Raydium CLMM,Byreal,757.5132,4481905.0
2026-09-15T19:20:13+00:00,SPYx,SPY,True,1000,1.31220934,999.7092,2.91,0.0063,0.0227,Raydium CLMM,Riptide,757.5132,4481905.0
2026-09-15T19:20:13+00:00,SPYx,SPY,True,10000,13.1188389,9994.6261,5.37,0.031,0.0249,Raydium CLMM + Riptide + Byreal,Riptide + Byreal + Raydium CLMM,757.5132,4481905.0
2026-09-15T19:20:13+00:00,MSTRx,MSTR,True,100,0.76560375,99.9725,2.75,0.0,0.4356,Quantum + Raydium CLMM,Riptide,131.1128,790666.0
2026-09-15T19:20:13+00:00,MSTRx,MSTR,True,1000,7.65679218,999.1651,8.35,0.0126,0.0709,HumidiFi + Raydium CLMM,Riptide,131.1128,790666.0
2026-09-15T19:20:13+00:00,MSTRx,MSTR,True,10000,76.54083377,9985.4285,14.57,0.0915,0.0543,GoonFi V2 + BisonFi + Raydium CLMM + Riptide,Byreal + Riptide + Raydium CLMM,131.1128,790666.0
2026-09-15T19:20:13+00:00,METAx,META,True,100,0.14848563,99.643,35.7,0.0147,0.3424,Raydium CLMM,Manifest,671.6266,309461.0
2026-09-15T19:20:13+00:00,METAx,META,True,1000,1.48462927,994.6685,53.31,0.0299,0.5034,Raydium CLMM,Raydium CLMM,671.6266,309461.0
2026-09-15T19:20:13+00:00,METAx,META,True,10000,14.82594483,9921.6784,78.32,0.167,0.6173,Raydium CLMM + Byreal,Byreal + Raydium CLMM + Whirlpool,671.6266,309461.0
2026-09-15T19:20:13+00:00,GOOGLx,GOOGL,True,100,0.29016509,99.8639,13.61,0.0,0.46,HumidiFi + Meteora DLMM,Whirlpool,344.8319,421294.0
2026-09-15T19:20:13+00:00,GOOGLx,GOOGL,True,1000,2.89935145,997.25,27.5,0.0,0.5196,Flux + Meteora DLMM,Whirlpool + Byreal,344.8319,421294.0
2026-09-15T19:20:13+00:00,GOOGLx,GOOGL,True,10000,28.92560157,9930.8655,69.13,0.0,0.7023,Raydium CLMM + TesseraV + Meteora DLMM + Whirlpool,Whirlpool + Raydium CLMM + Byreal,344.8319,421294.0
2026-09-15T19:20:13+00:00,AMZNx,AMZN,True,100,0.40318888,99.8912,10.88,0.1136,0.0,Flux + Meteora DLMM,Byreal,247.6685,193217.0
2026-09-15T19:20:13+00:00,AMZNx,AMZN,True,1000,4.01760693,994.9265,50.74,0.4674,0.0401,Byreal,Raydium CLMM,247.6685,193217.0
2026-09-15T19:20:13+00:00,AMZNx,AMZN,True,10000,40.11376125,9912.6626,87.34,0.6218,0.2532,HumidiFi + Raydium CLMM + Byreal,Byreal + Meteora DLMM + HumidiFi + Raydium CLMM,247.6685,193217.0
2026-09-15T19:35:52+00:00,AAPLx,AAPL,True,100,0.30191842,99.7825,21.75,0.1855,0.0321,Raydium CLMM,Raydium CLMM,326.7653,674831.0
2026-09-15T19:35:52+00:00,AAPLx,AAPL,True,1000,3.01679083,996.2453,37.55,0.2646,0.1112,Raydium CLMM,Raydium CLMM,326.7653,674831.0
2026-09-15T19:35:52+00:00,AAPLx,AAPL,True,10000,30.13134654,9940.6383,59.36,0.3855,0.209,Byreal + Raydium CLMM,Byreal + Raydium CLMM,326.7653,674831.0
2026-09-15T19:35:52+00:00,TSLAx,TSLA,True,100,0.28122475,99.9421,5.79,0.002,0.0559,Riptide,Raydium CLMM,355.4697,1180229.0
2026-09-15T19:35:52+00:00,TSLAx,TSLA,True,1000,2.81224751,999.2875,7.12,0.002,0.0693,Riptide,Raydium CLMM,355.4697,1180229.0
2026-09-15T19:35:52+00:00,TSLAx,TSLA,True,10000,28.12247512,9990.2037,9.8,0.002,0.0515,Riptide,Raydium CLMM + Riptide,355.4697,1180229.0
2026-09-15T19:35:52+00:00,NVDAx,NVDA,True,100,0.4709721,99.9676,3.24,0.539,0.0,Riptide,Raydium CLMM,210.7581,1760150.0
2026-09-15T19:35:52+00:00,NVDAx,NVDA,True,1000,4.70947675,999.4862,5.14,0.542,0.0,Riptide,Raydium CLMM,210.7581,1760150.0
2026-09-15T19:35:52+00:00,NVDAx,NVDA,True,10000,47.09476751,9990.9705,9.03,0.3886,0.0,Riptide,Riptide + Raydium CLMM + Whirlpool,210.7581,1760150.0
2026-09-15T19:35:52+00:00,SPYx,SPY,True,100,0.13135909,99.9874,1.26,0.0,0.0,Riptide,Byreal,756.7449,4386787.0
2026-09-15T19:35:52+00:00,SPYx,SPY,True,1000,1.31359095,999.8286,1.71,0.0,0.0291,Riptide,Raydium CLMM,756.7449,4386787.0
2026-09-15T19:35:52+00:00,SPYx,SPY,True,10000,13.13585376,9995.1848,4.82,0.0,0.0573,Riptide,Raydium CLMM + Byreal + Riptide,756.7449,4386787.0
2026-09-15T19:35:52+00:00,MSTRx,MSTR,True,100,0.76855439,99.9,10.0,0.1227,0.0,Riptide,Riptide,129.9114,783012.0
2026-09-15T19:35:52+00:00,MSTRx,MSTR,True,1000,7.68554398,998.6147,13.85,0.1227,0.0158,Riptide,Riptide,129.9114,783012.0
2026-09-15T19:35:52+00:00,MSTRx,MSTR,True,10000,76.85779818,9986.346,13.65,0.1197,0.0169,Riptide,Raydium CLMM + Riptide + GoonFi V2,129.9114,783012.0
2026-09-15T19:35:52+00:00,METAx,META,True,100,0.14849021,99.6215,37.85,0.4989,0.0,Raydium CLMM,Whirlpool,668.3258,309852.0
2026-09-15T19:35:52+00:00,METAx,META,True,1000,1.484675,994.6685,53.31,0.5142,0.0191,Raydium CLMM,Raydium CLMM,668.3258,309852.0
2026-09-15T19:35:52+00:00,METAx,META,True,10000,14.82636117,9921.7557,78.24,0.6508,0.1325,Byreal + Raydium CLMM,Raydium CLMM + Whirlpool + Byreal,668.3258,309852.0
2026-09-15T19:35:52+00:00,GOOGLx,GOOGL,True,100,0.28948222,99.6517,34.83,0.2207,0.1279,Whirlpool,Whirlpool,343.7501,425997.0
2026-09-15T19:35:52+00:00,GOOGLx,GOOGL,True,1000,2.8938664,995.3078,46.92,0.2536,0.2162,Raydium CLMM,Byreal,343.7501,425997.0
2026-09-15T19:35:52+00:00,GOOGLx,GOOGL,True,10000,28.90548435,9927.2013,72.8,0.368,0.3614,Raydium CLMM + Whirlpool + Byreal,Whirlpool + Raydium CLMM + Byreal,343.7501,425997.0
2026-09-15T19:35:52+00:00,AMZNx,AMZN,True,100,0.40262345,99.7268,27.32,0.0,0.3548,GoonFi V2 + Raydium CLMM,Byreal,248.4915,194942.0
2026-09-15T19:35:52+00:00,AMZNx,AMZN,True,1000,4.01931778,995.1879,48.12,0.0901,0.3915,Byreal,Byreal,248.4915,194942.0
2026-09-15T19:35:52+00:00,AMZNx,AMZN,True,10000,40.12447741,9915.9093,84.09,0.2609,0.5816,Raydium CLMM + Byreal + TesseraV,Raydium CLMM + GoonFi V2 + Byreal,248.4915,194942.0
2026-09-15T19:51:31+00:00,AAPLx,AAPL,True,100,0.30167096,99.7825,21.75,0.0,0.6196,Raydium CLMM,Raydium CLMM,331.6174,675885.0
2026-09-15T19:51:31+00:00,AAPLx,AAPL,True,1000,3.01492218,996.4771,35.23,0.0,0.695,Byreal,Raydium CLMM + Whirlpool,331.6174,675885.0
2026-09-15T19:51:31+00:00,AAPLx,AAPL,True,10000,30.12704856,9940.8461,59.15,0.0,0.8605,Raydium CLMM + Byreal,Byreal + Raydium CLMM,331.6174,675885.0
2026-09-15T19:51:31+00:00,TSLAx,TSLA,True,100,0.28156581,99.9,10.0,0.0597,0.0403,Riptide,Riptide,354.8096,1168482.0
2026-09-15T19:51:31+00:00,TSLAx,TSLA,True,1000,2.81565818,999.0005,10.0,0.0597,0.0403,Riptide,Riptide,354.8096,1168482.0
2026-09-15T19:51:31+00:00,TSLAx,TSLA,True,10000,28.15658182,9989.3278,10.67,0.0597,0.0471,Riptide,Riptide + Whirlpool + Raydium CLMM,354.8096,1168482.0
2026-09-15T19:51:31+00:00,NVDAx,NVDA,True,100,0.47096192,99.9528,4.72,0.0038,0.0,Whirlpool,Whirlpool,211.8821,1752935.0
2026-09-15T19:51:31+00:00,NVDAx,NVDA,True,1000,4.70820031,999.1436,8.56,0.1339,0.0,Whirlpool,Riptide,211.8821,1752935.0
2026-09-15T19:51:31+00:00,NVDAx,NVDA,True,10000,47.07607214,9989.9322,10.07,0.1465,0.0,Riptide + Whirlpool,Whirlpool + Riptide,211.8821,1752935.0
2026-09-15T19:51:31+00:00,SPYx,SPY,True,100,0.131315,99.9886,1.14,0.3408,0.0,Byreal,Raydium CLMM,754.3995,4576630.0
2026-09-15T19:51:31+00:00,SPYx,SPY,True,1000,1.31306127,999.8064,1.94,0.3475,0.0,Raydium CLMM,Raydium CLMM,754.3995,4576630.0
2026-09-15T19:51:31+00:00,SPYx,SPY,True,10000,13.12679921,9995.0967,4.9,0.3934,0.1566,Riptide + Byreal + Raydium CLMM,Raydium CLMM + Riptide,754.3995,4576630.0
2026-09-15T19:51:31+00:00,MSTRx,MSTR,True,100,0.77323356,99.9,10.0,0.0,0.0999,Riptide,Riptide,129.2778,770578.0
2026-09-15T19:51:31+00:00,MSTRx,MSTR,True,1000,7.73082932,998.8599,11.4,0.0195,0.0945,Riptide,Riptide,129.2778,770578.0
2026-09-15T19:51:31+00:00,MSTRx,MSTR,True,10000,77.30022001,9985.2518,14.75,0.0299,0.1176,Riptide,Riptide + Raydium CLMM + HumidiFi,129.2778,770578.0
2026-09-15T19:51:31+00:00,METAx,META,True,100,0.14857026,99.6247,37.53,0.3049,0.0706,Whirlpool,Byreal,669.2365,306921.0
2026-09-15T19:51:31+00:00,METAx,META,True,1000,1.48471761,994.6685,53.31,0.371,0.1628,Raydium CLMM,Raydium CLMM,669.2365,306921.0
2026-09-15T19:51:31+00:00,METAx,META,True,10000,14.82694243,9922.1847,77.82,0.5068,0.2728,Raydium CLMM + Byreal,Byreal + Raydium CLMM + Manifest,669.2365,306921.0
2026-09-15T19:51:31+00:00,GOOGLx,GOOGL,True,100,0.28958494,99.672,32.8,0.3237,0.0043,Whirlpool,Byreal,343.2568,426179.0
2026-09-15T19:51:31+00:00,GOOGLx,GOOGL,True,1000,2.89321905,995.443,45.57,0.4143,0.0416,Raydium CLMM,Byreal,343.2568,426179.0
2026-09-15T19:51:31+00:00,GOOGLx,GOOGL,True,10000,28.89956441,9927.291,72.71,0.5266,0.2016,Whirlpool + Raydium CLMM + Byreal,Byreal + Whirlpool + Raydium CLMM,343.2568,426179.0
2026-09-15T19:51:31+00:00,AMZNx,AMZN,True,100,0.40238865,99.5922,40.78,0.4069,0.0009,Byreal,Byreal,247.4105,193078.0
2026-09-15T19:51:31+00:00,AMZNx,AMZN,True,1000,4.02240026,995.1632,48.37,0.4437,0.0378,Byreal,Raydium CLMM,247.4105,193078.0
2026-09-15T19:51:31+00:00,AMZNx,AMZN,True,10000,40.147113,9913.3252,86.67,0.6363,0.2319,Raydium CLMM + TesseraV + Byreal,Byreal + Raydium CLMM + Quantum,247.4105,193078.0
2026-09-15T20:07:07+00:00,AAPLx,AAPL,False,100,0.30087343,99.7825,21.75,0.0097,0.2078,Raydium CLMM,Raydium CLMM,330.4746,693681.0
2026-09-15T20:07:07+00:00,AAPLx,AAPL,False,1000,3.00792818,996.7635,32.37,0.0365,0.0881,Raydium CLMM,Raydium CLMM,330.4746,693681.0
2026-09-15T20:07:07+00:00,AAPLx,AAPL,False,10000,30.05564877,9942.2708,57.73,0.3142,0.264,Raydium CLMM + Byreal,Byreal + Raydium CLMM,330.4746,693681.0
2026-09-15T20:07:07+00:00,TSLAx,TSLA,False,100,0.28050693,99.9644,3.56,0.0,0.5351,Whirlpool,Riptide,358.1673,1187220.0
2026-09-15T20:07:07+00:00,TSLAx,TSLA,False,1000,2.80326253,999.0005,10.0,0.0,0.5351,Riptide,Riptide,358.1673,1187220.0
2026-09-15T20:07:07+00:00,TSLAx,TSLA,False,10000,28.03301373,9989.9913,10.01,0.0,0.5367,Riptide + Whirlpool + GoonFi V2 + Meteora DLMM,Raydium CLMM + Riptide + Whirlpool,358.1673,1187220.0
2026-09-15T20:07:07+00:00,NVDAx,NVDA,False,100,0.4706525,99.9884,1.16,0.0143,0.0,HumidiFi + Raydium CLMM,Riptide,212.0083,1757946.0
2026-09-15T20:07:07+00:00,NVDAx,NVDA,False,1000,4.70496747,999.5533,4.47,0.0474,0.0,JupLend AMM + Flux + Raydium CLMM,Riptide,212.0083,1757946.0
2026-09-15T20:07:07+00:00,SPYx,SPY,False,100,0.13117507,99.987,1.3,0.0,0.3573,Raydium CLMM,Riptide,757.7528,4646321.0
2026-09-15T20:07:07+00:00,SPYx,SPY,False,1000,1.31169156,999.8278,1.72,0.0,0.357,Raydium CLMM,Scorch + Flux + Riptide,757.7528,4646321.0
2026-09-15T20:07:07+00:00,SPYx,SPY,False,10000,13.11310996,9995.3564,4.64,0.0,0.3572,Byreal + Raydium CLMM + Riptide,Scorch + Flux + Quantum + Riptide,757.7528,4646321.0
2026-09-15T20:07:07+00:00,MSTRx,MSTR,False,100,0.76995045,99.9,10.0,0.0264,0.0735,Riptide,Riptide,129.6673,784481.0
2026-09-15T20:07:07+00:00,MSTRx,MSTR,False,1000,7.69950455,998.8682,11.32,0.0264,0.0868,Riptide,Riptide,129.6673,784481.0
2026-09-15T20:07:07+00:00,MSTRx,MSTR,False,10000,76.97649174,9984.9618,15.04,0.0505,0.0999,Byreal + Raydium CLMM + Riptide,Riptide,129.6673,784481.0
2026-09-15T20:07:07+00:00,METAx,META,False,100,0.14857635,99.6309,36.91,0.0,0.5718,Whirlpool,Byreal,672.6535,306638.0
2026-09-15T20:07:07+00:00,METAx,META,False,1000,1.48472143,994.9598,50.4,0.0,0.6367,Raydium CLMM,Whirlpool + Byreal + Raydium CLMM,672.6535,306638.0
2026-09-15T20:07:07+00:00,METAx,META,False,10000,14.82699059,9921.4058,78.59,0.0028,0.7831,Raydium CLMM + Byreal,Whirlpool + Byreal + Raydium CLMM,672.6535,306638.0
2026-09-15T20:07:07+00:00,GOOGLx,GOOGL,False,100,0.2893717,99.6504,34.96,0.3416,0.008,Whirlpool,Byreal,343.4632,399508.0
2026-09-15T20:07:07+00:00,GOOGLx,GOOGL,False,1000,2.8909613,995.1839,48.16,0.4365,0.0453,Raydium CLMM,Byreal,343.4632,399508.0
2026-09-15T20:07:07+00:00,GOOGLx,GOOGL,False,10000,28.87966515,9927.202,72.8,0.5397,0.1893,Whirlpool + Raydium CLMM + Byreal,Raydium CLMM + Byreal + Whirlpool,343.4632,399508.0
2026-09-15T20:07:07+00:00,AMZNx,AMZN,False,100,0.40271108,99.6889,31.11,0.0,0.5213,HumidiFi + Raydium CLMM,Byreal,248.7579,193991.0
2026-09-15T20:07:07+00:00,AMZNx,AMZN,False,1000,4.02173705,995.2475,47.53,0.0,0.5524,Byreal,Raydium CLMM + Byreal,248.7579,193991.0
2026-09-15T20:07:07+00:00,AMZNx,AMZN,False,10000,40.15070682,9913.5891,86.41,0.0883,0.7765,HumidiFi + Raydium CLMM + Byreal,Meteora DLMM + BisonFi + Raydium CLMM + Byreal,248.7579,193991.0
2026-09-15T20:22:43+00:00,AAPLx,AAPL,False,100,0.30074201,99.7825,21.75,0.0,0.2185,Raydium CLMM,Raydium CLMM,331.3248,696644.0
2026-09-15T20:22:43+00:00,AAPLx,AAPL,False,1000,3.00693826,996.8772,31.23,0.015,0.2973,Raydium CLMM,Raydium CLMM,331.3248,696644.0
2026-09-15T20:22:43+00:00,AAPLx,AAPL,False,10000,30.04768784,9941.8458,58.15,0.0872,0.4948,Raydium CLMM + Byreal,Byreal + Raydium CLMM,331.3248,696644.0
2026-09-15T20:22:43+00:00,TSLAx,TSLA,False,100,0.28038303,99.9627,3.73,0.0378,0.0,Whirlpool,Riptide,356.4061,1210718.0
2026-09-15T20:22:43+00:00,TSLAx,TSLA,False,1000,2.80207353,999.0005,10.0,0.1004,0.0,Riptide,Riptide,356.4061,1210718.0
2026-09-15T20:22:43+00:00,TSLAx,TSLA,False,10000,28.02091568,9990.0693,9.93,0.0998,0.0,HumidiFi + Raydium CLMM + Riptide + Whirlpool,Riptide,356.4061,1210718.0
2026-09-15T20:22:43+00:00,NVDAx,NVDA,False,100,0.47018037,99.9527,4.73,0.0034,0.0439,Whirlpool,Whirlpool,212.2376,1760251.0
2026-09-15T20:22:43+00:00,NVDAx,NVDA,False,1000,4.70037982,999.2166,7.83,0.0337,0.0446,Whirlpool,Riptide,212.2376,1760251.0
2026-09-15T20:22:43+00:00,NVDAx,NVDA,False,10000,46.99482964,9989.6677,10.33,0.0528,0.0505,Riptide + Whirlpool + Byreal,Riptide + Whirlpool,212.2376,1760251.0
2026-09-15T20:22:43+00:00,SPYx,SPY,False,100,0.13114438,99.9928,0.72,0.1375,0.0,Byreal,Scorch + Whirlpool + GoonFi V2,756.9007,4724131.0
2026-09-15T20:22:43+00:00,SPYx,SPY,False,1000,1.31132895,999.7754,2.25,0.1463,0.0,Raydium CLMM,Riptide,756.9007,4724131.0
2026-09-15T20:22:43+00:00,SPYx,SPY,False,10000,13.10988512,9995.1641,4.84,0.1722,0.0,Raydium CLMM + Byreal + Riptide,Riptide + Scorch + GoonFi V2 + HumidiFi,756.9007,4724131.0
2026-09-15T20:22:43+00:00,MSTRx,MSTR,False,100,0.77165852,99.9,10.0,0.0993,0.0006,Riptide,Riptide,129.4208,784339.0
2026-09-15T20:22:43+00:00,MSTRx,MSTR,False,1000,7.71658526,999.0005,10.0,0.0993,0.0006,Riptide,Riptide,129.4208,784339.0
2026-09-15T20:22:43+00:00,MSTRx,MSTR,False,10000,77.14533218,9985.1627,14.84,0.1259,0.0225,Riptide,Byreal + Raydium CLMM + Riptide,129.4208,784339.0
2026-09-15T20:22:43+00:00,METAx,META,False,100,0.14901494,99.8596,14.04,0.0,0.0,HumidiFi + Meteora DLMM,Whirlpool,670.8584,306167.0
2026-09-15T20:22:43+00:00,METAx,META,False,1000,1.48472299,994.6693,53.31,0.1405,0.3931,Raydium CLMM,Raydium CLMM,670.8584,306167.0
2026-09-15T20:22:43+00:00,METAx,META,False,10000,14.82839994,9920.6105,79.39,0.2671,0.5282,Byreal + Raydium CLMM,Raydium CLMM + Byreal,670.8584,306167.0
2026-09-15T20:22:43+00:00,GOOGLx,GOOGL,False,100,0.28990368,99.8336,16.64,0.2555,0.0,GoonFi V2 + Whirlpool + Meteora DLMM,Byreal,343.1639,421580.0
2026-09-15T20:22:43+00:00,GOOGLx,GOOGL,False,1000,2.89385611,996.18,38.2,0.4338,0.0,HumidiFi + Meteora DLMM,Byreal,343.1639,421580.0
2026-09-15T20:22:43+00:00,GOOGLx,GOOGL,False,10000,28.89064207,9930.97,69.03,0.5986,0.0922,Raydium CLMM + Byreal + HumidiFi + Meteora DLMM,Whirlpool + Byreal + Raydium CLMM,343.1639,421580.0
2026-09-15T20:22:43+00:00,AMZNx,AMZN,False,100,0.40257382,99.6674,33.26,0.0,0.4604,ZeroFi + Raydium CLMM,Byreal,248.6462,195138.0
2026-09-15T20:22:43+00:00,AMZNx,AMZN,False,1000,4.021239,995.1909,48.09,0.0,0.4973,Byreal,Byreal,248.6462,195138.0
2026-09-15T20:22:43+00:00,AMZNx,AMZN,False,10000,40.14113519,9914.1388,85.86,0.1608,0.699,Raydium CLMM + Byreal + Quantum + Meteora DLMM,Byreal + Meteora DLMM + HumidiFi + Raydium CLMM,248.6462,195138.0
2026-09-15T20:38:21+00:00,AAPLx,AAPL,False,100,0.30068567,99.7834,21.66,1.206,0.0,Raydium CLMM,Raydium CLMM,327.3718,702945.0
2026-09-15T20:38:21+00:00,AAPLx,AAPL,False,1000,3.00557636,996.6436,33.56,1.248,0.0,Byreal,Raydium CLMM,327.3718,702945.0
2026-09-15T20:38:21+00:00,AAPLx,AAPL,False,10000,30.02490791,9940.9506,59.05,1.3494,0.0,Raydium CLMM + Byreal,Byreal + Raydium CLMM,327.3718,702945.0
2026-09-15T20:38:21+00:00,TSLAx,TSLA,False,100,0.28012447,99.9748,2.52,0.0142,0.011,Riptide,Whirlpool,356.8025,1210066.0
2026-09-15T20:38:21+00:00,TSLAx,TSLA,False,1000,2.80248999,999.5051,4.95,0.0,0.0797,BinaryFi,Riptide,356.8025,1210066.0
2026-09-15T20:38:21+00:00,TSLAx,TSLA,False,10000,28.01703595,9992.3754,7.62,0.0,0.0784,Riptide + BinaryFi,Whirlpool + Riptide,356.8025,1210066.0
2026-09-15T20:38:21+00:00,NVDAx,NVDA,False,100,0.47016275,99.96,4.0,0.042,0.0,Whirlpool,Riptide,212.1541,1759246.0
2026-09-15T20:38:21+00:00,NVDAx,NVDA,False,1000,4.70024621,999.3068,6.93,0.0714,0.0,Whirlpool,Riptide,212.1541,1759246.0
2026-09-15T20:38:21+00:00,NVDAx,NVDA,False,10000,46.98949593,9989.6575,10.34,0.1041,0.0,Whirlpool + Riptide,Raydium CLMM + Riptide,212.1541,1759246.0
2026-09-15T20:38:21+00:00,SPYx,SPY,False,100,0.13115964,99.9828,1.72,0.0168,0.0003,Byreal,Scorch + Manifest,757.6924,4694025.0
2026-09-15T20:38:21+00:00,SPYx,SPY,False,1000,1.31149084,999.7418,2.58,0.025,0.0009,Raydium CLMM,Riptide,757.6924,4694025.0
2026-09-15T20:38:21+00:00,SPYx,SPY,False,10000,13.11170917,9994.9828,5.02,0.0493,0.0008,Riptide + Raydium CLMM + Byreal,Riptide + Scorch + JupLend AMM,757.6924,4694025.0
2026-09-15T20:38:21+00:00,MSTRx,MSTR,False,100,0.77345726,99.9,10.0,0.0,0.2252,Riptide,Riptide,129.346,772862.0
2026-09-15T20:38:21+00:00,MSTRx,MSTR,False,1000,7.73457269,999.0005,10.0,0.0,0.2252,Riptide,Riptide,129.346,772862.0
2026-09-15T20:38:21+00:00,MSTRx,MSTR,False,10000,77.32730509,9985.0863,14.91,0.0,0.2505,Byreal + Riptide,Riptide,129.346,772862.0
2026-09-15T20:38:21+00:00,METAx,META,False,100,0.14861255,99.637,36.3,0.3177,0.0454,Byreal,Whirlpool,668.9696,302938.0
2026-09-15T20:38:21+00:00,METAx,META,False,1000,1.48491117,994.6309,53.69,0.3991,0.1383,Raydium CLMM,Raydium CLMM,668.9696,302938.0
2026-09-15T20:38:21+00:00,METAx,META,False,10000,14.82932659,9919.6337,80.37,0.5318,0.2733,Whirlpool + Byreal + Raydium CLMM,Manifest + Raydium CLMM + Byreal,668.9696,302938.0
2026-09-15T20:38:21+00:00,GOOGLx,GOOGL,False,100,0.28945633,99.7644,23.56,0.0,0.2554,Whirlpool,Meteora DLMM + Flux,344.5978,423615.0
2026-09-15T20:38:21+00:00,GOOGLx,GOOGL,False,1000,2.8916632,996.7314,32.69,0.0804,0.2467,Byreal,Meteora DLMM + Flux,344.5978,423615.0
2026-09-15T20:38:21+00:00,GOOGLx,GOOGL,False,10000,28.87927435,9929.6635,70.34,0.2095,0.4949,Byreal + Whirlpool + Raydium CLMM,Raydium CLMM + Meteora DLMM + Scorch + Flux,344.5978,423615.0
2026-09-15T20:38:21+00:00,AMZNx,AMZN,False,100,0.40233862,99.7262,27.38,0.4398,0.0,Byreal,Meteora DLMM + PancakeSwap,247.363,193984.0
2026-09-15T20:38:21+00:00,AMZNx,AMZN,False,1000,4.02191837,995.1715,48.28,0.4761,0.0068,Byreal,Byreal,247.363,193984.0
2026-09-15T20:38:21+00:00,AMZNx,AMZN,False,10000,40.1499911,9913.5136,86.49,0.6473,0.2189,BisonFi + Meteora DLMM + Raydium CLMM + Byreal,Byreal + Meteora DLMM + HumidiFi + Raydium CLMM,247.363,193984.0
2026-09-15T20:53:58+00:00,AAPLx,AAPL,False,100,0.30063598,99.7807,21.93,0.2051,0.0142,Byreal,Raydium CLMM,330.7522,702074.0
2026-09-15T20:53:58+00:00,AAPLx,AAPL,False,1000,3.00557636,996.2472,37.53,0.2311,0.1445,Byreal,Raydium CLMM,330.7522,702074.0
2026-09-15T20:53:58+00:00,AAPLx,AAPL,False,10000,30.03084813,9939.0016,61.0,0.3138,0.2971,Byreal + Raydium CLMM,Byreal + Raydium CLMM,330.7522,702074.0
2026-09-15T20:53:58+00:00,TSLAx,TSLA,False,100,0.28037594,99.9767,2.33,0.2058,0.0,Whirlpool,Riptide,355.8092,1209678.0
2026-09-15T20:53:58+00:00,TSLAx,TSLA,False,1000,2.80160886,999.0005,10.0,0.2842,0.0,Riptide,Riptide,355.8092,1209678.0
2026-09-15T20:53:58+00:00,TSLAx,TSLA,False,10000,28.01648624,9990.1468,9.85,0.2828,0.0111,Riptide + Kipseli + Meteora DLMM + Whirlpool,Riptide,355.8092,1209678.0
2026-09-15T20:53:58+00:00,NVDAx,NVDA,False,100,0.46979624,99.9627,3.73,0.1908,0.0,Whirlpool,Riptide,212.3328,1761210.0
2026-09-15T20:53:58+00:00,NVDAx,NVDA,False,1000,4.69554152,999.1976,8.02,0.2422,0.0,Whirlpool,Riptide,212.3328,1761210.0
2026-09-15T20:53:58+00:00,NVDAx,NVDA,False,10000,46.94738671,9989.3868,10.61,0.2593,0.0,Riptide + Whirlpool,Riptide + Whirlpool,212.3328,1761210.0
2026-09-15T20:53:58+00:00,SPYx,SPY,False,100,0.13108062,99.9795,2.05,0.0202,0.0002,Raydium CLMM,Byreal,758.1577,4698704.0
2026-09-15T20:53:58+00:00,SPYx,SPY,False,1000,1.31076707,999.7312,2.69,0.0232,0.0037,Raydium CLMM,Raydium CLMM,758.1577,4698704.0
2026-09-15T20:53:58+00:00,SPYx,SPY,False,10000,13.10735888,9994.8334,5.17,0.0256,0.0261,Raydium CLMM + Riptide,Byreal + Riptide + Raydium CLMM,758.1577,4698704.0
2026-09-15T20:53:58+00:00,MSTRx,MSTR,False,100,0.77075334,99.9,10.0,0.1234,0.0,Riptide,Riptide,129.5414,780129.0
2026-09-15T20:53:58+00:00,MSTRx,MSTR,False,1000,7.70746814,999.0005,10.0,0.1243,0.0,Riptide,Riptide,129.5414,780129.0
2026-09-15T20:53:58+00:00,MSTRx,MSTR,False,10000,77.05461267,9984.9823,15.02,0.1503,0.0,Riptide + Byreal,Riptide,129.5414,780129.0
2026-09-15T20:53:58+00:00,METAx,META,False,100,0.14837261,99.6577,34.23,0.3374,0.0049,Byreal,Raydium CLMM,669.9494,312554.0
2026-09-15T20:53:58+00:00,METAx,META,False,1000,1.48151831,994.9256,50.74,0.4857,0.0218,Byreal,Raydium CLMM,669.9494,312554.0
2026-09-15T20:53:58+00:00,METAx,META,False,10000,14.7720798,9905.7424,94.26,0.7752,0.1686,Whirlpool + Byreal + Raydium CLMM,Raydium CLMM + Whirlpool + Byreal,669.9494,312554.0
2026-09-15T20:53:58+00:00,GOOGLx,GOOGL,False,100,0.28931618,99.7174,28.26,1.3667,0.0,Whirlpool,Meteora DLMM + GoonFi V2,340.0011,422090.0
2026-09-15T20:53:58+00:00,GOOGLx,GOOGL,False,1000,2.89108488,996.4595,35.41,1.4375,0.0,Byreal,Meteora DLMM + HumidiFi,340.0011,422090.0
2026-09-15T20:53:58+00:00,GOOGLx,GOOGL,False,10000,28.87242233,9929.4658,70.53,1.5685,0.0,Whirlpool + Byreal + Raydium CLMM,Whirlpool + Meteora DLMM + TesseraV + Raydium CLMM,340.0011,422090.0
2026-09-15T20:53:58+00:00,AMZNx,AMZN,False,100,0.40221364,99.5923,40.77,0.3735,0.0343,Byreal,Byreal,247.616,194375.0
2026-09-15T20:53:58+00:00,AMZNx,AMZN,False,1000,4.02067257,995.1993,48.01,0.4097,0.0,Byreal,Byreal,247.616,194375.0
2026-09-15T20:53:58+00:00,AMZNx,AMZN,False,10000,40.14193986,9913.8537,86.15,0.6653,0.1975,Byreal + Raydium CLMM + HumidiFi,Raydium CLMM + Flux + Byreal,247.616,194375.0
2026-09-15T21:09:50+00:00,AAPLx,AAPL,False,100,0.3008703,99.7712,22.88,0.0132,0.2156,Raydium CLMM,Raydium CLMM,331.1323,701658.0
2026-09-15T21:09:50+00:00,AAPLx,AAPL,False,1000,3.0049473,995.5093,44.91,0.138,0.3115,Raydium CLMM,Byreal,331.1323,701658.0
2026-09-15T21:09:50+00:00,AAPLx,AAPL,False,10000,30.02837678,9938.7588,61.24,0.2081,0.4051,Raydium CLMM + Byreal,Raydium CLMM + Byreal,331.1323,701658.0
2026-09-15T21:09:50+00:00,TSLAx,TSLA,False,100,0.28034911,99.937,6.3,0.0499,0.0132,Whirlpool,Whirlpool,356.4018,1209405.0
2026-09-15T21:09:50+00:00,TSLAx,TSLA,False,1000,2.80030695,998.2296,17.7,0.1634,0.0137,Whirlpool,Riptide,356.4018,1209405.0
2026-09-15T21:09:50+00:00,TSLAx,TSLA,False,10000,28.02473687,9990.0201,9.98,0.0861,0.0137,Whirlpool + Riptide,Whirlpool + Riptide,356.4018,1209405.0
2026-09-15T21:09:50+00:00,NVDAx,NVDA,False,100,0.47014657,99.9686,3.14,0.01,0.0214,Whirlpool,Riptide,212.2467,1773577.0
2026-09-15T21:09:50+00:00,NVDAx,NVDA,False,1000,4.70013228,999.4009,5.99,0.0383,0.0,Whirlpool,Riptide,212.2467,1773577.0
2026-09-15T21:09:50+00:00,NVDAx,NVDA,False,10000,46.98430533,9989.7816,10.22,0.1091,0.0,Whirlpool + Riptide,Whirlpool + Raydium CLMM + Riptide,212.2467,1773577.0
2026-09-15T21:09:50+00:00,SPYx,SPY,False,100,0.13109945,99.9795,2.05,0.0033,0.172,Byreal,Raydium CLMM,758.1683,4712125.0
2026-09-15T21:09:50+00:00,SPYx,SPY,False,1000,1.31092895,999.7182,2.82,0.0,0.1753,Raydium CLMM,AlphaQ + Raydium CLMM + Byreal,758.1683,4712125.0
2026-09-15T21:09:50+00:00,SPYx,SPY,False,10000,13.10754235,9994.547,5.45,0.0,0.1892,Byreal + Riptide + Raydium CLMM,Riptide + Byreal + Raydium CLMM,758.1683,4712125.0
2026-09-15T21:09:50+00:00,MSTRx,MSTR,False,100,0.77504763,99.9,10.0,0.0124,0.0875,Riptide,Riptide,128.9668,774723.0
2026-09-15T21:09:50+00:00,MSTRx,MSTR,False,1000,7.75047639,999.0121,9.88,0.0124,0.0864,Riptide,Riptide,128.9668,774723.0
2026-09-15T21:09:50+00:00,MSTRx,MSTR,False,10000,77.4826847,9984.8913,15.11,0.0409,0.1102,ZeroFi + Raydium CLMM + Riptide,Riptide,128.9668,774723.0
2026-09-15T21:09:50+00:00,METAx,META,False,100,0.14842166,99.6509,34.91,0.0357,0.3135,Whirlpool,Raydium CLMM,671.7551,311649.0
2026-09-15T21:09:50+00:00,METAx,META,False,1000,1.48167096,994.6316,53.68,0.2072,0.3303,Raydium CLMM,Raydium CLMM,671.7551,311649.0
2026-09-15T21:09:50+00:00,METAx,META,False,10000,14.78423249,9909.4063,90.59,0.4259,0.4821,Raydium CLMM + Whirlpool + Byreal,Byreal + Raydium CLMM,671.7551,311649.0
2026-09-15T21:09:50+00:00,GOOGLx,GOOGL,False,100,0.28973713,99.7807,21.93,0.1985,0.0209,Flux + Meteora DLMM,Whirlpool,343.5281,423853.0
2026-09-15T21:09:50+00:00,GOOGLx,GOOGL,False,1000,2.89480968,996.4735,35.27,0.2867,0.0661,TesseraV + Meteora DLMM,Byreal,343.5281,423853.0
2026-09-15T21:09:50+00:00,GOOGLx,GOOGL,False,10000,28.88098776,9930.1806,69.82,0.5179,0.1813,Whirlpool + TesseraV + Meteora DLMM + Raydium CLMM,Whirlpool + Byreal + Raydium CLMM,343.5281,423853.0
2026-09-15T21:09:50+00:00,AMZNx,AMZN,False,100,0.40271969,99.6709,32.91,0.0,0.3333,HumidiFi + Raydium CLMM,Byreal,248.2424,192679.0
2026-09-15T21:09:50+00:00,AMZNx,AMZN,False,1000,4.02255624,995.1444,48.56,0.111,0.375,Byreal,Byreal,248.2424,192679.0
2026-09-15T21:09:50+00:00,AMZNx,AMZN,False,10000,40.15553724,9912.7669,87.23,0.2849,0.5891,Quantum + Meteora DLMM + Raydium CLMM + Byreal,Meteora DLMM + HumidiFi + Byreal + Raydium CLMM,248.2424,192679.0
2026-09-15T21:25:28+00:00,AAPLx,AAPL,False,100,0.30063578,99.7724,22.76,1.2193,0.0,Raydium CLMM,Raydium CLMM,327.4005,700826.0
2026-09-15T21:25:28+00:00,AAPLx,AAPL,False,1000,3.00473395,995.8815,41.18,1.2727,0.0,Byreal,Raydium CLMM,327.4005,700826.0
2026-09-15T21:25:28+00:00,AAPLx,AAPL,False,10000,30.02619524,9938.9663,61.03,1.3422,0.0,Raydium CLMM + Byreal,Raydium CLMM + Byreal,327.4005,700826.0
2026-09-15T21:25:28+00:00,TSLAx,TSLA,False,100,0.28082799,99.9444,5.56,0.0434,0.0122,BinaryFi,Whirlpool,355.6695,1200497.0
2026-09-15T21:25:28+00:00,TSLAx,TSLA,False,1000,2.80827999,999.0794,9.21,0.0434,0.0487,BinaryFi,Riptide,355.6695,1200497.0
2026-09-15T21:25:28+00:00,TSLAx,TSLA,False,10000,28.08034998,9989.9552,10.04,0.0522,0.0483,Whirlpool + Riptide,Whirlpool + Riptide + BinaryFi,355.6695,1200497.0
2026-09-15T21:25:28+00:00,NVDAx,NVDA,False,100,0.46978122,99.9724,2.76,0.0083,0.0192,Riptide,Whirlpool,212.5095,1778854.0
2026-09-15T21:25:28+00:00,NVDAx,NVDA,False,1000,4.69781224,999.3311,6.69,0.0218,0.0452,Riptide,Whirlpool,212.5095,1778854.0
2026-09-15T21:25:28+00:00,NVDAx,NVDA,False,10000,46.97812242,9990.1833,9.82,0.0218,0.0764,Riptide,Riptide + BinaryFi + Whirlpool,212.5095,1778854.0
2026-09-15T21:25:28+00:00,SPYx,SPY,False,100,0.13118942,99.9802,1.98,0.4312,0.002,Byreal,Raydium CLMM,754.4232,4598505.0
2026-09-15T21:25:28+00:00,SPYx,SPY,False,1000,1.3118197,999.7402,2.6,0.0,0.0885,Raydium CLMM,Byreal + Raydium CLMM + Riptide,754.4232,4598505.0
2026-09-15T21:25:28+00:00,SPYx,SPY,False,10000,13.11498599,9994.8619,5.14,0.0,0.0208,Byreal + Riptide + Raydium CLMM,Raydium CLMM + Riptide,754.4232,4598505.0
2026-09-15T21:25:28+00:00,MSTRx,MSTR,False,100,0.77509343,99.9033,9.67,0.0871,0.0096,Riptide,Raydium CLMM,128.8645,776326.0
2026-09-15T21:25:28+00:00,MSTRx,MSTR,False,1000,7.75093431,999.0005,10.0,0.0871,0.0129,Riptide,Riptide,128.8645,776326.0
2026-09-15T21:25:28+00:00,MSTRx,MSTR,False,10000,77.48828603,9985.2065,14.79,0.1142,0.0338,Riptide,Riptide + Raydium CLMM,128.8645,776326.0
2026-09-15T21:25:28+00:00,METAx,META,False,100,0.14870637,99.6516,34.84,0.33,0.0185,Whirlpool,Raydium CLMM,668.503,304921.0
2026-09-15T21:25:28+00:00,METAx,META,False,1000,1.48450252,994.6312,53.69,0.5017,0.0354,Raydium CLMM,Raydium CLMM,668.503,304921.0
2026-09-15T21:25:28+00:00,METAx,META,False,10000,14.82757004,9920.5898,79.41,0.6187,0.1765,Byreal + Raydium CLMM + Whirlpool,Whirlpool + Byreal + Raydium CLMM,668.503,304921.0
2026-09-15T21:25:28+00:00,GOOGLx,GOOGL,False,100,0.28973418,99.7434,25.66,0.2598,0.0,HumidiFi + Meteora DLMM,Byreal,343.3245,422086.0
2026-09-15T21:25:28+00:00,GOOGLx,GOOGL,False,1000,2.8973026,997.054,29.46,0.2611,0.0336,Deriverse + BisonFi + Meteora DLMM,Byreal,343.3245,422086.0
2026-09-15T21:25:28+00:00,GOOGLx,GOOGL,False,10000,28.89358001,9931.3636,68.64,0.5346,0.1526,Byreal + HumidiFi + Meteora DLMM + Raydium CLMM,Byreal + Raydium CLMM + Whirlpool,343.3245,422086.0
2026-09-15T21:25:28+00:00,AMZNx,AMZN,False,100,0.40262275,99.6301,36.99,0.414,0.0,BisonFi + Whirlpool + Raydium CLMM,Byreal,247.2665,192680.0
2026-09-15T21:25:28+00:00,AMZNx,AMZN,False,1000,4.02323647,995.1384,48.62,0.488,0.0,Byreal,Raydium CLMM,247.2665,192680.0
2026-09-15T21:25:28+00:00,AMZNx,AMZN,False,10000,40.1571541,9912.4278,87.57,0.674,0.203,Byreal + Raydium CLMM + HumidiFi + Meteora DLMM,Raydium CLMM + Meteora DLMM + HumidiFi + Byreal,247.2665,192680.0
2026-09-15T21:41:05+00:00,AAPLx,AAPL,False,100,0.30100262,99.7963,20.37,0.1986,0.0051,Raydium CLMM,Whirlpool,330.3748,702704.0
2026-09-15T21:41:05+00:00,AAPLx,AAPL,False,1000,3.00620364,996.4304,35.7,0.3253,0.0317,Raydium CLMM,Byreal,330.3748,702704.0
2026-09-15T21:41:05+00:00,AAPLx,AAPL,False,10000,30.0253154,9939.5335,60.47,0.4471,0.1583,Raydium CLMM + Byreal,Raydium CLMM + Byreal + Whirlpool,330.3748,702704.0
2026-09-15T21:41:05+00:00,TSLAx,TSLA,False,100,0.28094886,99.9361,6.39,0.009,0.0549,Whirlpool,Whirlpool,355.7882,1199848.0
2026-09-15T21:41:05+00:00,TSLAx,TSLA,False,1000,2.80848196,999.0005,10.0,0.0448,0.0551,Riptide,Riptide,355.7882,1199848.0
2026-09-15T21:41:05+00:00,TSLAx,TSLA,False,10000,28.08481583,9990.0059,9.99,0.0466,0.0533,Whirlpool + Riptide,Whirlpool + Riptide,355.7882,1199848.0
2026-09-15T21:41:05+00:00,NVDAx,NVDA,False,100,0.47012743,99.9531,4.69,0.0603,0.0,Whirlpool,Whirlpool,212.1496,1780401.0
2026-09-15T21:41:05+00:00,NVDAx,NVDA,False,1000,4.70037146,999.0423,9.58,0.0795,0.0163,Riptide,Whirlpool,212.1496,1780401.0
2026-09-15T21:41:05+00:00,NVDAx,NVDA,False,10000,47.00389186,9990.096,9.9,0.0791,0.0199,Whirlpool + Riptide,Raydium CLMM + HumidiFi + Riptide + Whirlpool,212.1496,1780401.0
2026-09-15T21:41:05+00:00,SPYx,SPY,False,100,0.13116794,99.981,1.9,0.0187,0.0002,AlphaQ,Byreal,757.6598,4556386.0
2026-09-15T21:41:05+00:00,SPYx,SPY,False,1000,1.31165842,999.7504,2.5,0.0,0.2125,Riptide,Byreal + Raydium CLMM + Whirlpool,757.6598,4556386.0
2026-09-15T21:41:05+00:00,SPYx,SPY,False,10000,13.1165901,9994.9229,5.08,0.0,0.2383,Riptide + Raydium CLMM + AlphaQ,Raydium CLMM + Riptide + Byreal,757.6598,4556386.0
2026-09-15T21:41:05+00:00,MSTRx,MSTR,False,100,0.77623229,99.9,10.0,0.1115,0.0,Riptide,Riptide,128.6417,766051.0
2026-09-15T21:41:05+00:00,MSTRx,MSTR,False,1000,7.76232292,999.0005,10.0,0.1115,0.0,Riptide,Riptide,128.6417,766051.0
2026-09-15T21:41:05+00:00,MSTRx,MSTR,False,10000,77.60363349,9985.014,14.99,0.1367,0.0132,Riptide,Riptide,128.6417,766051.0
2026-09-15T21:41:05+00:00,METAx,META,False,100,0.14864045,99.6127,38.73,0.0489,0.3386,Whirlpool,Whirlpool,670.6742,304810.0
2026-09-15T21:41:05+00:00,METAx,META,False,1000,1.48461564,994.6316,53.68,0.1692,0.3683,Raydium CLMM,Raydium CLMM,670.6742,304810.0
2026-09-15T21:41:05+00:00,METAx,META,False,10000,14.8279482,9920.2923,79.71,0.2916,0.507,Byreal + Whirlpool + Raydium CLMM,Raydium CLMM + Byreal + Whirlpool,670.6742,304810.0
2026-09-15T21:41:05+00:00,GOOGLx,GOOGL,False,100,0.28958022,99.6723,32.77,0.0143,0.3135,Whirlpool,Meteora DLMM + BisonFi + Quay,344.3467,422442.0
2026-09-15T21:41:05+00:00,GOOGLx,GOOGL,False,1000,2.89370111,995.5977,44.02,1.8573,0.0,Quay + Flux + Meteora DLMM,Raydium CLMM,344.3467,422442.0
2026-09-15T21:41:05+00:00,GOOGLx,GOOGL,False,10000,28.8944397,9930.1128,69.89,2.0017,0.0,HumidiFi + Meteora DLMM + Byreal + Raydium CLMM,Meteora DLMM + HumidiFi + Raydium CLMM + Byreal,344.3467,422442.0
2026-09-15T21:41:05+00:00,AMZNx,AMZN,False,100,0.4024434,99.6193,38.07,0.4151,0.0,Byreal,Meteora DLMM + HumidiFi,247.3697,193324.0
2026-09-15T21:41:05+00:00,AMZNx,AMZN,False,1000,4.02296892,995.1195,48.81,0.4514,0.0368,Byreal,Byreal,247.3697,193324.0
2026-09-15T21:41:05+00:00,AMZNx,AMZN,False,10000,40.15264827,9912.8997,87.1,0.642,0.2305,Raydium CLMM + Quantum + Meteora DLMM + Byreal,Byreal + Raydium CLMM + Meteora DLMM + BisonFi,247.3697,193324.0
2026-09-15T21:56:41+00:00,AAPLx,AAPL,False,100,0.30079016,99.7724,22.76,0.0352,0.1924,Raydium CLMM,Raydium CLMM,331.1525,702469.0
2026-09-15T21:56:41+00:00,AAPLx,AAPL,False,1000,3.00440306,995.6679,43.32,0.1515,0.2821,Raydium CLMM,Byreal,331.1525,702469.0
2026-09-15T21:56:41+00:00,AAPLx,AAPL,False,10000,30.02427658,9939.0872,60.91,0.2172,0.3928,Raydium CLMM + Byreal,Raydium CLMM + Byreal,331.1525,702469.0
2026-09-15T21:56:41+00:00,TSLAx,TSLA,False,100,0.28108543,99.9542,4.58,0.044,0.0018,Whirlpool,Raydium CLMM,355.4942,1197999.0
2026-09-15T21:56:41+00:00,TSLAx,TSLA,False,1000,2.80941707,999.0005,10.0,0.0951,0.0048,Riptide,Riptide,355.4942,1197999.0
2026-09-15T21:56:41+00:00,TSLAx,TSLA,False,10000,28.09431957,9990.061,9.94,0.0946,0.0048,Riptide + Whirlpool,Riptide + Raydium CLMM,355.4942,1197999.0
2026-09-15T21:56:41+00:00,NVDAx,NVDA,False,100,0.47008338,99.9554,4.46,0.0117,0.0,Whirlpool,Riptide,212.1714,1772045.0
2026-09-15T21:56:41+00:00,NVDAx,NVDA,False,1000,4.6993735,999.2431,7.57,0.4552,0.0,Whirlpool,Riptide,212.1714,1772045.0
2026-09-15T21:56:41+00:00,NVDAx,NVDA,False,10000,46.98351594,9988.8335,11.17,0.4768,0.0,Whirlpool + Riptide,Riptide + Whirlpool,212.1714,1772045.0
2026-09-15T21:56:41+00:00,SPYx,SPY,False,100,0.13120835,99.9933,0.67,0.378,0.0,Riptide,Byreal,754.712,4510095.0
2026-09-15T21:56:41+00:00,SPYx,SPY,False,1000,1.31208351,999.8345,1.66,0.378,0.0,Riptide,Raydium CLMM,754.712,4510095.0
2026-09-15T21:56:41+00:00,SPYx,SPY,False,10000,13.12097017,9994.5171,5.48,0.3769,0.047,Quantum + Raydium CLMM + Riptide,Riptide + Byreal + Raydium CLMM,754.712,4510095.0
2026-09-15T21:56:41+00:00,MSTRx,MSTR,False,100,0.77948695,99.9483,5.17,0.0,0.0517,Riptide,Raydium CLMM,128.2487,765369.0
2026-09-15T21:56:41+00:00,MSTRx,MSTR,False,1000,7.79682054,999.3052,6.95,0.0,0.0945,Riptide,Raydium CLMM,128.2487,765369.0
2026-09-15T21:56:41+00:00,MSTRx,MSTR,False,10000,77.96143289,9987.0842,12.92,0.0,0.1457,Riptide,Riptide + Raydium CLMM + HumidiFi,128.2487,765369.0
2026-09-15T21:56:41+00:00,METAx,META,False,100,0.14867853,99.6122,38.78,0.3601,0.0278,Whirlpool,Raydium CLMM,668.42,304421.0
2026-09-15T21:56:41+00:00,METAx,META,False,1000,1.48481126,994.6316,53.68,0.4924,0.0447,Raydium CLMM,Raydium CLMM,668.42,304421.0
2026-09-15T21:56:41+00:00,METAx,META,False,10000,14.82981439,9920.2096,79.79,0.615,0.184,Byreal + Raydium CLMM + Whirlpool,Byreal + Raydium CLMM + Whirlpool,668.42,304421.0
2026-09-15T21:56:41+00:00,GOOGLx,GOOGL,False,100,0.28995999,99.7832,21.68,1.8424,0.0,Quay + GoonFi V2 + Meteora DLMM,Raydium CLMM,337.6107,421865.0
2026-09-15T21:56:41+00:00,GOOGLx,GOOGL,False,1000,2.89954608,997.5866,24.13,1.8442,0.0,GoonFi V2 + Scorch + Meteora DLMM,Raydium CLMM,337.6107,421865.0
2026-09-15T21:56:41+00:00,GOOGLx,GOOGL,False,10000,28.90625379,9933.3673,66.63,2.1462,0.0,Byreal + GoonFi V2 + Meteora DLMM + Whirlpool,Whirlpool + Raydium CLMM + Byreal,337.6107,421865.0
2026-09-15T21:56:41+00:00,AMZNx,AMZN,False,100,0.40314059,99.7636,23.64,0.2489,0.0,Quantum + Meteora DLMM,Byreal,247.356,192748.0
2026-09-15T21:56:41+00:00,AMZNx,AMZN,False,1000,4.02302001,995.1161,48.84,0.4564,0.0322,Byreal,Byreal,247.356,192748.0
2026-09-15T21:56:41+00:00,AMZNx,AMZN,False,10000,40.15925775,9912.4427,87.56,0.6319,0.2452,Byreal + Quantum + Meteora DLMM + Raydium CLMM,Byreal + Raydium CLMM + Meteora DLMM + HumidiFi,247.356,192748.0
2026-09-15T22:12:18+00:00,AAPLx,AAPL,False,100,0.30067713,99.7843,21.57,0.2015,0.0142,Raydium CLMM,Raydium CLMM,330.7102,691514.0
2026-09-15T22:12:18+00:00,AAPLx,AAPL,False,1000,3.00636661,996.4027,35.97,0.2149,0.1451,Raydium CLMM,Raydium CLMM,330.7102,691514.0
2026-09-15T22:12:18+00:00,AAPLx,AAPL,False,10000,30.03764432,9938.804,61.2,0.3013,0.3116,Raydium CLMM + Byreal,Raydium CLMM + Byreal,330.7102,691514.0
2026-09-15T22:12:18+00:00,TSLAx,TSLA,False,100,0.28099472,99.9325,6.75,0.0407,0.0267,Whirlpool,Whirlpool,355.6103,1191196.0
2026-09-15T22:12:18+00:00,TSLAx,TSLA,False,1000,2.80960116,999.0005,10.0,0.053,0.0469,Riptide,Riptide,355.6103,1191196.0
2026-09-15T22:12:18+00:00,TSLAx,TSLA,False,10000,28.09609675,9990.0699,9.93,0.0527,0.0466,BinaryFi + Riptide + Whirlpool,Riptide + BinaryFi,355.6103,1191196.0
2026-09-15T22:12:18+00:00,NVDAx,NVDA,False,100,0.470224,99.9923,0.77,0.0019,0.0058,BinaryFi,Whirlpool,212.2258,1771588.0
2026-09-15T22:12:18+00:00,NVDAx,NVDA,False,1000,4.69993295,999.1374,8.63,0.0509,0.0353,Riptide,Whirlpool,212.2258,1771588.0
2026-09-15T22:12:18+00:00,NVDAx,NVDA,False,10000,46.99937229,9990.176,9.82,0.0508,0.0474,Whirlpool + Riptide,Whirlpool + BinaryFi + Riptide,212.2258,1771588.0
2026-09-15T22:12:18+00:00,SPYx,SPY,False,100,0.13127642,99.9884,1.16,0.0,0.0196,Byreal,Raydium CLMM,759.652,4389468.0
2026-09-15T22:12:18+00:00,SPYx,SPY,False,1000,1.31256353,999.6691,3.31,0.0073,0.0258,Raydium CLMM,Raydium CLMM,759.652,4389468.0
2026-09-15T22:12:18+00:00,SPYx,SPY,False,10000,13.12405806,9994.1647,5.84,0.0193,0.039,Riptide + Byreal + Raydium CLMM,Raydium CLMM + Riptide + Byreal,759.652,4389468.0
2026-09-15T22:12:18+00:00,MSTRx,MSTR,False,100,0.78257523,99.9586,4.14,0.0,0.0737,Riptide,Raydium CLMM + Flux,127.7801,757115.0
2026-09-15T22:12:18+00:00,MSTRx,MSTR,False,1000,7.82558087,999.4062,5.94,0.0,0.0894,Riptide,Raydium CLMM + BisonFi,127.7801,757115.0
2026-09-15T22:12:18+00:00,MSTRx,MSTR,False,10000,78.23097355,9987.8708,12.13,0.0017,0.1196,Riptide,Riptide + Raydium CLMM + GoonFi V2 + AlphaQ,127.7801,757115.0
2026-09-15T22:12:18+00:00,METAx,META,False,100,0.14862127,99.6259,37.41,0.0039,0.3702,Byreal,Whirlpool,671.0492,304161.0
2026-09-15T22:12:18+00:00,METAx,META,False,1000,1.48498624,994.6315,53.68,0.0864,0.4508,Raydium CLMM,Raydium CLMM,671.0492,304161.0
2026-09-15T22:12:18+00:00,METAx,META,False,10000,14.83033873,9920.1917,79.81,0.2178,0.5815,Byreal + Whirlpool + Raydium CLMM,Whirlpool + Raydium CLMM + Byreal,671.0492,304161.0
2026-09-15T22:12:18+00:00,GOOGLx,GOOGL,False,100,0.28959257,99.6517,34.83,0.0273,0.3211,Whirlpool,Whirlpool,344.2804,421993.0
2026-09-15T22:12:18+00:00,GOOGLx,GOOGL,False,1000,2.89327087,995.3762,46.24,0.1189,0.3439,Byreal,Raydium CLMM,344.2804,421993.0
2026-09-15T22:12:18+00:00,GOOGLx,GOOGL,False,10000,28.892663,9929.1136,70.89,0.2572,0.4528,BisonFi + Meteora DLMM + Raydium CLMM + Byreal,Byreal + Meteora DLMM + HumidiFi + Raydium CLMM,344.2804,421993.0
2026-09-15T22:12:18+00:00,AMZNx,AMZN,False,100,0.40238858,99.5923,40.77,0.0075,0.4002,Byreal,Byreal,248.4113,192850.0
2026-09-15T22:12:18+00:00,AMZNx,AMZN,False,1000,4.02242099,995.1515,48.48,0.0439,0.4412,Byreal,Byreal,248.4113,192850.0
2026-09-15T22:12:18+00:00,AMZNx,AMZN,False,10000,40.15531314,9912.3371,87.66,0.2151,0.663,Byreal + BisonFi + Meteora DLMM + Raydium CLMM,Byreal + Raydium CLMM + Meteora DLMM + HumidiFi,248.4113,192850.0
2026-09-15T22:28:29+00:00,AAPLx,AAPL,False,100,0.30067911,99.7724,22.76,0.2067,0.021,Raydium CLMM,Raydium CLMM,330.707,692781.0
2026-09-15T22:28:29+00:00,AAPLx,AAPL,False,1000,3.00582031,996.0884,39.12,0.2389,0.1527,Raydium CLMM,Raydium CLMM,330.707,692781.0
2026-09-15T22:28:29+00:00,AAPLx,AAPL,False,10000,30.03442151,9938.3298,61.67,0.3178,0.2999,Raydium CLMM + Byreal,Raydium CLMM + Byreal,330.707,692781.0
2026-09-15T22:28:29+00:00,TSLAx,TSLA,False,100,0.28072746,99.9346,6.54,0.0546,0.0108,Whirlpool,Whirlpool,355.9099,1190429.0
2026-09-15T22:28:29+00:00,TSLAx,TSLA,False,1000,2.80701,999.064,9.36,0.0641,0.0296,BinaryFi,Riptide,355.9099,1190429.0
2026-09-15T22:28:29+00:00,TSLAx,TSLA,False,10000,28.06869108,9990.1668,9.83,0.0691,0.0293,Whirlpool + BinaryFi + Riptide,BinaryFi + Riptide,355.9099,1190429.0
2026-09-15T22:28:29+00:00,NVDAx,NVDA,False,100,0.46972775,99.958,4.2,0.0491,0.0,Whirlpool,Riptide,212.3561,1768922.0
2026-09-15T22:28:29+00:00,NVDAx,NVDA,False,1000,4.69469944,999.0313,9.69,0.1039,0.0,Whirlpool,Riptide,212.3561,1768922.0
2026-09-15T22:28:29+00:00,NVDAx,NVDA,False,10000,46.94657093,9983.7201,16.28,0.1048,0.058,BinaryFi + Whirlpool + Riptide,Riptide + BinaryFi,212.3561,1768922.0
2026-09-15T22:28:29+00:00,SPYx,SPY,False,100,0.13117,99.9972,0.28,0.4999,0.0,AlphaQ + Scorch,Raydium CLMM,756.3314,4346912.0
2026-09-15T22:28:29+00:00,SPYx,SPY,False,1000,1.31148883,999.7659,2.34,0.516,0.0,Riptide,Raydium CLMM,756.3314,4346912.0
2026-09-15T22:28:29+00:00,SPYx,SPY,False,10000,13.11492501,9995.0666,4.93,0.5157,0.0,Kipseli + Scorch + Riptide,Raydium CLMM + Riptide + Byreal,756.3314,4346912.0
2026-09-15T22:28:29+00:00,MSTRx,MSTR,False,100,0.78041104,99.9438,5.62,0.0045,0.0517,Byreal,Riptide,128.0912,752386.0
2026-09-15T22:28:29+00:00,MSTRx,MSTR,False,1000,7.80188382,999.0005,10.0,0.033,0.0669,Riptide,Riptide,128.0912,752386.0
2026-09-15T22:28:29+00:00,MSTRx,MSTR,False,10000,77.97115821,9986.8811,13.12,0.0941,0.0927,Raydium CLMM + Riptide,Riptide,128.0912,752386.0
2026-09-15T22:28:29+00:00,METAx,META,False,100,0.14876345,99.6783,32.17,0.3536,0.0,Whirlpool,Meteora DLMM + Whirlpool + GoonFi V2,668.0838,302544.0
2026-09-15T22:28:29+00:00,METAx,META,False,1000,1.48538748,994.6315,53.69,0.5041,0.0329,Raydium CLMM,Raydium CLMM,668.0838,302544.0
2026-09-15T22:28:29+00:00,METAx,META,False,10000,14.8362009,9920.5136,79.49,0.6225,0.1735,Whirlpool + Raydium CLMM + Byreal,Raydium CLMM + Whirlpool + Byreal,668.0838,302544.0
2026-09-15T22:28:29+00:00,GOOGLx,GOOGL,False,100,0.28960124,99.8485,15.15,0.2084,0.0,Whirlpool,Meteora DLMM + TesseraV,343.6566,422310.0
2026-09-15T22:28:29+00:00,GOOGLx,GOOGL,False,1000,2.89333197,995.9228,40.77,0.3008,0.1073,Byreal,Meteora DLMM + BisonFi + Deriverse,343.6566,422310.0
2026-09-15T22:28:29+00:00,GOOGLx,GOOGL,False,10000,28.89188322,9930.7754,69.22,0.4436,0.2498,Whirlpool + Raydium CLMM + Byreal,Meteora DLMM + BisonFi + Byreal + Raydium CLMM,343.6566,422310.0
2026-09-15T22:28:29+00:00,AMZNx,AMZN,False,100,0.40245808,99.8053,19.47,0.0041,0.1906,Byreal,Meteora DLMM + BisonFi,248.3842,192762.0
2026-09-15T22:28:29+00:00,AMZNx,AMZN,False,1000,4.02311562,995.1095,48.91,0.0405,0.4487,Byreal,Byreal,248.3842,192762.0
2026-09-15T22:28:29+00:00,AMZNx,AMZN,False,10000,40.15549824,9913.4357,86.56,0.2285,0.6386,HumidiFi + Meteora DLMM + Byreal + Raydium CLMM,Byreal + Meteora DLMM + BisonFi + Raydium CLMM,248.3842,192762.0
2026-09-15T22:44:13+00:00,AAPLx,AAPL,False,100,0.30059099,99.7724,22.76,0.2128,0.0148,Raydium CLMM,Raydium CLMM,330.7857,698845.0
2026-09-15T22:44:13+00:00,AAPLx,AAPL,False,1000,3.00539928,996.2589,37.41,0.2298,0.1447,Raydium CLMM,Raydium CLMM,330.7857,698845.0
2026-09-15T22:44:13+00:00,AAPLx,AAPL,False,10000,30.02846895,9938.591,61.41,0.3145,0.3005,Raydium CLMM + Byreal,Raydium CLMM + Byreal,330.7857,698845.0
2026-09-15T22:44:13+00:00,TSLAx,TSLA,False,100,0.2806571,99.937,6.3,0.0535,0.0096,Whirlpool,Whirlpool,356.0057,1190766.0
2026-09-15T22:44:13+00:00,TSLAx,TSLA,False,1000,2.80646999,999.0642,9.36,0.0571,0.0365,BinaryFi,Riptide,356.0057,1190766.0
2026-09-15T22:44:13+00:00,TSLAx,TSLA,False,10000,28.0629377,9990.0472,9.95,0.0634,0.0362,Riptide + Whirlpool,Riptide + BinaryFi + Whirlpool,356.0057,1190766.0
2026-09-15T22:44:13+00:00,NVDAx,NVDA,False,100,0.4695446,99.955,4.5,0.0424,0.0025,Whirlpool,Whirlpool,212.4545,1779594.0
2026-09-15T22:44:13+00:00,NVDAx,NVDA,False,1000,4.69452664,999.1825,8.18,0.062,0.0197,Whirlpool,Riptide,212.4545,1779594.0
2026-09-15T22:44:13+00:00,NVDAx,NVDA,False,10000,46.93758149,9978.1903,21.81,0.0784,0.1398,Whirlpool + Riptide,BinaryFi + Riptide,212.4545,1779594.0
2026-09-15T22:44:13+00:00,SPYx,SPY,False,100,0.13112949,99.9977,0.23,0.0073,0.0,Raydium CLMM,Riptide,757.9815,4428564.0
2026-09-15T22:44:13+00:00,SPYx,SPY,False,1000,1.31123607,999.932,0.68,0.0118,0.0,Raydium CLMM,Riptide,757.9815,4428564.0
2026-09-15T22:44:13+00:00,SPYx,SPY,False,10000,13.10822819,9996.1686,3.83,0.0433,0.0,Raydium CLMM + AlphaQ + Byreal,Riptide,757.9815,4428564.0
2026-09-15T22:44:13+00:00,MSTRx,MSTR,False,100,0.77848838,99.9,10.0,0.0204,0.0796,Riptide,Riptide,128.3881,758138.0
2026-09-15T22:44:13+00:00,MSTRx,MSTR,False,1000,7.78476866,999.1605,8.39,0.0219,0.0621,Riptide,Riptide,128.3881,758138.0
2026-09-15T22:44:13+00:00,MSTRx,MSTR,False,10000,77.81312568,9984.9556,15.04,0.0662,0.0843,Riptide + TesseraV + Raydium CLMM,Riptide,128.3881,758138.0
2026-09-15T22:44:13+00:00,METAx,META,False,100,0.14868074,99.6508,34.92,0.4257,0.0,Whirlpool,Meteora DLMM + Quantum,667.9761,302668.0
2026-09-15T22:44:13+00:00,METAx,META,False,1000,1.48538922,994.6315,53.69,0.5207,0.0163,Raydium CLMM,Raydium CLMM,667.9761,302668.0
2026-09-15T22:44:13+00:00,METAx,META,False,10000,14.83537588,9920.4677,79.53,0.6447,0.1516,Whirlpool + Byreal + Raydium CLMM,Whirlpool + Byreal + Raydium CLMM,667.9761,302668.0
2026-09-15T22:44:13+00:00,GOOGLx,GOOGL,False,100,0.28955111,99.7039,29.61,0.1503,0.146,Whirlpool,Meteora DLMM + GoonFi V2,343.9185,422180.0
2026-09-15T22:44:13+00:00,GOOGLx,GOOGL,False,1000,2.89333197,996.2323,37.68,0.2255,0.1517,Byreal,Meteora DLMM + BisonFi,343.9185,422180.0
2026-09-15T22:44:13+00:00,GOOGLx,GOOGL,False,10000,28.89123202,9926.7945,73.21,0.3706,0.3628,Whirlpool + Byreal + Raydium CLMM,Raydium CLMM + Meteora DLMM + BisonFi + GoonFi V2,343.9185,422180.0
2026-09-15T22:44:13+00:00,AMZNx,AMZN,False,100,0.40245808,99.6613,33.87,0.3711,0.0,Byreal,Meteora DLMM + GoonFi V2,247.4742,190924.0
2026-09-15T22:44:13+00:00,AMZNx,AMZN,False,1000,4.02311562,995.1095,48.91,0.4074,0.082,Byreal,Byreal,247.4742,190924.0
2026-09-15T22:44:13+00:00,AMZNx,AMZN,False,10000,40.16485104,9911.5994,88.4,0.5715,0.3143,Quantum + Meteora DLMM + Byreal + Raydium CLMM,Byreal + Raydium CLMM + Meteora DLMM + BisonFi,247.4742,190924.0
2026-09-15T22:59:54+00:00,AAPLx,AAPL,False,100,0.30092901,99.8354,16.46,0.0053,0.1593,Raydium CLMM,Raydium CLMM,331.0455,702189.0
2026-09-15T22:59:54+00:00,AAPLx,AAPL,False,1000,3.0088136,997.1654,28.35,0.0211,0.2624,Raydium CLMM,Byreal,331.0455,702189.0
2026-09-15T22:59:54+00:00,AAPLx,AAPL,False,10000,30.0486977,9943.0433,56.96,0.1522,0.418,Raydium CLMM + Byreal,Whirlpool + Raydium CLMM + Byreal,331.0455,702189.0
2026-09-15T22:59:54+00:00,TSLAx,TSLA,False,100,0.28071375,99.9371,6.29,0.1315,0.0,Whirlpool,Whirlpool,355.6514,1189322.0
2026-09-15T22:59:54+00:00,TSLAx,TSLA,False,1000,2.80684,999.1563,8.44,0.1421,0.0,BinaryFi,Riptide,355.6514,1189322.0
2026-09-15T22:59:54+00:00,TSLAx,TSLA,False,10000,28.06596473,9990.7486,9.25,0.1508,0.0,BinaryFi + Whirlpool + Riptide,Riptide + Whirlpool,355.6514,1189322.0
2026-09-15T22:59:54+00:00,NVDAx,NVDA,False,100,0.46972911,99.9597,4.03,0.038,0.0023,Riptide,Whirlpool,212.3777,1776409.0
2026-09-15T22:59:54+00:00,NVDAx,NVDA,False,1000,4.69729111,999.3562,6.44,0.038,0.0264,Riptide,Whirlpool,212.3777,1776409.0
2026-09-15T22:59:54+00:00,NVDAx,NVDA,False,10000,46.97264605,9990.3011,9.7,0.0386,0.0584,Riptide,Whirlpool + Riptide,212.3777,1776409.0
2026-09-15T22:59:54+00:00,SPYx,SPY,False,100,0.13111537,99.9966,0.34,0.019,0.0,Raydium CLMM,Whirlpool,757.9646,4416884.0
2026-09-15T22:59:54+00:00,SPYx,SPY,False,1000,1.31109492,999.742,2.58,0.0235,0.0023,Raydium CLMM,Riptide,757.9646,4416884.0
2026-09-15T22:59:54+00:00,SPYx,SPY,False,10000,13.10779263,9995.0384,4.96,0.0476,0.0021,Byreal + Riptide + Raydium CLMM,Whirlpool + Riptide,757.9646,4416884.0
2026-09-15T22:59:54+00:00,MSTRx,MSTR,False,100,0.77785251,99.9,10.0,0.0217,0.0782,Riptide,Riptide,128.4897,758753.0
2026-09-15T22:59:54+00:00,MSTRx,MSTR,False,1000,7.77940875,999.0005,10.0,0.0104,0.0896,Riptide,Riptide,128.4897,758753.0
2026-09-15T22:59:54+00:00,MSTRx,MSTR,False,10000,77.79180999,9984.6832,15.32,0.0133,0.1399,Riptide + ZeroFi + Raydium CLMM,Riptide,128.4897,758753.0
2026-09-15T22:59:54+00:00,METAx,META,False,100,0.14869366,99.6179,38.21,0.4104,0.0,Whirlpool,Whirlpool,668.0125,303784.0
2026-09-15T22:59:54+00:00,METAx,META,False,1000,1.48530573,994.6323,53.68,0.5196,0.0173,Raydium CLMM,Raydium CLMM,668.0125,303784.0
2026-09-15T22:59:54+00:00,METAx,META,False,10000,14.8348366,9920.5492,79.45,0.6416,0.1539,Raydium CLMM + Whirlpool + Byreal,Raydium CLMM + Byreal + Whirlpool,668.0125,303784.0
2026-09-15T22:59:54+00:00,GOOGLx,GOOGL,False,100,0.28950608,99.7033,29.67,0.0151,0.2816,Whirlpool,Meteora DLMM + PancakeSwap + GoonFi V2,344.4335,421002.0
2026-09-15T22:59:54+00:00,GOOGLx,GOOGL,False,1000,2.89333197,996.3472,36.53,0.0748,0.2907,Byreal,Meteora DLMM + BisonFi,344.4335,421002.0
2026-09-15T22:59:54+00:00,GOOGLx,GOOGL,False,10000,28.89069964,9931.8017,68.2,0.222,0.461,Byreal + Raydium CLMM + Whirlpool,Byreal + Raydium CLMM + Meteora DLMM + BisonFi,344.4335,421002.0
2026-09-15T22:59:54+00:00,AMZNx,AMZN,False,100,0.40245789,99.7979,20.21,0.1417,0.0605,Byreal,Raydium CLMM + Whirlpool + ZeroFi,248.0411,189819.0
2026-09-15T22:59:54+00:00,AMZNx,AMZN,False,1000,4.02311369,995.1096,48.9,0.178,0.0,Byreal,Byreal,248.0411,189819.0
2026-09-15T22:59:54+00:00,AMZNx,AMZN,False,10000,40.16880775,9912.0671,87.93,0.687,0.1937,Raydium CLMM + Byreal + HumidiFi + Meteora DLMM,Raydium CLMM + HumidiFi + Byreal,248.0411,189819.0
2026-09-15T23:15:40+00:00,AAPLx,AAPL,False,100,0.30055946,99.8749,12.51,0.2672,0.0,Raydium CLMM,Raydium CLMM + Quantum,330.645,694560.0
2026-09-15T23:15:40+00:00,AAPLx,AAPL,False,1000,3.00511898,996.7005,33.0,0.283,0.0471,Raydium CLMM,Raydium CLMM,330.645,694560.0
2026-09-15T23:15:40+00:00,AAPLx,AAPL,False,10000,30.02090165,9937.751,62.25,0.3835,0.2399,Raydium CLMM + Byreal + Whirlpool,Raydium CLMM + Byreal,330.645,694560.0
2026-09-15T23:15:40+00:00,TSLAx,TSLA,False,100,0.280722,99.9886,1.14,0.0231,0.0,BinaryFi,Whirlpool,356.0368,1187889.0
2026-09-15T23:15:40+00:00,TSLAx,TSLA,False,1000,2.80724999,999.1482,8.52,0.022,0.0632,BinaryFi,Riptide,356.0368,1187889.0
2026-09-15T23:15:40+00:00,TSLAx,TSLA,False,10000,28.0695856,9990.665,9.34,0.0324,0.061,Riptide + BinaryFi,Riptide + Whirlpool + Meteora DLMM + Flux,356.0368,1187889.0
2026-09-15T23:15:40+00:00,NVDAx,NVDA,False,100,0.46964974,99.9761,2.39,0.0423,0.0,Whirlpool,Raydium CLMM + HumidiFi,212.4103,1776387.0
2026-09-15T23:15:40+00:00,NVDAx,NVDA,False,1000,4.69630087,999.4031,5.97,0.0465,0.0132,Riptide,Raydium CLMM + GoonFi V2 + Quay,212.4103,1776387.0
2026-09-15T23:15:40+00:00,NVDAx,NVDA,False,10000,46.96302836,9990.7542,9.25,0.0464,0.0461,Whirlpool + Riptide,Raydium CLMM + GoonFi V2 + Whirlpool + Riptide,212.4103,1776387.0
2026-09-15T23:15:40+00:00,SPYx,SPY,False,100,0.13108787,99.9872,1.28,0.0,0.2893,Byreal,Whirlpool,760.3907,4400982.0
2026-09-15T23:15:40+00:00,SPYx,SPY,False,1000,1.3108118,999.7723,2.28,0.0,0.2941,Raydium CLMM,PancakeSwap + Riptide + Whirlpool,760.3907,4400982.0
2026-09-15T23:15:40+00:00,SPYx,SPY,False,10000,13.10521392,9995.4186,4.58,0.0,0.295,Byreal + Riptide + Raydium CLMM,Riptide + Whirlpool,760.3907,4400982.0
2026-09-15T23:15:40+00:00,MSTRx,MSTR,False,100,0.77598561,99.902,9.8,0.1354,0.0,Byreal,Riptide,128.6559,760686.0
2026-09-15T23:15:40+00:00,MSTRx,MSTR,False,1000,7.75970191,999.0005,10.0,0.1374,0.0,Riptide,Riptide,128.6559,760686.0
2026-09-15T23:15:40+00:00,MSTRx,MSTR,False,10000,77.5793592,9985.2014,14.8,0.1601,0.0,Byreal + Riptide + Raydium CLMM,Riptide,128.6559,760686.0
2026-09-15T23:15:40+00:00,METAx,META,False,100,0.14868082,99.6892,31.08,0.3925,0.0,Byreal,Meteora DLMM + HumidiFi,668.2082,303596.0
2026-09-15T23:15:40+00:00,METAx,META,False,1000,1.48542181,994.6323,53.68,0.4856,0.0514,Raydium CLMM,Raydium CLMM,668.2082,303596.0
2026-09-15T23:15:40+00:00,METAx,META,False,10000,14.8355223,9920.2178,79.78,0.6109,0.1881,Raydium CLMM + Byreal + Whirlpool,Raydium CLMM + Whirlpool + Byreal,668.2082,303596.0
2026-09-15T23:15:40+00:00,GOOGLx,GOOGL,False,100,0.28939349,99.8412,15.88,0.2061,0.0,Byreal,Meteora DLMM + Quantum,343.9197,419880.0
2026-09-15T23:15:40+00:00,GOOGLx,GOOGL,False,1000,2.89287131,998.0698,19.3,0.2427,0.0,Byreal,Meteora DLMM + HumidiFi,343.9197,419880.0
2026-09-15T23:15:40+00:00,GOOGLx,GOOGL,False,10000,28.88805369,9937.7028,62.3,0.3829,0.241,Byreal + Raydium CLMM + Whirlpool,Meteora DLMM + HumidiFi + Raydium CLMM + Byreal,343.9197,419880.0
2026-09-15T23:15:40+00:00,AMZNx,AMZN,False,100,0.40245422,99.8586,14.14,0.1974,0.0,Raydium CLMM,Raydium CLMM + GoonFi V2,247.9123,189052.0
2026-09-15T23:15:40+00:00,AMZNx,AMZN,False,1000,4.02311228,995.3287,46.71,0.2329,0.2348,Raydium CLMM,Raydium CLMM + GoonFi V2,247.9123,189052.0
2026-09-15T23:15:40+00:00,AMZNx,AMZN,False,10000,40.16758936,9913.8304,86.17,0.3904,0.4731,Raydium CLMM + Byreal,Raydium CLMM + HumidiFi + Byreal,247.9123,189052.0
2026-09-15T23:31:19+00:00,AAPLx,AAPL,False,100,0.30078543,99.7724,22.76,0.2137,0.014,Raydium CLMM,Raydium CLMM,331.2321,691747.0
2026-09-15T23:31:19+00:00,AAPLx,AAPL,False,1000,3.00478857,995.8318,41.68,0.3154,0.1018,Raydium CLMM,Byreal,331.2321,691747.0
2026-09-15T23:31:19+00:00,AAPLx,AAPL,False,10000,30.02179939,9936.7976,63.2,0.4019,0.231,Byreal + Raydium CLMM,Raydium CLMM + Byreal,331.2321,691747.0
2026-09-15T23:31:19+00:00,TSLAx,TSLA,False,100,0.28092399,99.9653,3.47,0.0229,0.0118,BinaryFi,Whirlpool,355.7781,1187050.0
2026-09-15T23:31:19+00:00,TSLAx,TSLA,False,1000,2.80874576,999.0005,10.0,0.0405,0.0595,Riptide,Riptide,355.7781,1187050.0
2026-09-15T23:31:19+00:00,TSLAx,TSLA,False,10000,28.08960596,9990.8406,9.16,0.0328,0.0588,Riptide + BinaryFi,Whirlpool + Riptide,355.7781,1187050.0
2026-09-15T23:31:19+00:00,NVDAx,NVDA,False,100,0.47022903,99.9554,4.46,0.0423,0.0024,Whirlpool,Raydium CLMM,212.1466,1771697.0
2026-09-15T23:31:19+00:00,NVDAx,NVDA,False,1000,4.70115331,999.1746,8.25,0.0664,0.0154,Whirlpool,Raydium CLMM,212.1466,1771697.0
2026-09-15T23:31:19+00:00,NVDAx,NVDA,False,10000,47.00564319,9990.2171,9.78,0.0797,0.0181,Riptide + GoonFi V2 + Whirlpool,Riptide + Raydium CLMM,212.1466,1771697.0
2026-09-15T23:31:19+00:00,SPYx,SPY,False,100,0.13110404,99.985,1.5,0.0144,0.0009,Byreal,Raydium CLMM,756.9758,4453283.0
2026-09-15T23:31:19+00:00,SPYx,SPY,False,1000,1.31090354,999.7011,2.99,0.0245,0.0054,Raydium CLMM,Raydium CLMM,756.9758,4453283.0
2026-09-15T23:31:19+00:00,SPYx,SPY,False,10000,13.10694929,9994.6613,5.34,0.0404,0.013,Byreal + Raydium CLMM + Riptide,Raydium CLMM + Riptide,756.9758,4453283.0
2026-09-15T23:31:19+00:00,MSTRx,MSTR,False,100,0.77913552,99.9504,4.96,0.0,0.0581,Riptide,Byreal,128.3191,759549.0
2026-09-15T23:31:19+00:00,MSTRx,MSTR,False,1000,7.79120346,999.0005,10.0,0.0,0.1065,Riptide,Riptide,128.3191,759549.0
2026-09-15T23:31:19+00:00,MSTRx,MSTR,False,10000,77.88862478,9985.1687,14.83,0.0235,0.1249,Riptide + ZeroFi + Raydium CLMM,Raydium CLMM + Riptide,128.3191,759549.0
2026-09-15T23:31:19+00:00,METAx,META,False,100,0.14876825,99.6314,36.86,0.0,0.5806,Whirlpool,Raydium CLMM,671.8702,303497.0
2026-09-15T23:31:19+00:00,METAx,META,False,1000,1.48542181,994.6828,53.17,0.0,0.5924,Raydium CLMM,Whirlpool + Byreal + Raydium CLMM,671.8702,303497.0
2026-09-15T23:31:19+00:00,METAx,META,False,10000,14.83618023,9920.5027,79.5,0.0605,0.7349,Raydium CLMM + Whirlpool + Byreal,Raydium CLMM + Byreal + Whirlpool,671.8702,303497.0
2026-09-15T23:31:19+00:00,GOOGLx,GOOGL,False,100,0.28951497,99.7013,29.87,0.3861,0.0,Quantum + Meteora DLMM,Whirlpool,343.151,420017.0
2026-09-15T23:31:19+00:00,GOOGLx,GOOGL,False,1000,2.89516354,996.0473,39.53,0.3856,0.0097,Quantum + Meteora DLMM,Byreal,343.151,420017.0
2026-09-15T23:31:19+00:00,GOOGLx,GOOGL,False,10000,28.89284858,9929.2543,70.75,0.5878,0.1203,Raydium CLMM + TesseraV + Meteora DLMM + Whirlpool,Whirlpool + Byreal + Raydium CLMM,343.151,420017.0
2026-09-15T23:31:19+00:00,AMZNx,AMZN,False,100,0.40278568,99.7189,28.11,0.0117,0.2694,Flux + Meteora DLMM,Byreal,248.1661,193299.0
2026-09-15T23:31:19+00:00,AMZNx,AMZN,False,1000,4.02128098,995.1921,48.08,0.175,0.3064,Byreal,Byreal,248.1661,193299.0
2026-09-15T23:31:19+00:00,AMZNx,AMZN,False,10000,40.14411368,9914.8464,85.15,0.3455,0.5078,Byreal + BisonFi + Meteora DLMM + Raydium CLMM,Raydium CLMM + Whirlpool + Byreal,248.1661,193299.0
2026-09-15T23:46:57+00:00,AAPLx,AAPL,False,100,0.30042405,99.7831,21.69,0.9269,0.0,Raydium CLMM,Raydium CLMM,328.6009,694350.0
2026-09-15T23:46:57+00:00,AAPLx,AAPL,False,1000,3.00373598,996.399,36.01,0.9435,0.0,Raydium CLMM,Raydium CLMM,328.6009,694350.0
2026-09-15T23:46:57+00:00,AAPLx,AAPL,False,10000,30.01161059,9936.8816,63.12,1.0284,0.0,Raydium CLMM + Byreal,Raydium CLMM + Byreal,328.6009,694350.0
2026-09-15T23:46:57+00:00,TSLAx,TSLA,False,100,0.28093527,99.9829,1.71,0.0131,0.0008,Whirlpool,Riptide,355.7965,1186131.0
2026-09-15T23:46:57+00:00,TSLAx,TSLA,False,1000,2.8070244,999.0005,10.0,0.0991,0.0008,Riptide,Riptide,355.7965,1186131.0
2026-09-15T23:46:57+00:00,TSLAx,TSLA,False,10000,28.07315507,9990.8335,9.17,0.0888,0.0029,Whirlpool + BinaryFi + Riptide,Riptide,355.7965,1186131.0
2026-09-15T23:46:57+00:00,NVDAx,NVDA,False,100,0.46998479,99.9538,4.62,0.0088,0.0374,Whirlpool,Whirlpool,212.3334,1761709.0
2026-09-15T23:46:57+00:00,NVDAx,NVDA,False,1000,4.6987122,999.19,8.1,0.033,0.048,Whirlpool,Riptide,212.3334,1761709.0
2026-09-15T23:46:57+00:00,NVDAx,NVDA,False,10000,46.97919219,9990.069,9.93,0.0498,0.0495,Whirlpool + Riptide + Raydium CLMM,Riptide + Whirlpool,212.3334,1761709.0
2026-09-15T23:46:57+00:00,SPYx,SPY,False,100,0.13112259,99.9872,1.28,0.0,0.0164,Whirlpool,Raydium CLMM,758.1273,4478671.0
2026-09-15T23:46:57+00:00,SPYx,SPY,False,1000,1.3110594,999.7149,2.85,0.009,0.0195,Raydium CLMM,Riptide,758.1273,4478671.0
2026-09-15T23:46:57+00:00,SPYx,SPY,False,10000,13.10765083,9994.9131,5.09,0.0315,0.0194,Raydium CLMM + Riptide + Byreal,Riptide + Byreal + Raydium CLMM,758.1273,4478671.0
2026-09-15T23:46:57+00:00,MSTRx,MSTR,False,100,0.77876957,99.9019,9.81,0.0629,0.0352,Flux + Raydium CLMM,Riptide,128.2911,756137.0
2026-09-15T23:46:57+00:00,MSTRx,MSTR,False,1000,7.78754752,999.0005,10.0,0.0648,0.0352,Riptide,Riptide,128.2911,756137.0
2026-09-15T23:46:57+00:00,METAx,META,False,100,0.14869836,99.6215,37.85,0.0287,0.3498,Byreal,Whirlpool,668.1505,337376.0
2026-09-15T23:46:57+00:00,METAx,META,False,1000,1.48673531,995.7247,42.75,0.4082,0.0189,Byreal,Raydium CLMM,668.1505,337376.0
2026-09-15T23:46:57+00:00,METAx,META,False,10000,14.84584632,9935.1632,64.84,0.0574,0.0908,Byreal + Whirlpool + Raydium CLMM,Raydium CLMM + Whirlpool + Byreal,668.1505,337376.0
2026-09-15T23:46:57+00:00,GOOGLx,GOOGL,False,100,0.28964831,99.6994,30.06,0.0,0.3101,Quantum + Meteora DLMM,Whirlpool,344.3639,420571.0
2026-09-15T23:46:57+00:00,GOOGLx,GOOGL,False,1000,2.89650083,996.4725,35.28,0.0,0.3628,GoonFi V2 + Meteora DLMM,Byreal,344.3639,420571.0
2026-09-15T23:46:57+00:00,GOOGLx,GOOGL,False,10000,28.9048287,9932.4112,67.59,0.1977,0.4792,Raydium CLMM + Byreal + HumidiFi + Meteora DLMM,Whirlpool + Byreal + Raydium CLMM,344.3639,420571.0
2026-09-15T23:46:57+00:00,AMZNx,AMZN,False,100,0.40313975,99.7956,20.44,0.2048,0.0,Quay + GoonFi V2 + Raydium CLMM,Byreal,247.4758,192723.0
2026-09-15T23:46:57+00:00,AMZNx,AMZN,False,1000,4.02228647,995.4503,45.5,0.4303,0.0248,Byreal,Byreal,247.4758,192723.0
2026-09-15T23:46:57+00:00,AMZNx,AMZN,False,10000,40.15814461,9915.9846,84.02,0.5905,0.2511,Raydium CLMM + Byreal + HumidiFi + Meteora DLMM,Raydium CLMM + Meteora DLMM + BisonFi + Byreal,247.4758,192723.0
2026-09-16T00:02:34+00:00,AAPLx,AAPL,False,100,0.30057932,99.7724,22.76,0.2126,0.015,Raydium CLMM,Raydium CLMM,330.8034,694726.0
2026-09-16T00:02:34+00:00,AAPLx,AAPL,False,1000,3.00343609,995.6499,43.5,0.2908,0.1446,Byreal,Raydium CLMM,330.8034,694726.0
2026-09-16T00:02:34+00:00,AAPLx,AAPL,False,10000,30.01147184,9936.3494,63.65,0.3668,0.2707,Raydium CLMM + Byreal,Byreal + Raydium CLMM,330.8034,694726.0
2026-09-16T00:02:34+00:00,TSLAx,TSLA,False,100,0.28095818,99.9638,3.62,0.0,0.1576,Whirlpool,Riptide,356.2519,1186425.0
2026-09-16T00:02:34+00:00,TSLAx,TSLA,False,1000,2.8084,999.2179,7.82,0.0,0.1576,BinaryFi,Riptide,356.2519,1186425.0
2026-09-16T00:02:34+00:00,TSLAx,TSLA,False,10000,28.08021019,9990.8309,9.17,0.0,0.1576,Riptide + BinaryFi + Whirlpool,Riptide,356.2519,1186425.0
2026-09-16T00:02:34+00:00,NVDAx,NVDA,False,100,0.4699216,99.9545,4.55,0.0025,0.043,Whirlpool,Whirlpool,212.3715,1766454.0
2026-09-16T00:02:34+00:00,NVDAx,NVDA,False,1000,4.69813092,999.1178,8.82,0.0256,0.0626,Whirlpool,Riptide,212.3715,1766454.0
2026-09-16T00:02:34+00:00,NVDAx,NVDA,False,10000,46.97649613,9990.1411,9.86,0.0358,0.0628,Whirlpool + BisonFi + Raydium CLMM + Riptide,Whirlpool + Riptide,212.3715,1766454.0
2026-09-16T00:02:34+00:00,SPYx,SPY,False,100,0.13111945,99.9805,1.95,0.0193,0.0003,AlphaQ,Byreal,757.958,4495963.0
2026-09-16T00:02:34+00:00,SPYx,SPY,False,1000,1.31112945,999.7007,2.99,0.0242,0.0057,Raydium CLMM,Raydium CLMM,757.958,4495963.0
2026-09-16T00:02:34+00:00,SPYx,SPY,False,10000,13.11033968,9994.5886,5.41,0.0315,0.0226,AlphaQ + Riptide + Raydium CLMM,Raydium CLMM + Riptide + Byreal,757.958,4495963.0
2026-09-16T00:02:34+00:00,MSTRx,MSTR,False,100,0.77910718,99.9146,8.54,0.298,0.0,Riptide,Riptide,127.9315,756362.0
2026-09-16T00:02:34+00:00,MSTRx,MSTR,False,1000,7.78762675,999.2269,7.73,0.342,0.0,Riptide,Riptide,127.9315,756362.0
2026-09-16T00:02:34+00:00,MSTRx,MSTR,False,10000,77.82931223,9986.673,13.33,0.4021,0.0,Byreal + HumidiFi + Raydium CLMM + Riptide,Riptide,127.9315,756362.0
2026-09-16T00:02:34+00:00,METAx,META,False,100,0.14880253,99.6414,35.86,0.3442,0.0145,Whirlpool,Raydium CLMM,667.9843,302752.0
2026-09-16T00:02:34+00:00,METAx,META,False,1000,1.48561579,994.6323,53.68,0.5055,0.0314,Raydium CLMM,Raydium CLMM,667.9843,302752.0
2026-09-16T00:02:34+00:00,METAx,META,False,10000,14.8384567,9920.6112,79.39,0.6241,0.1709,Whirlpool + Byreal + Raydium CLMM,Byreal + Raydium CLMM + Whirlpool,667.9843,302752.0
2026-09-16T00:02:34+00:00,GOOGLx,GOOGL,False,100,0.28986516,99.7579,24.21,0.0,0.2463,BisonFi + Meteora DLMM,Byreal,344.0817,422822.0
2026-09-16T00:02:34+00:00,GOOGLx,GOOGL,False,1000,2.89471294,995.8575,41.42,0.1317,0.2829,Meteora DLMM,Byreal,344.0817,422822.0
2026-09-16T00:02:34+00:00,GOOGLx,GOOGL,False,10000,28.89787828,9929.7018,70.3,0.3017,0.4025,Byreal + Raydium CLMM + BisonFi + Meteora DLMM,Byreal + Raydium CLMM + Meteora DLMM + HumidiFi,344.0817,422822.0
2026-09-16T00:02:34+00:00,AMZNx,AMZN,False,100,0.40226354,99.6667,33.33,0.4007,0.0,Byreal,Meteora DLMM + Scorch,247.5234,194905.0
2026-09-16T00:02:34+00:00,AMZNx,AMZN,False,1000,4.02163222,995.4527,45.47,0.4302,0.0247,Byreal,Byreal,247.5234,194905.0
2026-09-16T00:02:34+00:00,AMZNx,AMZN,False,10000,40.14480855,9916.9335,83.07,0.6072,0.2248,Quantum + Raydium CLMM + Byreal,Byreal + Meteora DLMM + HumidiFi + Raydium CLMM,247.5234,194905.0
2026-09-16T00:18:11+00:00,AAPLx,AAPL,False,100,0.30036424,99.8617,13.83,0.0,0.1599,Byreal,Raydium CLMM,331.8164,697756.0
2026-09-16T00:18:11+00:00,AAPLx,AAPL,False,1000,3.00286802,997.1145,28.86,0.0042,0.2844,Byreal,Raydium CLMM,331.8164,697756.0
2026-09-16T00:18:11+00:00,AAPLx,AAPL,False,10000,29.99887511,9937.3722,62.63,0.1035,0.5234,Byreal + Raydium CLMM + Whirlpool,Raydium CLMM + Byreal,331.8164,697756.0
2026-09-16T00:18:11+00:00,TSLAx,TSLA,False,100,0.2804391,99.9762,2.38,0.0223,0.0015,Whirlpool,Riptide,356.3972,1190116.0
2026-09-16T00:18:11+00:00,TSLAx,TSLA,False,1000,2.80291999,999.2378,7.62,0.0747,0.0015,BinaryFi,Riptide,356.3972,1190116.0
2026-09-16T00:18:11+00:00,TSLAx,TSLA,False,10000,28.0254249,9990.9651,9.03,0.0882,0.0022,BinaryFi + Whirlpool + Riptide,Riptide,356.3972,1190116.0
2026-09-16T00:18:11+00:00,NVDAx,NVDA,False,100,0.46986722,99.9548,4.52,0.0418,0.0034,Whirlpool,Whirlpool,212.3121,1763796.0
2026-09-16T00:18:11+00:00,NVDAx,NVDA,False,1000,4.69756597,999.2799,7.2,0.0653,0.0067,Whirlpool,Riptide,212.3121,1763796.0
2026-09-16T00:18:11+00:00,NVDAx,NVDA,False,10000,46.96424262,9990.1293,9.87,0.0896,0.0091,Raydium CLMM + Riptide + Whirlpool,Whirlpool + Riptide,212.3121,1763796.0
2026-09-16T00:18:11+00:00,SPYx,SPY,False,100,0.1311,99.9824,1.76,0.0,0.1659,AlphaQ + Scorch,Byreal,759.3051,4491386.0
2026-09-16T00:18:11+00:00,SPYx,SPY,False,1000,1.31090927,999.7173,2.83,0.0,0.1696,Raydium CLMM,Byreal + Raydium CLMM,759.3051,4491386.0
2026-09-16T00:18:11+00:00,SPYx,SPY,False,10000,13.10664769,9994.7819,5.22,0.0,0.1749,Byreal + Riptide + Raydium CLMM,Raydium CLMM + Riptide,759.3051,4491386.0
2026-09-16T00:18:11+00:00,MSTRx,MSTR,False,100,0.77662724,99.9392,6.08,0.0513,0.0095,Scorch + Raydium CLMM,Riptide,128.6572,761431.0
2026-09-16T00:18:11+00:00,MSTRx,MSTR,False,1000,7.76460319,999.0206,9.79,0.0728,0.0252,Quantum + Raydium CLMM,Riptide,128.6572,761431.0
2026-09-16T00:18:11+00:00,MSTRx,MSTR,False,10000,77.62795153,9985.5435,14.46,0.0961,0.0485,Riptide + GoonFi V2 + Raydium CLMM,Riptide,128.6572,761431.0
2026-09-16T00:18:11+00:00,METAx,META,False,100,0.14882749,99.6485,35.15,0.3501,0.0014,Whirlpool,Raydium CLMM,667.8306,302402.0
2026-09-16T00:18:11+00:00,METAx,META,False,1000,1.48575891,994.6323,53.68,0.5186,0.0183,Raydium CLMM,Raydium CLMM,667.8306,302402.0
2026-09-16T00:18:11+00:00,METAx,META,False,10000,14.83993069,9920.62,79.38,0.6368,0.158,Raydium CLMM + Byreal + Whirlpool,Byreal + Raydium CLMM + Whirlpool,667.8306,302402.0
2026-09-16T00:18:11+00:00,GOOGLx,GOOGL,False,100,0.28960503,99.662,33.8,0.3346,0.0033,Whirlpool,Byreal,343.2233,422435.0
2026-09-16T00:18:11+00:00,GOOGLx,GOOGL,False,1000,2.89295854,995.1912,48.09,0.441,0.04,Byreal,Byreal,343.2233,422435.0
2026-09-16T00:18:11+00:00,GOOGLx,GOOGL,False,10000,28.89548678,9929.8028,70.2,0.5584,0.1444,Byreal + HumidiFi + Meteora DLMM + Raydium CLMM,Meteora DLMM + Quantum + Raydium CLMM + Byreal,343.2233,422435.0
2026-09-16T00:18:11+00:00,AMZNx,AMZN,False,100,0.40226181,99.5951,40.49,0.3325,0.0727,Byreal,Byreal,247.6935,193766.0
2026-09-16T00:18:11+00:00,AMZNx,AMZN,False,1000,4.02165249,995.4749,45.25,0.3564,0.0965,Byreal,Byreal,247.6935,193766.0
2026-09-16T00:18:11+00:00,AMZNx,AMZN,False,10000,40.14893104,9916.7223,83.28,0.5239,0.3105,Byreal + Quantum + Meteora DLMM + Raydium CLMM,Byreal + Meteora DLMM + HumidiFi + Raydium CLMM,247.6935,193766.0
2026-09-16T00:33:49+00:00,AAPLx,AAPL,False,100,0.30056125,99.7724,22.76,0.2124,0.0152,Raydium CLMM,Raydium CLMM,330.8228,698329.0
2026-09-16T00:33:49+00:00,AAPLx,AAPL,False,1000,3.00186254,995.7702,42.3,0.3369,0.0863,Raydium CLMM,Byreal,330.8228,698329.0
2026-09-16T00:33:49+00:00,AAPLx,AAPL,False,10000,29.98999697,9936.2719,63.73,0.432,0.2062,Raydium CLMM + Byreal,Byreal + Raydium CLMM,330.8228,698329.0
2026-09-16T00:33:49+00:00,TSLAx,TSLA,False,100,0.28052199,99.9509,4.91,0.268,0.0,BinaryFi,Whirlpool,355.4162,1188825.0
2026-09-16T00:33:49+00:00,TSLAx,TSLA,False,1000,2.80521999,999.2541,7.46,0.268,0.0,BinaryFi,Riptide,355.4162,1188825.0
2026-09-16T00:33:49+00:00,NVDAx,NVDA,False,100,0.46980695,99.9547,4.53,0.0405,0.0048,Whirlpool,Whirlpool,212.3419,1767241.0
2026-09-16T00:33:49+00:00,NVDAx,NVDA,False,1000,4.69705372,999.0693,9.31,0.0653,0.0278,Whirlpool,Whirlpool,212.3419,1767241.0
2026-09-16T00:33:49+00:00,NVDAx,NVDA,False,10000,46.96848196,9990.1378,9.86,0.0696,0.029,Whirlpool + Riptide,Whirlpool + Riptide,212.3419,1767241.0
2026-09-16T00:33:49+00:00,SPYx,SPY,False,100,0.13113,100.0063,-0.63,0.0,0.1793,Meteora DLMM + Flux + Scorch,Byreal,759.4508,4428668.0
2026-09-16T00:33:49+00:00,SPYx,SPY,False,1000,1.31117939,999.8468,1.53,0.0,0.0,Riptide,Raydium CLMM,759.4508,4428668.0
2026-09-16T00:33:49+00:00,SPYx,SPY,False,10000,13.111796,9995.649,4.35,0.0955,0.0,Riptide + AlphaQ + Scorch,Byreal + Raydium CLMM + Riptide,759.4508,4428668.0
2026-09-16T00:33:49+00:00,MSTRx,MSTR,False,100,0.77501062,99.9654,3.46,0.0,0.068,Quantum + Raydium CLMM,Riptide,129.0344,777159.0
2026-09-16T00:33:49+00:00,MSTRx,MSTR,False,1000,7.74779774,999.3563,6.44,0.0,0.068,Quantum + Raydium CLMM,Riptide,129.0344,777159.0
2026-09-16T00:33:49+00:00,MSTRx,MSTR,False,10000,77.44059652,9986.2613,13.74,0.0447,0.0928,Riptide + HumidiFi + Raydium CLMM,Riptide,129.0344,777159.0
2026-09-16T00:33:49+00:00,METAx,META,False,100,0.14903851,99.7831,21.69,0.1876,0.0293,PancakeSwap,Raydium CLMM,667.9705,335176.0
2026-09-16T00:33:49+00:00,METAx,META,False,1000,1.49010071,997.4716,25.28,0.2067,0.0463,PancakeSwap,Raydium CLMM,667.9705,335176.0
2026-09-16T00:33:49+00:00,METAx,META,False,10000,14.85598662,9933.1668,66.83,0.5082,0.161,Raydium CLMM + Byreal + PancakeSwap,PancakeSwap + Raydium CLMM + Byreal,667.9705,335176.0
2026-09-16T00:33:49+00:00,GOOGLx,GOOGL,False,100,0.28948011,99.6998,30.02,1.4766,0.0,Whirlpool,Meteora DLMM + Flux,339.4358,422539.0
2026-09-16T00:33:49+00:00,GOOGLx,GOOGL,False,1000,2.89296554,996.3345,36.66,1.5391,0.0,Byreal,Meteora DLMM + BisonFi,339.4358,422539.0
2026-09-16T00:33:49+00:00,GOOGLx,GOOGL,False,10000,28.88995708,9931.2328,68.77,1.6742,0.0,Whirlpool + Raydium CLMM + Byreal,Byreal + Raydium CLMM + Meteora DLMM + BisonFi,339.4358,422539.0
2026-09-16T00:33:49+00:00,AMZNx,AMZN,False,100,0.40226181,99.6337,36.63,0.2615,0.1051,Byreal,Meteora DLMM + Quantum,247.8689,192942.0
2026-09-16T00:33:49+00:00,AMZNx,AMZN,False,1000,4.02165249,995.4749,45.25,0.2855,0.1675,Byreal,Byreal,247.8689,192942.0
2026-09-16T00:33:49+00:00,AMZNx,AMZN,False,10000,40.15039864,9916.7329,83.27,0.4494,0.385,Raydium CLMM + HumidiFi + Meteora DLMM + Byreal,Meteora DLMM + BisonFi + Byreal + Raydium CLMM,247.8689,192942.0
2026-09-16T00:49:25+00:00,AAPLx,AAPL,False,100,0.30037354,99.7724,22.76,0.211,0.0166,Raydium CLMM,Raydium CLMM,331.0411,703926.0
2026-09-16T00:49:25+00:00,AAPLx,AAPL,False,1000,3.00053614,995.4342,45.66,0.3173,0.1398,Byreal,Byreal,331.0411,703926.0
2026-09-16T00:49:25+00:00,AAPLx,AAPL,False,10000,29.98305599,9936.1798,63.82,0.3914,0.2478,Raydium CLMM + Byreal,Byreal + Raydium CLMM,331.0411,703926.0
2026-09-16T00:49:25+00:00,TSLAx,TSLA,False,100,0.28047232,99.9372,6.28,0.0141,0.0487,Whirlpool,Whirlpool,356.3911,1187791.0
2026-09-16T00:49:25+00:00,TSLAx,TSLA,False,1000,2.80489999,999.3667,6.33,0.0078,0.0555,BinaryFi,Riptide,356.3911,1187791.0
2026-09-16T00:49:25+00:00,TSLAx,TSLA,False,10000,28.04294769,9991.5179,8.48,0.0294,0.0554,Whirlpool + Riptide + BinaryFi,Whirlpool + Riptide,356.3911,1187791.0
2026-09-16T00:49:25+00:00,NVDAx,NVDA,False,100,0.46988036,99.9548,4.52,0.2957,0.0,Whirlpool,Whirlpool,211.7711,1764472.0
2026-09-16T00:49:25+00:00,NVDAx,NVDA,False,1000,4.69770978,999.1833,8.17,0.3189,0.0,Whirlpool,Riptide,211.7711,1764472.0
2026-09-16T00:49:25+00:00,NVDAx,NVDA,False,10000,46.96938624,9990.1063,9.89,0.3352,0.0,Whirlpool + Riptide,Riptide + Whirlpool,211.7711,1764472.0
2026-09-16T00:49:25+00:00,SPYx,SPY,False,100,0.13119547,99.9948,0.52,0.0015,0.0037,Raydium CLMM,Scorch + AlphaQ,759.1926,4382547.0
2026-09-16T00:49:25+00:00,SPYx,SPY,False,1000,1.31189777,999.8447,1.55,0.0059,0.0097,Raydium CLMM,Riptide,759.1926,4382547.0
2026-09-16T00:49:25+00:00,SPYx,SPY,False,10000,13.1150323,9995.107,4.89,0.0359,0.013,Riptide + Byreal + Raydium CLMM,Riptide + AlphaQ + Raydium CLMM,759.1926,4382547.0
2026-09-16T00:49:25+00:00,MSTRx,MSTR,False,100,0.77473042,99.9,10.0,0.0573,0.0427,Riptide,Riptide,128.967,780640.0
2026-09-16T00:49:25+00:00,MSTRx,MSTR,False,1000,7.74730428,999.0005,10.0,0.0573,0.0427,Riptide,Riptide,128.967,780640.0
2026-09-16T00:49:25+00:00,MSTRx,MSTR,False,10000,77.44359459,9985.8189,14.18,0.0953,0.0466,Riptide + ZeroFi + Raydium CLMM,Riptide,128.967,780640.0
2026-09-16T00:49:25+00:00,METAx,META,False,100,0.14883024,99.6262,37.38,0.3332,0.0407,Whirlpool,Whirlpool,667.9444,299845.0
2026-09-16T00:49:25+00:00,METAx,META,False,1000,1.48656802,994.6322,53.68,0.4494,0.0878,Raydium CLMM,Raydium CLMM,667.9444,299845.0
2026-09-16T00:49:25+00:00,METAx,META,False,10000,14.84679034,9920.4803,79.52,0.5759,0.2206,Whirlpool + Byreal + Raydium CLMM,Whirlpool + Byreal + Raydium CLMM,667.9444,299845.0
2026-09-16T00:49:25+00:00,GOOGLx,GOOGL,False,100,0.28934441,99.8484,15.16,0.0,0.2026,Byreal,Whirlpool,344.8688,422235.0
2026-09-16T00:49:25+00:00,GOOGLx,GOOGL,False,1000,2.89238069,996.8115,31.88,0.0,0.3332,Byreal,Whirlpool + BisonFi,344.8688,422235.0
2026-09-16T00:49:25+00:00,GOOGLx,GOOGL,False,10000,28.88278125,9929.9503,70.05,0.1275,0.5737,Byreal + HumidiFi + Whirlpool + Raydium CLMM,Whirlpool + HumidiFi + Raydium CLMM + Byreal,344.8688,422235.0
2026-09-16T00:49:25+00:00,AMZNx,AMZN,False,100,0.4022488,99.6621,33.79,0.4034,0.0,Byreal,Meteora DLMM + Flux + Deriverse,247.5302,194442.0
2026-09-16T00:49:25+00:00,AMZNx,AMZN,False,1000,4.02152061,995.4745,45.26,0.4273,0.0253,Byreal,Byreal,247.5302,194442.0
2026-09-16T00:49:25+00:00,AMZNx,AMZN,False,10000,40.14983036,9917.0317,82.97,0.5892,0.2419,HumidiFi + Raydium CLMM + Byreal,Byreal + Raydium CLMM + HumidiFi,247.5302,194442.0
2026-09-16T01:05:01+00:00,AAPLx,AAPL,False,100,0.30069135,99.7938,20.62,0.1502,0.056,Raydium CLMM,Byreal,328.5902,703766.0
2026-09-16T01:05:01+00:00,AAPLx,AAPL,False,1000,3.00316109,996.4364,35.64,0.2748,0.0818,Raydium CLMM,Byreal,328.5902,703766.0
2026-09-16T01:05:01+00:00,AAPLx,AAPL,False,10000,29.98510564,9936.4518,63.55,0.4299,0.2065,Raydium CLMM + Byreal,Raydium CLMM + Byreal,328.5902,703766.0
2026-09-16T01:05:01+00:00,TSLAx,TSLA,False,100,0.28067391,99.9366,6.34,0.0437,0.0197,Whirlpool,Whirlpool,356.0313,1184222.0
2026-09-16T01:05:01+00:00,TSLAx,TSLA,False,1000,2.8067,999.2495,7.51,0.0451,0.0299,BinaryFi,Riptide,356.0313,1184222.0
2026-09-16T01:05:01+00:00,TSLAx,TSLA,False,10000,28.0601061,9990.0228,9.98,0.0697,0.0301,Riptide + Flux + Raydium CLMM + Whirlpool,Riptide + Whirlpool,356.0313,1184222.0
2026-09-16T01:05:01+00:00,NVDAx,NVDA,False,100,0.47022337,99.9589,4.11,0.0277,0.0134,Quay + GoonFi V2 + Raydium CLMM,Whirlpool,212.1864,1762438.0
2026-09-16T01:05:01+00:00,NVDAx,NVDA,False,1000,4.70092949,999.1922,8.08,0.0554,0.0254,Whirlpool,Riptide,212.1864,1762438.0
2026-09-16T01:05:01+00:00,NVDAx,NVDA,False,10000,47.00165062,9990.1278,9.87,0.0717,0.0271,Whirlpool + Riptide + ZeroFi + Raydium CLMM,Riptide + Whirlpool,212.1864,1762438.0
2026-09-16T01:05:01+00:00,SPYx,SPY,False,100,0.13125822,99.9825,1.75,0.0,0.2986,Whirlpool,Byreal,759.4537,4242058.0
2026-09-16T01:05:01+00:00,SPYx,SPY,False,1000,1.31250077,999.7228,2.77,0.0,0.3025,Raydium CLMM,Raydium CLMM + Byreal + Scorch + SolFi V2,759.4537,4242058.0
2026-09-16T01:05:01+00:00,SPYx,SPY,False,10000,13.12270271,9994.5209,5.48,0.0,0.312,Riptide + AlphaQ + Raydium CLMM,Byreal + Riptide + Raydium CLMM,759.4537,4242058.0
2026-09-16T01:05:01+00:00,MSTRx,MSTR,False,100,0.7764923,99.9,10.0,0.126,0.0,Riptide,Riptide,128.5866,778559.0
2026-09-16T01:05:01+00:00,MSTRx,MSTR,False,1000,7.76492301,999.0005,10.0,0.126,0.0,Riptide,Riptide,128.5866,778559.0
2026-09-16T01:05:01+00:00,MSTRx,MSTR,False,10000,77.61768691,9984.6166,15.38,0.1666,0.0,Riptide + Quantum + Scorch + Raydium CLMM,Byreal + Riptide,128.5866,778559.0
2026-09-16T01:05:01+00:00,METAx,META,False,100,0.14887973,99.6359,36.41,0.3703,0.0,Whirlpool,Byreal,667.4773,299532.0
2026-09-16T01:05:01+00:00,METAx,META,False,1000,1.4865687,994.6322,53.68,0.5194,0.0174,Raydium CLMM,Raydium CLMM,667.4773,299532.0
2026-09-16T01:05:01+00:00,METAx,META,False,10000,14.84754042,9920.561,79.44,0.6409,0.1545,Byreal + Raydium CLMM + Whirlpool,Raydium CLMM + Whirlpool + Byreal,667.4773,299532.0
2026-09-16T01:05:01+00:00,GOOGLx,GOOGL,False,100,0.28991312,99.9302,6.98,1.4099,0.0,Flux + Whirlpool,Whirlpool,339.1675,421354.0
2026-09-16T01:05:01+00:00,GOOGLx,GOOGL,False,1000,2.89635288,996.9054,30.95,1.5044,0.0,Quay + Quantum + Whirlpool,Whirlpool,339.1675,421354.0
2026-09-16T01:05:01+00:00,GOOGLx,GOOGL,False,10000,28.89772513,9932.3359,67.66,1.7282,0.0,TesseraV + Whirlpool + Raydium CLMM + Byreal,Raydium CLMM + Whirlpool + Byreal,339.1675,421354.0
2026-09-16T01:05:01+00:00,AMZNx,AMZN,False,100,0.40279963,99.7473,25.27,0.0,0.4362,HumidiFi + Raydium CLMM,Byreal,248.6513,195180.0
2026-09-16T01:05:01+00:00,AMZNx,AMZN,False,1000,4.02087185,995.4713,45.29,0.0,0.4599,Byreal,Byreal,248.6513,195180.0
2026-09-16T01:05:01+00:00,AMZNx,AMZN,False,10000,40.15210463,9917.0631,82.94,0.1337,0.6966,Byreal + BisonFi + Raydium CLMM,Meteora DLMM + BisonFi + Raydium CLMM + Byreal,248.6513,195180.0
2026-09-16T01:20:52+00:00,AAPLx,AAPL,False,100,0.30057804,99.7724,22.76,0.2029,0.0248,Raydium CLMM,Raydium CLMM,330.8794,702350.0
2026-09-16T01:20:52+00:00,AAPLx,AAPL,False,1000,3.00203012,995.6528,43.47,0.3274,0.1077,Raydium CLMM,Byreal,330.8794,702350.0
2026-09-16T01:20:52+00:00,AAPLx,AAPL,False,10000,29.98756349,9936.0299,63.97,0.4361,0.2045,Raydium CLMM + Byreal,Byreal + Raydium CLMM,330.8794,702350.0
2026-09-16T01:20:52+00:00,TSLAx,TSLA,False,100,0.28047576,99.9578,4.22,0.0035,0.0386,Riptide,Raydium CLMM + Flux + Quay,356.4105,1185700.0
2026-09-16T01:20:52+00:00,TSLAx,TSLA,False,1000,2.8047576,999.0005,10.0,0.0035,0.0964,Riptide,Riptide,356.4105,1185700.0
2026-09-16T01:20:52+00:00,TSLAx,TSLA,False,10000,28.04970014,9990.892,9.11,0.0,0.0951,Riptide + BinaryFi,Riptide + Whirlpool + Raydium CLMM + Quantum,356.4105,1185700.0
2026-09-16T01:20:52+00:00,NVDAx,NVDA,False,100,0.46991534,99.9647,3.53,0.0037,0.0316,Whirlpool,Riptide,212.367,1759097.0
2026-09-16T01:20:52+00:00,NVDAx,NVDA,False,1000,4.69804706,999.4115,5.89,0.0273,0.0316,Whirlpool,Riptide,212.367,1759097.0
2026-09-16T01:20:52+00:00,NVDAx,NVDA,False,10000,46.96334638,9990.2106,9.79,0.0637,0.0342,Raydium CLMM + Whirlpool + Riptide,BinaryFi + Whirlpool + Riptide,212.367,1759097.0
2026-09-16T01:20:52+00:00,SPYx,SPY,False,100,0.13126306,99.9838,1.62,0.0,0.3123,Byreal,Raydium CLMM,759.5023,4171420.0
2026-09-16T01:20:52+00:00,SPYx,SPY,False,1000,1.31250996,999.716,2.84,0.0,0.3154,Raydium CLMM,Raydium CLMM + Scorch + Flux,759.5023,4171420.0
2026-09-16T01:20:52+00:00,SPYx,SPY,False,10000,13.12395087,9994.3932,5.61,0.0,0.3343,Riptide + Raydium CLMM + Byreal,Riptide + Byreal + Raydium CLMM,759.5023,4171420.0
2026-09-16T01:20:52+00:00,MSTRx,MSTR,False,100,0.7740103,99.9,10.0,0.1864,0.0,Riptide,Riptide,128.9143,775889.0
2026-09-16T01:20:52+00:00,MSTRx,MSTR,False,1000,7.73942576,999.2418,7.58,0.1951,0.0,Riptide,Riptide,128.9143,775889.0
2026-09-16T01:20:52+00:00,MSTRx,MSTR,False,10000,77.35264989,9985.0596,14.94,0.2487,0.0,Raydium CLMM + Whirlpool + Riptide,Riptide,128.9143,775889.0
2026-09-16T01:20:52+00:00,METAx,META,False,100,0.1489108,99.6296,37.04,0.343,0.0275,Whirlpool,Raydium CLMM,667.4868,298523.0
2026-09-16T01:20:52+00:00,METAx,META,False,1000,1.48687233,994.6321,53.68,0.4926,0.0444,Raydium CLMM,Raydium CLMM,667.4868,298523.0
2026-09-16T01:20:52+00:00,METAx,META,False,10000,14.85078091,9920.8381,79.16,0.6127,0.1801,Raydium CLMM + Byreal + Whirlpool,Byreal + Manifest + Raydium CLMM,667.4868,298523.0
2026-09-16T01:20:52+00:00,GOOGLx,GOOGL,False,100,0.28954021,99.7981,20.19,0.3377,0.0,Whirlpool,Whirlpool + Kipseli,343.2802,419598.0
2026-09-16T01:20:52+00:00,GOOGLx,GOOGL,False,1000,2.89238069,996.1072,38.93,0.4417,0.0,Byreal,Meteora DLMM + HumidiFi,343.2802,419598.0
2026-09-16T01:20:52+00:00,GOOGLx,GOOGL,False,10000,28.88789089,9930.3528,69.65,0.5653,0.1319,Whirlpool + Byreal + Raydium CLMM,Byreal + Raydium CLMM + Meteora DLMM + HumidiFi,343.2802,419598.0
2026-09-16T01:20:52+00:00,AMZNx,AMZN,False,100,0.40225164,99.626,37.4,0.3967,0.0,Byreal,Meteora DLMM + HumidiFi,247.5333,193879.0
2026-09-16T01:20:52+00:00,AMZNx,AMZN,False,1000,4.02154941,995.4746,45.25,0.4207,0.032,Byreal,Byreal,247.5333,193879.0
2026-09-16T01:20:52+00:00,AMZNx,AMZN,False,10000,40.15294542,9916.6958,83.3,0.5756,0.259,Byreal + Quantum + Raydium CLMM,Byreal + Raydium CLMM + TesseraV,247.5333,193879.0
2026-09-16T01:52:55+00:00,AAPLx,AAPL,False,100,0.30066531,99.7724,22.76,0.2131,0.0146,Raydium CLMM,Raydium CLMM,330.7249,695887.0
2026-09-16T01:52:55+00:00,AAPLx,AAPL,False,1000,3.00359993,995.6024,43.98,0.3144,0.1258,Byreal,Raydium CLMM,330.7249,695887.0
2026-09-16T01:52:55+00:00,AAPLx,AAPL,False,10000,30.00075526,9936.6951,63.3,0.4314,0.2026,Raydium CLMM + Byreal,Byreal + Raydium CLMM,330.7249,695887.0
2026-09-16T01:52:55+00:00,TSLAx,TSLA,False,100,0.28084731,99.9535,4.65,0.381,0.0,Whirlpool,Riptide,354.6054,1183473.0
2026-09-16T01:52:55+00:00,TSLAx,TSLA,False,1000,2.80740999,999.1571,8.43,0.4188,0.0,BinaryFi,Riptide,354.6054,1183473.0
2026-09-16T01:52:55+00:00,TSLAx,TSLA,False,10000,28.07083901,9990.402,9.6,0.4303,0.0,Riptide + Whirlpool + BinaryFi,BinaryFi + Riptide,354.6054,1183473.0
2026-09-16T01:52:55+00:00,NVDAx,NVDA,False,100,0.47080887,99.9652,3.48,0.0406,0.0,Whirlpool,Riptide,211.887,1745213.0
2026-09-16T01:52:55+00:00,NVDAx,NVDA,False,1000,4.70692229,999.404,5.96,0.0654,0.0,Whirlpool,Riptide,211.887,1745213.0
2026-09-16T01:52:55+00:00,NVDAx,NVDA,False,10000,47.05218147,9989.947,10.05,0.1016,0.0,Whirlpool + Riptide,Riptide + Raydium CLMM,211.887,1745213.0
2026-09-16T01:52:55+00:00,SPYx,SPY,False,100,0.13125059,99.9814,1.86,0.0181,0.0005,Byreal,Raydium CLMM,757.1972,4096829.0
2026-09-16T01:52:55+00:00,SPYx,SPY,False,1000,1.31241781,999.7028,2.97,0.0248,0.0049,Raydium CLMM,Raydium CLMM,757.1972,4096829.0
2026-09-16T01:52:55+00:00,SPYx,SPY,False,10000,13.12285096,9994.5254,5.47,0.0349,0.0198,Byreal + Riptide + Raydium CLMM,Byreal + Riptide + Raydium CLMM,757.1972,4096829.0
2026-09-16T01:52:55+00:00,MSTRx,MSTR,False,100,0.77993411,99.9,10.0,0.1137,0.0,Riptide,Riptide,128.0299,770879.0
2026-09-16T01:52:55+00:00,MSTRx,MSTR,False,1000,7.79934112,999.0005,10.0,0.1137,0.0,Riptide,Riptide,128.0299,770879.0
2026-09-16T01:52:55+00:00,MSTRx,MSTR,False,10000,77.96593917,9956.2352,43.76,0.1489,0.2892,ZeroFi + Raydium CLMM + Riptide,Raydium CLMM + Flux + TesseraV,128.0299,770879.0
2026-09-16T01:52:55+00:00,METAx,META,False,100,0.14927064,99.8643,13.57,0.133,0.0028,Quay + GoonFi V2 + Meteora DLMM,Raydium CLMM,667.2896,298155.0
2026-09-16T01:52:55+00:00,METAx,META,False,1000,1.48696302,994.6321,53.68,0.5172,0.0197,Raydium CLMM,Raydium CLMM,667.2896,298155.0
2026-09-16T01:52:55+00:00,METAx,META,False,10000,14.85186982,9920.7063,79.29,0.6361,0.1579,Byreal + Raydium CLMM + Whirlpool,Raydium CLMM + Byreal + Manifest,667.2896,298155.0
2026-09-16T01:52:55+00:00,GOOGLx,GOOGL,False,100,0.29031639,99.9077,9.23,0.1048,0.0,PancakeSwap + Whirlpool,Byreal,343.1669,416689.0
2026-09-16T01:52:55+00:00,GOOGLx,GOOGL,False,1000,2.90035466,997.7432,22.57,0.2015,0.0242,HumidiFi + Whirlpool,Byreal,343.1669,416689.0
2026-09-16T01:52:55+00:00,GOOGLx,GOOGL,False,10000,28.91231982,9934.3813,65.62,0.5154,0.1415,Byreal + BisonFi + Raydium CLMM + Whirlpool,Whirlpool + Byreal + Raydium CLMM,343.1669,416689.0
2026-09-16T01:52:55+00:00,AMZNx,AMZN,False,100,0.40278579,99.669,33.1,0.3266,0.0045,Flux + Raydium CLMM,Byreal,247.3825,192859.0
2026-09-16T01:52:55+00:00,AMZNx,AMZN,False,1000,4.02391139,995.2985,47.02,0.4242,0.0461,Byreal,Byreal,247.3825,192859.0
2026-09-16T01:52:55+00:00,AMZNx,AMZN,False,10000,40.17406905,9913.8186,86.18,0.5852,0.2783,BisonFi + Raydium CLMM + Byreal,Byreal + Meteora DLMM + HumidiFi + Raydium CLMM,247.3825,192859.0
2026-09-16T02:08:31+00:00,AAPLx,AAPL,False,100,0.30079723,99.7724,22.76,0.2122,0.0155,Raydium CLMM,Raydium CLMM,330.5666,684664.0
2026-09-16T02:08:31+00:00,AAPLx,AAPL,False,1000,3.0062292,996.1662,38.34,0.27,0.1137,Raydium CLMM,Byreal,330.5666,684664.0
2026-09-16T02:08:31+00:00,AAPLx,AAPL,False,10000,30.03230783,9937.5588,62.44,0.3695,0.2559,Byreal + Raydium CLMM,Raydium CLMM + Byreal,330.5666,684664.0
2026-09-16T02:08:31+00:00,TSLAx,TSLA,False,100,0.28077165,99.9776,2.24,0.0515,0.0,Whirlpool,BinaryFi,355.874,1181379.0
2026-09-16T02:08:31+00:00,TSLAx,TSLA,False,1000,2.80613999,999.026,9.74,0.1077,0.0,BinaryFi,Riptide,355.874,1181379.0
2026-09-16T02:08:31+00:00,TSLAx,TSLA,False,10000,28.06097615,9986.163,13.84,0.1092,0.0292,Riptide + Whirlpool,Riptide + BinaryFi,355.874,1181379.0
2026-09-16T02:08:31+00:00,NVDAx,NVDA,False,100,0.47067848,99.954,4.6,0.0431,0.0029,Whirlpool,Whirlpool,211.9453,1743536.0
2026-09-16T02:08:31+00:00,NVDAx,NVDA,False,1000,4.7055976,999.0417,9.58,0.0683,0.0275,Whirlpool,Whirlpool,211.9453,1743536.0
2026-09-16T02:08:31+00:00,NVDAx,NVDA,False,10000,47.05542906,9989.8828,10.12,0.0695,0.0317,Riptide + Whirlpool,Riptide + Whirlpool,211.9453,1743536.0
2026-09-16T02:08:31+00:00,SPYx,SPY,False,100,0.1312607,99.9952,0.48,0.0,0.5337,Byreal,Raydium CLMM + TesseraV + Quay,761.32,4189567.0
2026-09-16T02:08:31+00:00,SPYx,SPY,False,1000,1.31252086,999.8002,2.0,0.0,0.5423,Raydium CLMM,Raydium CLMM + Flux + BisonFi,761.32,4189567.0
2026-09-16T02:08:31+00:00,SPYx,SPY,False,10000,13.1224426,9994.0681,5.93,0.0,0.5605,Raydium CLMM + Riptide + Byreal,Riptide,761.32,4189567.0
2026-09-16T02:08:31+00:00,MSTRx,MSTR,False,100,0.77936692,99.9,10.0,0.1401,0.0,Riptide,Riptide,128.0922,769728.0
2026-09-16T02:08:31+00:00,MSTRx,MSTR,False,1000,7.79222328,999.0005,10.0,0.1586,0.0,Riptide,Riptide,128.0922,769728.0
2026-09-16T02:08:31+00:00,MSTRx,MSTR,False,10000,77.89390409,9984.2886,15.71,0.1949,0.0,Byreal + Riptide + Raydium CLMM,Riptide,128.0922,769728.0
2026-09-16T02:08:31+00:00,METAx,META,False,100,0.14894645,99.6443,35.57,0.3544,0.0013,Whirlpool,Raydium CLMM,667.2744,298012.0
2026-09-16T02:08:31+00:00,METAx,META,False,1000,1.48700815,994.6321,53.68,0.5187,0.0182,Raydium CLMM,Raydium CLMM,667.2744,298012.0
2026-09-16T02:08:31+00:00,METAx,META,False,10000,14.85232395,9920.5678,79.43,0.6375,0.1578,Whirlpool + Byreal + Raydium CLMM,Byreal + Whirlpool + Raydium CLMM,667.2744,298012.0
2026-09-16T02:08:31+00:00,GOOGLx,GOOGL,False,100,0.28964033,99.6743,32.57,0.0054,0.3203,HumidiFi + Raydium CLMM,Whirlpool,344.318,417598.0
2026-09-16T02:08:31+00:00,GOOGLx,GOOGL,False,1000,2.89346256,995.3106,46.89,0.1069,0.3624,HumidiFi + Whirlpool,Raydium CLMM,344.318,417598.0
2026-09-16T02:08:31+00:00,GOOGLx,GOOGL,False,10000,28.89505888,9929.0367,70.96,0.2435,0.4673,Raydium CLMM + HumidiFi + Whirlpool + Byreal,Whirlpool + BisonFi + Byreal + Raydium CLMM,344.318,417598.0
2026-09-16T02:08:31+00:00,AMZNx,AMZN,False,100,0.40252288,99.7298,27.02,0.2403,0.03,Byreal,Meteora DLMM + Flux + Manifest,247.7638,192718.0
2026-09-16T02:08:31+00:00,AMZNx,AMZN,False,1000,4.02426754,995.215,47.85,0.2642,0.2149,Byreal,Byreal,247.7638,192718.0
2026-09-16T02:08:31+00:00,AMZNx,AMZN,False,10000,40.17216339,9914.0438,85.96,0.4389,0.4225,Byreal + BisonFi + Meteora DLMM + Raydium CLMM,Meteora DLMM + BisonFi + Raydium CLMM + Byreal,247.7638,192718.0
2026-09-16T02:24:10+00:00,AAPLx,AAPL,False,100,0.30059828,99.7724,22.76,0.2125,0.0151,Raydium CLMM,Raydium CLMM,330.7908,686552.0
2026-09-16T02:24:10+00:00,AAPLx,AAPL,False,1000,3.00544975,996.2501,37.5,0.2302,0.1451,Raydium CLMM,Raydium CLMM,330.7908,686552.0
2026-09-16T02:24:10+00:00,AAPLx,AAPL,False,10000,30.02583416,9937.3142,62.69,0.3254,0.3025,Raydium CLMM + Byreal,Raydium CLMM + Byreal,330.7908,686552.0
2026-09-16T02:24:10+00:00,TSLAx,TSLA,False,100,0.28065946,99.9498,5.02,0.0,0.5322,Riptide,Whirlpool,356.0603,1181938.0
2026-09-16T02:24:10+00:00,TSLAx,TSLA,False,1000,2.80643082,999.0507,9.49,0.0,0.0454,Riptide,BinaryFi,356.0603,1181938.0
2026-09-16T02:24:10+00:00,TSLAx,TSLA,False,10000,28.03339372,9979.429,20.57,0.1597,0.0461,Riptide + BinaryFi,Whirlpool + Riptide,356.0603,1181938.0
2026-09-16T02:24:10+00:00,NVDAx,NVDA,False,100,0.47047838,99.9541,4.59,0.044,0.0433,Whirlpool,Whirlpool,212.0373,1743045.0
2026-09-16T02:24:10+00:00,NVDAx,NVDA,False,1000,4.70406859,999.1479,8.52,0.0178,0.0674,Riptide,Whirlpool,212.0373,1743045.0
2026-09-16T02:24:10+00:00,NVDAx,NVDA,False,10000,47.04084943,9990.0385,9.96,0.0584,0.0412,Riptide + Whirlpool,Whirlpool + Riptide,212.0373,1743045.0
2026-09-16T02:24:10+00:00,SPYx,SPY,False,100,0.13119965,99.9972,0.28,0.0238,0.0,Raydium CLMM,Scorch + BisonFi + GoonFi V2,757.4792,4350879.0
2026-09-16T02:24:10+00:00,SPYx,SPY,False,1000,1.31193918,999.9269,0.73,0.0281,0.0,Raydium CLMM,Riptide,757.4792,4350879.0
2026-09-16T02:24:10+00:00,SPYx,SPY,False,10000,13.11503751,9995.9591,4.04,0.0,0.0698,Byreal + Riptide + Raydium CLMM,Scorch + AlphaQ + Riptide,757.4792,4350879.0
2026-09-16T02:24:10+00:00,MSTRx,MSTR,False,100,0.77728905,99.9038,9.62,0.0276,0.0686,Byreal,Riptide,128.5816,771918.0
2026-09-16T02:24:10+00:00,MSTRx,MSTR,False,1000,7.77260237,999.0005,10.0,0.0313,0.0686,Riptide,Riptide,128.5816,771918.0
2026-09-16T02:24:10+00:00,MSTRx,MSTR,False,10000,77.69870141,9984.5427,15.46,0.0665,0.0882,Raydium CLMM + Riptide,Riptide,128.5816,771918.0
2026-09-16T02:24:10+00:00,METAx,META,False,100,0.14894215,99.7122,28.78,0.3683,0.0,Whirlpool,Meteora DLMM + Quantum,667.2126,297425.0
2026-09-16T02:24:10+00:00,METAx,META,False,1000,1.48717786,994.6321,53.68,0.5184,0.0185,Raydium CLMM,Raydium CLMM,667.2126,297425.0
2026-09-16T02:24:10+00:00,METAx,META,False,10000,14.85382661,9920.5487,79.45,0.6385,0.157,Byreal + Raydium CLMM + Whirlpool,Raydium CLMM + Whirlpool + Byreal,667.2126,297425.0
2026-09-16T02:24:10+00:00,GOOGLx,GOOGL,False,100,0.28955814,99.8315,16.85,0.0,0.8977,Whirlpool,Meteora DLMM + BisonFi + Byreal,346.9748,417849.0
2026-09-16T02:24:10+00:00,GOOGLx,GOOGL,False,1000,2.89367755,996.9094,30.91,0.0,0.972,Byreal,Meteora DLMM + Whirlpool + Scorch + GoonFi V2,346.9748,417849.0
2026-09-16T02:24:10+00:00,GOOGLx,GOOGL,False,10000,28.89319566,9931.035,68.96,0.0,1.2013,Whirlpool + Raydium CLMM + Byreal,Byreal + Raydium CLMM + Whirlpool + GoonFi V2,346.9748,417849.0
2026-09-16T02:24:10+00:00,AMZNx,AMZN,False,100,0.40232343,99.8546,14.54,0.0014,0.1439,Byreal,Raydium CLMM + GoonFi V2,248.4847,194857.0
2026-09-16T02:24:10+00:00,AMZNx,AMZN,False,1000,4.02273932,995.732,42.68,0.0137,0.4131,Byreal,Byreal,248.4847,194857.0
2026-09-16T02:24:10+00:00,AMZNx,AMZN,False,10000,40.16510776,9923.4085,76.59,0.1686,0.5984,Raydium CLMM + BisonFi + Meteora DLMM + Byreal,Raydium CLMM + Byreal + HumidiFi,248.4847,194857.0
2026-09-16T05:23:04+00:00,AAPLx,AAPL,False,100,0.30054404,99.7724,22.76,0.2056,0.022,Raydium CLMM,Raydium CLMM,330.865,689235.0
2026-09-16T05:23:04+00:00,AAPLx,AAPL,False,1000,3.00378474,995.8885,41.12,0.2606,0.1509,Raydium CLMM,Raydium CLMM,330.865,689235.0
2026-09-16T05:23:04+00:00,AAPLx,AAPL,False,10000,30.0133769,9936.7867,63.21,0.3419,0.2913,Byreal + Raydium CLMM,Byreal + Raydium CLMM,330.865,689235.0
2026-09-16T05:23:04+00:00,TSLAx,TSLA,False,100,0.28006955,99.9363,6.37,0.1221,0.0,Whirlpool,Whirlpool,356.5119,1185240.0
2026-09-16T05:23:04+00:00,TSLAx,TSLA,False,1000,2.79976822,998.9921,10.08,0.1551,0.0,Riptide,Riptide,356.5119,1185240.0
2026-09-16T05:23:04+00:00,TSLAx,TSLA,False,10000,27.99803219,9989.7766,10.22,0.1539,0.0,Whirlpool + Riptide,Riptide + Whirlpool + BinaryFi,356.5119,1185240.0
2026-09-16T05:23:04+00:00,NVDAx,NVDA,False,100,0.46810725,99.9586,4.14,0.1453,0.0,Meteora DLMM,Whirlpool,212.89,1759716.0
2026-09-16T05:23:04+00:00,NVDAx,NVDA,False,1000,4.67947823,999.1352,8.65,0.1793,0.0,Whirlpool,Riptide,212.89,1759716.0
2026-09-16T05:23:04+00:00,NVDAx,NVDA,False,10000,46.79064242,9974.737,25.26,0.1881,0.0646,Whirlpool + Meteora DLMM + Riptide,BinaryFi + Riptide,212.89,1759716.0
2026-09-16T05:23:04+00:00,SPYx,SPY,False,100,0.13098622,99.9954,0.46,0.0,0.3536,Riptide,Whirlpool,761.5325,4651590.0
2026-09-16T05:23:04+00:00,SPYx,SPY,False,1000,1.30986223,999.9217,0.78,0.0,0.3568,Riptide,AlphaQ + Raydium CLMM + Whirlpool,761.5325,4651590.0
2026-09-16T05:23:04+00:00,SPYx,SPY,False,10000,13.09862411,9995.7652,4.23,0.0,0.3912,Riptide,AlphaQ + Byreal + Raydium CLMM,761.5325,4651590.0
2026-09-16T05:23:04+00:00,MSTRx,MSTR,False,100,0.77533526,99.8911,10.89,0.0649,0.044,Riptide,Riptide,128.8537,779954.0
2026-09-16T05:23:04+00:00,MSTRx,MSTR,False,1000,7.75404442,999.0005,10.0,0.056,0.044,Riptide,Riptide,128.8537,779954.0
2026-09-16T05:23:04+00:00,METAx,META,False,100,0.14851027,99.6443,35.57,0.0531,0.3027,Raydium CLMM,Whirlpool,671.25,306000.0
2026-09-16T05:23:04+00:00,METAx,META,False,1000,1.48486424,994.6516,53.48,0.0691,0.466,Raydium CLMM,Raydium CLMM,671.25,306000.0
2026-09-16T05:23:04+00:00,METAx,META,False,10000,14.82745713,9921.0855,78.91,0.2117,0.5787,Byreal + Raydium CLMM,Raydium CLMM + Whirlpool + Byreal,671.25,306000.0
2026-09-16T05:23:04+00:00,GOOGLx,GOOGL,False,100,0.28926086,99.6763,32.37,0.0321,0.2917,Quantum + Meteora DLMM,Whirlpool + Flux + GoonFi V2,344.6736,420120.0
2026-09-16T05:23:04+00:00,GOOGLx,GOOGL,False,1000,2.88974045,995.2439,47.56,0.1312,0.3448,Raydium CLMM,Byreal,344.6736,420120.0
2026-09-16T05:23:04+00:00,GOOGLx,GOOGL,False,10000,28.86857242,9929.2928,70.71,0.2309,0.4773,Quantum + Whirlpool + Byreal + Raydium CLMM,Whirlpool + HumidiFi + Raydium CLMM + Byreal,344.6736,420120.0
2026-09-16T05:23:04+00:00,AMZNx,AMZN,False,100,0.40215981,99.5936,40.64,0.4031,0.0045,Byreal,Byreal,247.58,193447.0
2026-09-16T05:23:04+00:00,AMZNx,AMZN,False,1000,4.02035968,995.3233,46.77,0.4326,0.0353,Byreal,Byreal,247.58,193447.0
2026-09-16T05:23:04+00:00,AMZNx,AMZN,False,10000,40.13050861,9913.46,86.54,0.6136,0.2534,Raydium CLMM + Byreal,Raydium CLMM + HumidiFi + Byreal,247.58,193447.0
2026-09-16T10:58:32+00:00,AAPLx,AAPL,False,100,0.30012741,99.8221,17.79,0.2082,0.0,Byreal,Whirlpool,331.3096,699275.0
2026-09-16T10:58:32+00:00,AAPLx,AAPL,False,1000,3.00077472,996.3755,36.25,0.2248,0.138,Raydium CLMM,Raydium CLMM,331.3096,699275.0
2026-09-16T10:58:32+00:00,AAPLx,AAPL,False,10000,29.98294273,9937.1704,62.83,0.3072,0.3221,Raydium CLMM + Byreal,Raydium CLMM + Byreal,331.3096,699275.0
2026-09-16T10:58:32+00:00,TSLAx,TSLA,False,100,0.2801232,99.9672,3.28,0.0282,0.0045,Whirlpool,Riptide,356.7717,1171695.0
2026-09-16T10:58:32+00:00,TSLAx,TSLA,False,1000,2.79934896,999.0089,9.91,0.0954,0.0037,Riptide,Riptide,356.7717,1171695.0
2026-09-16T10:58:32+00:00,TSLAx,TSLA,False,10000,27.99362543,9989.0255,10.97,0.0949,0.0148,Riptide + Whirlpool,Whirlpool + Riptide,356.7717,1171695.0
2026-09-16T10:58:32+00:00,NVDAx,NVDA,False,100,0.46830938,99.9537,4.63,0.0433,0.003,Whirlpool,Whirlpool,213.0115,1771813.0
2026-09-16T10:58:32+00:00,NVDAx,NVDA,False,1000,4.68206072,999.0511,9.49,0.0653,0.0296,Riptide,Whirlpool,213.0115,1771813.0
2026-09-16T10:58:32+00:00,NVDAx,NVDA,False,10000,46.82028737,9973.7766,26.22,0.0661,0.1962,Whirlpool + Riptide,Riptide + BinaryFi,213.0115,1771813.0
2026-09-16T10:58:32+00:00,SPYx,SPY,False,100,0.1308554,99.9911,0.89,0.0008,0.0081,Raydium CLMM,Byreal,759.6127,4790346.0
2026-09-16T10:58:32+00:00,SPYx,SPY,False,1000,1.30852232,999.7462,2.54,0.0032,0.0222,Raydium CLMM,Raydium CLMM,759.6127,4790346.0
2026-09-16T10:58:32+00:00,SPYx,SPY,False,10000,13.08458104,9995.3167,4.68,0.0081,0.0387,Raydium CLMM + Riptide + AlphaQ,Riptide + Byreal + Raydium CLMM,759.6127,4790346.0
2026-09-16T10:58:32+00:00,MSTRx,MSTR,False,100,0.77418871,99.8994,10.06,0.0,0.1083,Riptide,Riptide,129.1363,796496.0
2026-09-16T10:58:32+00:00,MSTRx,MSTR,False,1000,7.74194113,999.0005,10.0,0.0,0.1083,Riptide,Riptide,129.1363,796496.0
2026-09-16T10:58:32+00:00,MSTRx,MSTR,False,10000,77.38124838,9983.8171,16.18,0.0409,0.1209,ZeroFi + Raydium CLMM + Riptide,Riptide,129.1363,796496.0
2026-09-16T10:58:32+00:00,METAx,META,False,100,0.14843962,99.6382,36.18,0.3485,0.0133,Whirlpool,Byreal,669.575,315650.0
2026-09-16T10:58:32+00:00,METAx,META,False,1000,1.48357675,994.6955,53.04,0.4035,0.1275,Raydium CLMM,Raydium CLMM,669.575,315650.0
2026-09-16T10:58:32+00:00,METAx,META,False,10000,14.81798837,9925.0758,74.92,0.5228,0.2276,Whirlpool + Byreal + Raydium CLMM,Whirlpool + Byreal + Raydium CLMM,669.575,315650.0
2026-09-16T10:58:32+00:00,GOOGLx,GOOGL,False,100,0.28918379,99.7702,22.98,0.0,0.3448,Deriverse + GoonFi V2 + Whirlpool,Whirlpool,345.2603,408632.0
2026-09-16T10:58:32+00:00,GOOGLx,GOOGL,False,1000,2.88903057,995.8454,41.55,0.0,0.4336,AlphaQ + GoonFi V2 + Whirlpool,Byreal,345.2603,408632.0
2026-09-16T10:58:32+00:00,GOOGLx,GOOGL,False,10000,28.85318162,9929.0651,70.93,0.1103,0.5997,Raydium CLMM + Byreal + TesseraV + Whirlpool,Byreal + Raydium CLMM + Whirlpool,345.2603,408632.0
2026-09-16T10:58:32+00:00,AMZNx,AMZN,False,100,0.4021694,99.6906,30.94,0.303,0.0064,AlphaQ + GoonFi V2 + Meteora DLMM,Byreal,247.8128,193920.0
2026-09-16T10:58:32+00:00,AMZNx,AMZN,False,1000,4.01589295,994.9583,50.42,0.4468,0.0576,Raydium CLMM,Byreal,247.8128,193920.0
2026-09-16T10:58:32+00:00,AMZNx,AMZN,False,10000,40.09119473,9909.4903,90.51,0.6147,0.2921,Byreal + HumidiFi + Meteora DLMM + Raydium CLMM,Byreal + Raydium CLMM + GoonFi V2,247.8128,193920.0
2026-09-16T11:14:13+00:00,AAPLx,AAPL,False,100,0.30012499,99.7834,21.66,0.0,0.2177,Raydium CLMM,Raydium CLMM,331.9974,699285.0
2026-09-16T11:14:13+00:00,AAPLx,AAPL,False,1000,3.00077122,996.4319,35.68,0.0149,0.342,Raydium CLMM,Raydium CLMM,331.9974,699285.0
2026-09-16T11:14:13+00:00,AAPLx,AAPL,False,10000,29.98261801,9937.2348,62.77,0.0985,0.5297,Byreal + Raydium CLMM,Raydium CLMM + Byreal,331.9974,699285.0
2026-09-16T11:14:13+00:00,TSLAx,TSLA,False,100,0.27988931,99.9864,1.36,0.0122,0.0014,Whirlpool,Raydium CLMM,357.1169,1178958.0
2026-09-16T11:14:13+00:00,TSLAx,TSLA,False,1000,2.79848924,999.5812,4.19,0.0266,0.0153,Riptide,Raydium CLMM,357.1169,1178958.0
2026-09-16T11:14:13+00:00,TSLAx,TSLA,False,10000,27.98320505,9990.7715,9.23,0.0326,0.0605,Whirlpool + Riptide,Raydium CLMM + Riptide + Whirlpool,357.1169,1178958.0
2026-09-16T11:14:13+00:00,NVDAx,NVDA,False,100,0.468223,99.9537,4.63,0.0027,0.0436,Riptide,Whirlpool,213.131,1777782.0
2026-09-16T11:14:13+00:00,NVDAx,NVDA,False,1000,4.68223009,999.2577,7.42,0.0027,0.0715,Riptide,Whirlpool,213.131,1777782.0
2026-09-16T11:14:13+00:00,NVDAx,NVDA,False,10000,46.82230096,9990.1199,9.88,0.0027,0.0961,Riptide,Whirlpool + Riptide,213.131,1777782.0
2026-09-16T11:14:13+00:00,SPYx,SPY,False,100,0.13084013,100.0007,-0.07,0.3117,0.0,Byreal,Scorch + GoonFi V2 + Quantum,757.3179,4751160.0
2026-09-16T11:14:13+00:00,SPYx,SPY,False,1000,1.30836406,999.7465,2.54,0.3145,0.0,Raydium CLMM,Raydium CLMM,757.3179,4751160.0
2026-09-16T11:14:13+00:00,SPYx,SPY,False,10000,13.0833215,9995.3588,4.64,0.3169,0.0,Byreal + Riptide + Raydium CLMM,Byreal + Raydium CLMM + Riptide,757.3179,4751160.0
2026-09-16T11:14:13+00:00,MSTRx,MSTR,False,100,0.77276031,99.9,10.0,0.0001,0.0999,Riptide,Riptide,129.4099,796945.0
2026-09-16T11:14:13+00:00,MSTRx,MSTR,False,1000,7.72612857,998.8091,11.91,0.0192,0.0999,ZeroFi + Raydium CLMM,Riptide,129.4099,796945.0
2026-09-16T11:14:13+00:00,MSTRx,MSTR,False,10000,77.21601999,9984.5452,15.45,0.0778,0.0769,Raydium CLMM + ZeroFi + Riptide,Riptide,129.4099,796945.0
2026-09-16T11:14:13+00:00,METAx,META,False,100,0.14881507,99.6523,34.77,0.3417,0.006,Whirlpool,Raydium CLMM,667.9117,311669.0
2026-09-16T11:14:13+00:00,METAx,META,False,1000,1.48562983,994.6953,53.05,0.5105,0.02,Raydium CLMM,Raydium CLMM,667.9117,311669.0
2026-09-16T11:14:13+00:00,METAx,META,False,10000,14.84219297,9924.9572,75.04,0.605,0.1463,Raydium CLMM + Whirlpool + Byreal,Byreal + Raydium CLMM,667.9117,311669.0
2026-09-16T11:14:13+00:00,GOOGLx,GOOGL,False,100,0.28926503,99.7557,24.43,0.0,0.3117,Quantum + Whirlpool,Byreal,344.9977,408033.0
2026-09-16T11:14:13+00:00,GOOGLx,GOOGL,False,1000,2.89027316,996.3719,36.28,0.0146,0.3483,BisonFi + Whirlpool,Byreal,344.9977,408033.0
2026-09-16T11:14:13+00:00,GOOGLx,GOOGL,False,10000,28.8542525,9929.1414,70.86,0.1823,0.5273,Byreal + HumidiFi + Whirlpool + Raydium CLMM,Meteora DLMM + BisonFi + Raydium CLMM + Byreal,344.9977,408033.0
2026-09-16T11:14:13+00:00,AMZNx,AMZN,False,100,0.4017004,99.6534,34.66,0.338,0.0086,Kipseli + Raydium CLMM,Byreal,248.0143,195762.0
2026-09-16T11:14:13+00:00,AMZNx,AMZN,False,1000,4.01288635,995.0023,49.98,0.4402,0.0598,Raydium CLMM,Byreal,248.0143,195762.0
2026-09-16T11:14:13+00:00,AMZNx,AMZN,False,10000,40.05866089,9909.41,90.59,0.6144,0.2933,GoonFi V2 + Raydium CLMM + Byreal,Byreal + Raydium CLMM + Meteora DLMM + BisonFi,248.0143,195762.0
2026-09-16T11:29:58+00:00,AAPLx,AAPL,False,100,0.30029962,99.7757,22.43,0.0192,0.2051,Raydium CLMM,Whirlpool,331.7335,692194.0
2026-09-16T11:29:58+00:00,AAPLx,AAPL,False,1000,3.00077122,995.7322,42.68,0.0933,0.3338,Raydium CLMM,Raydium CLMM,331.7335,692194.0
2026-09-16T11:29:58+00:00,AAPLx,AAPL,False,10000,29.98438052,9936.7888,63.21,0.171,0.4619,Raydium CLMM + Byreal,Raydium CLMM + Byreal,331.7335,692194.0
2026-09-16T11:29:58+00:00,TSLAx,TSLA,False,100,0.28004592,99.9686,3.14,0.0173,0.0141,Whirlpool,Raydium CLMM,356.8951,1175732.0
2026-09-16T11:29:58+00:00,TSLAx,TSLA,False,1000,2.79945345,999.1861,8.14,0.0532,0.0282,Riptide,Raydium CLMM,356.8951,1175732.0
2026-09-16T11:29:58+00:00,TSLAx,TSLA,False,10000,27.99185233,9989.848,10.15,0.0628,0.0353,Whirlpool + Riptide,Riptide + Whirlpool + Raydium CLMM,356.8951,1175732.0
2026-09-16T11:29:58+00:00,NVDAx,NVDA,False,100,0.46820862,99.9535,4.65,0.0338,0.0127,Whirlpool,Whirlpool,213.0764,1775115.0
2026-09-16T11:29:58+00:00,NVDAx,NVDA,False,1000,4.68076723,999.1075,8.92,0.062,0.0273,Whirlpool,Riptide,213.0764,1775115.0
2026-09-16T11:29:58+00:00,NVDAx,NVDA,False,10000,46.80332251,9989.6234,10.38,0.0713,0.0325,Whirlpool + Riptide,Riptide + Whirlpool,213.0764,1775115.0
2026-09-16T11:29:58+00:00,SPYx,SPY,False,100,0.13084266,99.9828,1.72,0.2421,0.0,Raydium CLMM,Byreal,757.8498,4768948.0
2026-09-16T11:29:58+00:00,SPYx,SPY,False,1000,1.3083951,999.7465,2.54,0.2445,0.0,Raydium CLMM,Raydium CLMM,757.8498,4768948.0
2026-09-16T11:29:58+00:00,SPYx,SPY,False,10000,13.08260445,9994.9501,5.05,0.2548,0.0,Raydium CLMM + Riptide + Byreal,Raydium CLMM + Riptide + Byreal,757.8498,4768948.0
2026-09-16T11:29:58+00:00,MSTRx,MSTR,False,100,0.77195413,99.9322,6.78,0.0053,0.0625,Raydium CLMM,Riptide,129.4928,811631.0
2026-09-16T11:29:58+00:00,MSTRx,MSTR,False,1000,7.71706111,999.0005,10.0,0.0374,0.0625,Riptide,Riptide,129.4928,811631.0
2026-09-16T11:29:58+00:00,MSTRx,MSTR,False,10000,77.12443753,9984.525,15.48,0.0973,0.0589,Riptide + Raydium CLMM,Riptide,129.4928,811631.0
2026-09-16T11:29:58+00:00,METAx,META,False,100,0.14881783,99.6493,35.07,0.3509,0.0,Whirlpool,Raydium CLMM,667.8542,311380.0
2026-09-16T11:29:58+00:00,METAx,META,False,1000,1.48570279,994.6953,53.05,0.5166,0.0139,Raydium CLMM,Raydium CLMM,667.8542,311380.0
2026-09-16T11:29:58+00:00,METAx,META,False,10000,14.84280832,9924.9119,75.09,0.6118,0.1399,Raydium CLMM + Whirlpool + Byreal,Raydium CLMM + Byreal,667.8542,311380.0
2026-09-16T11:29:58+00:00,GOOGLx,GOOGL,False,100,0.2887096,99.7506,24.94,0.2157,0.0338,Whirlpool,Whirlpool + BisonFi,344.6909,410689.0
2026-09-16T11:29:58+00:00,GOOGLx,GOOGL,False,1000,2.8851624,995.8808,41.19,0.2825,0.1298,Raydium CLMM,Whirlpool + BisonFi,344.6909,410689.0
2026-09-16T11:29:58+00:00,GOOGLx,GOOGL,False,10000,28.81363056,9929.6201,70.38,0.4138,0.2912,Whirlpool + Raydium CLMM + Byreal,Raydium CLMM + Byreal + Whirlpool + HumidiFi,344.6909,410689.0
2026-09-16T11:29:58+00:00,AMZNx,AMZN,False,100,0.40164125,99.6328,36.72,0.3834,0.0,Byreal,Meteora DLMM + Scorch + HumidiFi,247.944,194839.0
2026-09-16T11:29:58+00:00,AMZNx,AMZN,False,1000,4.01435252,994.8699,51.3,0.4345,0.0789,Byreal,Byreal,247.944,194839.0
2026-09-16T11:29:58+00:00,AMZNx,AMZN,False,10000,40.06303173,9909.3539,90.65,0.6341,0.2741,Byreal + Raydium CLMM + HumidiFi + Meteora DLMM,Raydium CLMM + Byreal + BisonFi,247.944,194839.0
2026-09-16T11:45:34+00:00,AAPLx,AAPL,False,100,0.3001182,99.7849,21.51,0.0013,0.2139,Raydium CLMM,Raydium CLMM,332.0013,700625.0
2026-09-16T11:45:34+00:00,AAPLx,AAPL,False,1000,3.00070336,996.4468,35.53,0.0172,0.3382,Raydium CLMM,Raydium CLMM,332.0013,700625.0
2026-09-16T11:45:34+00:00,AAPLx,AAPL,False,10000,29.98188052,9938.7269,61.27,0.101,0.5122,Raydium CLMM + Byreal,Whirlpool + Kipseli + Byreal + Raydium CLMM,332.0013,700625.0
2026-09-16T11:45:34+00:00,TSLAx,TSLA,False,100,0.27963698,99.9337,6.63,0.0513,0.015,Whirlpool,Whirlpool,357.3038,1178119.0
2026-09-16T11:45:34+00:00,TSLAx,TSLA,False,1000,2.79556841,999.0005,10.0,0.0799,0.02,Riptide,Riptide,357.3038,1178119.0
2026-09-16T11:45:34+00:00,TSLAx,TSLA,False,10000,27.95577713,9990.1997,9.8,0.0796,0.0184,Whirlpool + Riptide,Raydium CLMM + Whirlpool + Riptide,357.3038,1178119.0
2026-09-16T11:45:34+00:00,NVDAx,NVDA,False,100,0.46745623,99.9194,8.06,0.046,0.0347,Riptide,Whirlpool,213.3911,1786883.0
2026-09-16T11:45:34+00:00,NVDAx,NVDA,False,1000,4.67442016,999.0005,10.0,0.049,0.0509,Riptide,Riptide,213.3911,1786883.0
2026-09-16T11:45:34+00:00,NVDAx,NVDA,False,10000,46.74420168,9989.5765,10.42,0.049,0.0552,Riptide,Whirlpool + Riptide,213.3911,1786883.0
2026-09-16T11:45:34+00:00,SPYx,SPY,False,100,0.13075002,99.9817,1.83,0.1439,0.0,Raydium CLMM,Byreal,759.1247,4801820.0
2026-09-16T11:45:34+00:00,SPYx,SPY,False,1000,1.30749545,999.784,2.16,0.1443,0.0,Riptide,Raydium CLMM,759.1247,4801820.0
2026-09-16T11:45:34+00:00,SPYx,SPY,False,10000,13.07495065,9995.8417,4.16,0.1443,0.0,Riptide + Raydium CLMM,Byreal + Raydium CLMM,759.1247,4801820.0
2026-09-16T11:45:34+00:00,MSTRx,MSTR,False,100,0.76614061,99.9491,5.09,0.0,0.1461,Quantum + Raydium CLMM,Riptide,130.6053,813034.0
2026-09-16T11:45:34+00:00,MSTRx,MSTR,False,1000,7.65909291,999.0626,9.37,0.0,0.1588,Manifest + BisonFi + Raydium CLMM,Riptide,130.6053,813034.0
2026-09-16T11:45:34+00:00,MSTRx,MSTR,False,10000,76.56081801,9985.0699,14.93,0.0,0.1751,Riptide + Flux + Manifest + BisonFi + Raydium CLMM,Riptide,130.6053,813034.0
2026-09-16T11:45:34+00:00,METAx,META,False,100,0.14784069,99.6933,30.67,0.0317,0.2751,Byreal,Whirlpool,674.4141,329788.0
2026-09-16T11:45:34+00:00,METAx,META,False,1000,1.47637264,993.9644,60.36,0.1692,0.4351,Byreal,Raydium CLMM,674.4141,329788.0
2026-09-16T11:45:34+00:00,METAx,META,False,10000,14.70518227,9878.8528,121.15,0.5651,0.6501,Byreal + Raydium CLMM + Whirlpool,Byreal + Raydium CLMM,674.4141,329788.0
2026-09-16T11:45:34+00:00,GOOGLx,GOOGL,False,100,0.28834589,99.7974,20.26,0.294,0.0,Raydium CLMM,Whirlpool + HumidiFi,344.8508,398587.0
2026-09-16T11:45:34+00:00,GOOGLx,GOOGL,False,1000,2.88275378,996.7995,32.01,0.3184,0.0016,Raydium CLMM,Whirlpool + HumidiFi,344.8508,398587.0
2026-09-16T11:45:34+00:00,GOOGLx,GOOGL,False,10000,28.79386574,9928.1906,71.81,0.4349,0.2845,Raydium CLMM + Whirlpool + Byreal,Byreal + Raydium CLMM + Whirlpool + GoonFi V2,344.8508,398587.0
2026-09-16T11:45:34+00:00,AMZNx,AMZN,False,100,0.40124316,99.7854,21.46,0.0,0.5878,Byreal,Raydium CLMM + Whirlpool + GoonFi V2,250.0777,195006.0
2026-09-16T11:45:34+00:00,AMZNx,AMZN,False,1000,4.01065542,996.0734,39.27,0.0,0.7213,Raydium CLMM,Meteora DLMM + Byreal + Raydium CLMM + HumidiFi,250.0777,195006.0
2026-09-16T11:45:34+00:00,AMZNx,AMZN,False,10000,40.03198935,9912.7878,87.21,0.0,1.0151,Byreal + HumidiFi + Meteora DLMM + Raydium CLMM,Raydium CLMM + HumidiFi + Byreal,250.0777,195006.0
2026-09-16T12:01:12+00:00,AAPLx,AAPL,False,100,0.30037915,99.7724,22.76,0.2818,0.0,Raydium CLMM,Raydium CLMM,330.7891,698512.0
2026-09-16T12:01:12+00:00,AAPLx,AAPL,False,1000,3.00070336,995.5435,44.57,0.3843,0.0616,Raydium CLMM,Byreal,330.7891,698512.0
2026-09-16T12:01:12+00:00,AAPLx,AAPL,False,10000,29.98454023,9936.7039,63.3,0.459,0.1748,Raydium CLMM + Byreal,Raydium CLMM + Byreal,330.7891,698512.0
2026-09-16T12:01:12+00:00,TSLAx,TSLA,False,100,0.27962809,99.9705,2.95,0.0314,0.0,Whirlpool,Riptide,357.3934,1177437.0
2026-09-16T12:01:12+00:00,TSLAx,TSLA,False,1000,2.79431135,999.0005,10.0,0.1018,0.0,Riptide,Riptide,357.3934,1177437.0
2026-09-16T12:01:12+00:00,TSLAx,TSLA,False,10000,27.94350276,9994.5546,5.45,0.1005,0.0956,Whirlpool + Riptide,Whirlpool + Riptide,357.3934,1177437.0
2026-09-16T12:01:12+00:00,NVDAx,NVDA,False,100,0.46676307,99.961,3.9,0.0,0.072,Whirlpool,Riptide,213.7167,1794062.0
2026-09-16T12:01:12+00:00,NVDAx,NVDA,False,1000,4.66551551,999.0885,9.12,0.0123,0.0789,Raydium CLMM,Riptide,213.7167,1794062.0
2026-09-16T12:01:12+00:00,NVDAx,NVDA,False,10000,46.65145805,9989.5003,10.5,0.0202,0.0848,Raydium CLMM + Riptide,Riptide,213.7167,1794062.0
2026-09-16T12:01:12+00:00,SPYx,SPY,False,100,0.13072798,99.9947,0.53,0.0071,0.0,Whirlpool,Riptide,760.3082,4874530.0
2026-09-16T12:01:12+00:00,SPYx,SPY,False,1000,1.30725567,999.9289,0.71,0.009,0.0,Raydium CLMM,Riptide,760.3082,4874530.0
2026-09-16T12:01:12+00:00,SPYx,SPY,False,10000,13.07208427,9998.931,1.07,0.0126,0.0,Whirlpool + Byreal + Raydium CLMM,Riptide + Scorch + SolFi V2,760.3082,4874530.0
2026-09-16T12:01:12+00:00,MSTRx,MSTR,False,100,0.7635734,99.9423,5.77,0.0,0.0913,HumidiFi + Raydium CLMM,Riptide,130.9662,820853.0
2026-09-16T12:01:12+00:00,MSTRx,MSTR,False,1000,7.63417887,999.2199,7.8,0.0,0.0913,HumidiFi + Raydium CLMM,Riptide,130.9662,820853.0
2026-09-16T12:01:12+00:00,MSTRx,MSTR,False,10000,76.30672262,9987.2523,12.75,0.0326,0.0949,Riptide + HumidiFi + GoonFi V2 + Raydium CLMM,Riptide,130.9662,820853.0
2026-09-16T12:01:12+00:00,METAx,META,False,100,0.14756046,99.649,35.1,0.0178,0.3333,Manifest,Manifest,675.802,331358.0
2026-09-16T12:01:12+00:00,METAx,META,False,1000,1.47399654,993.7162,62.84,0.1268,0.5023,Raydium CLMM,Byreal,675.802,331358.0
2026-09-16T12:01:12+00:00,METAx,META,False,10000,14.68257724,9874.2053,125.79,0.5156,0.7462,Whirlpool + Raydium CLMM + Byreal,Byreal + Whirlpool + Raydium CLMM,675.802,331358.0
2026-09-16T12:01:12+00:00,GOOGLx,GOOGL,False,100,0.28809941,99.7256,27.44,0.0,0.0,Raydium CLMM,Whirlpool + BisonFi,341.1982,405385.0
2026-09-16T12:01:12+00:00,GOOGLx,GOOGL,False,1000,2.8803232,995.9806,40.19,0.5258,0.0,Raydium CLMM,Whirlpool + BisonFi,341.1982,405385.0
2026-09-16T12:01:12+00:00,GOOGLx,GOOGL,False,10000,28.76876009,9929.3066,70.69,1.5987,0.0621,Raydium CLMM + HumidiFi + Whirlpool + Byreal,Byreal + Whirlpool + GoonFi V2 + Raydium CLMM,341.1982,405385.0
2026-09-16T12:01:12+00:00,AMZNx,AMZN,False,100,0.40122716,99.6085,39.15,0.0031,0.3885,Byreal,Meteora DLMM + Flux,249.1496,195163.0
2026-09-16T12:01:12+00:00,AMZNx,AMZN,False,1000,4.01023866,994.8796,51.2,0.0537,0.4586,Byreal,Byreal,249.1496,195163.0
2026-09-16T12:01:12+00:00,AMZNx,AMZN,False,10000,40.03041519,9911.2959,88.7,0.2331,0.6555,HumidiFi + Raydium CLMM + Byreal,Raydium CLMM + GoonFi V2 + Byreal,249.1496,195163.0
2026-09-16T12:16:52+00:00,AAPLx,AAPL,False,100,0.30023764,99.7724,22.76,0.018,0.2096,Raydium CLMM,Raydium CLMM,331.8315,700424.0
2026-09-16T12:16:52+00:00,AAPLx,AAPL,False,1000,3.00037139,995.8101,41.9,0.0847,0.3345,Byreal,Raydium CLMM,331.8315,700424.0
2026-09-16T12:16:52+00:00,AAPLx,AAPL,False,10000,29.98057205,9936.7044,63.3,0.1618,0.4719,Raydium CLMM + Byreal,Raydium CLMM + Byreal,331.8315,700424.0
2026-09-16T12:16:52+00:00,TSLAx,TSLA,False,100,0.279312,99.9547,4.53,0.034,0.0113,Whirlpool,Riptide,357.8003,1183052.0
2026-09-16T12:16:52+00:00,TSLAx,TSLA,False,1000,2.79159274,999.0027,9.97,0.0887,0.011,Riptide,Riptide,357.8003,1183052.0
2026-09-16T12:16:52+00:00,TSLAx,TSLA,False,10000,27.9161264,9989.1173,10.88,0.088,0.0209,Riptide + Whirlpool,Whirlpool + Manifest + Riptide,357.8003,1183052.0
2026-09-16T12:16:52+00:00,NVDAx,NVDA,False,100,0.46648877,99.953,4.7,0.0699,0.0,Whirlpool,Riptide,213.7939,1805048.0
2026-09-16T12:16:52+00:00,NVDAx,NVDA,False,1000,4.66241479,999.0005,10.0,0.1228,0.0,Riptide,Riptide,213.7939,1805048.0
2026-09-16T12:16:52+00:00,NVDAx,NVDA,False,10000,46.62437369,9984.3369,15.66,0.1223,0.0352,Riptide + Whirlpool,Riptide + BinaryFi,213.7939,1805048.0
2026-09-16T12:16:52+00:00,SPYx,SPY,False,100,0.13076963,99.9823,1.77,0.005,0.0127,Raydium CLMM,Riptide,760.1005,4910323.0
2026-09-16T12:16:52+00:00,SPYx,SPY,False,1000,1.30766486,999.7985,2.01,0.0074,0.0127,Raydium CLMM,Riptide,760.1005,4910323.0
2026-09-16T12:16:52+00:00,SPYx,SPY,False,10000,13.07444162,9996.282,3.72,0.0243,0.0,PancakeSwap + Byreal + Raydium CLMM,Riptide,760.1005,4910323.0
2026-09-16T12:16:52+00:00,MSTRx,MSTR,False,100,0.76574064,99.9002,9.98,0.0138,0.086,Riptide,Riptide,130.5368,818991.0
2026-09-16T12:16:52+00:00,MSTRx,MSTR,False,1000,7.65739471,999.0005,10.0,0.014,0.086,Riptide,Riptide,130.5368,818991.0
2026-09-16T12:16:52+00:00,MSTRx,MSTR,False,10000,76.5407013,9983.8257,16.17,0.0574,0.1044,Riptide,Riptide,130.5368,818991.0
2026-09-16T12:16:52+00:00,METAx,META,False,100,0.14754869,99.6312,36.88,0.4828,0.0,Whirlpool,Manifest,672.7294,330903.0
2026-09-16T12:16:52+00:00,METAx,META,False,1000,1.47403355,993.7145,62.85,0.5808,0.048,Raydium CLMM,Byreal,672.7294,330903.0
2026-09-16T12:16:52+00:00,METAx,META,False,10000,14.68322244,9874.4078,125.59,0.966,0.2927,Byreal + Raydium CLMM + Whirlpool,Raydium CLMM + Byreal + Whirlpool,672.7294,330903.0
2026-09-16T12:16:52+00:00,GOOGLx,GOOGL,False,100,0.28825993,99.7186,28.14,0.0147,0.2667,Whirlpool,Whirlpool + HumidiFi,345.9356,399245.0
2026-09-16T12:16:52+00:00,GOOGLx,GOOGL,False,1000,2.8803639,995.536,44.64,0.0922,0.3545,Raydium CLMM,Whirlpool + TesseraV,345.9356,399245.0
2026-09-16T12:16:52+00:00,GOOGLx,GOOGL,False,10000,28.77315454,9929.4254,70.57,0.1979,0.5088,Whirlpool + Byreal + Raydium CLMM,Whirlpool + TesseraV + Raydium CLMM + Byreal,345.9356,399245.0
2026-09-16T12:16:52+00:00,AMZNx,AMZN,False,100,0.40144137,99.6231,37.69,0.4083,0.0,Byreal,Raydium CLMM + Flux,248.0135,194140.0
2026-09-16T12:16:52+00:00,AMZNx,AMZN,False,1000,4.01236806,994.8733,51.27,0.4591,0.0538,Byreal,Byreal,248.0135,194140.0
2026-09-16T12:16:52+00:00,AMZNx,AMZN,False,10000,40.04058489,9910.9999,89.0,0.6652,0.2263,HumidiFi + Raydium CLMM + Byreal,Raydium CLMM + Byreal + Flux,248.0135,194140.0
2026-09-16T12:32:28+00:00,AAPLx,AAPL,False,100,0.300438,99.7724,22.76,0.2123,0.0153,Raydium CLMM,Raydium CLMM,330.9587,697559.0
2026-09-16T12:32:28+00:00,AAPLx,AAPL,False,1000,3.0006323,995.5199,44.8,0.3368,0.1116,Raydium CLMM,Byreal,330.9587,697559.0
2026-09-16T12:32:28+00:00,AAPLx,AAPL,False,10000,29.98284803,9936.5426,63.46,0.4147,0.2207,Byreal + Raydium CLMM,Byreal + Raydium CLMM,330.9587,697559.0
2026-09-16T12:32:28+00:00,TSLAx,TSLA,False,100,0.2796195,99.9906,0.94,0.0061,0.0033,SolFi V2 + Flux + Raydium CLMM,Raydium CLMM,357.4991,1183972.0
2026-09-16T12:32:28+00:00,TSLAx,TSLA,False,1000,2.79435498,999.1081,8.92,0.0719,0.0173,Riptide,Raydium CLMM,357.4991,1183972.0
2026-09-16T12:32:28+00:00,TSLAx,TSLA,False,10000,27.94391621,9989.97,10.03,0.0706,0.0297,Riptide + Kipseli + Raydium CLMM + Whirlpool,Whirlpool + Riptide + Raydium CLMM,357.4991,1183972.0
2026-09-16T12:32:28+00:00,NVDAx,NVDA,False,100,0.46679595,99.9891,1.09,0.0,0.2478,Kipseli + Raydium CLMM,Riptide,214.3058,1807138.0
2026-09-16T12:32:28+00:00,NVDAx,NVDA,False,1000,4.66595843,999.4628,5.37,0.0,0.2478,Kipseli + Raydium CLMM,Riptide,214.3058,1807138.0
2026-09-16T12:32:28+00:00,NVDAx,NVDA,False,10000,46.63753949,9989.7431,10.26,0.0,0.2494,Riptide + Kipseli + Raydium CLMM,Raydium CLMM + Riptide,214.3058,1807138.0
2026-09-16T12:32:28+00:00,SPYx,SPY,False,100,0.13089548,99.9864,1.36,0.0,0.0156,Byreal,Scorch + Flux + Quantum,759.4028,4799814.0
2026-09-16T12:32:28+00:00,SPYx,SPY,False,1000,1.30888826,999.7565,2.43,0.003,0.0213,Raydium CLMM,Raydium CLMM,759.4028,4799814.0
2026-09-16T12:32:28+00:00,SPYx,SPY,False,10000,13.08644959,9995.6663,4.33,0.0198,0.0235,Raydium CLMM + Byreal + PancakeSwap,Riptide + Raydium CLMM,759.4028,4799814.0
2026-09-16T12:32:28+00:00,MSTRx,MSTR,False,100,0.76842808,99.9563,4.37,0.0,0.279,ZeroFi + Raydium CLMM,Riptide,130.4035,813324.0
2026-09-16T12:32:28+00:00,MSTRx,MSTR,False,1000,7.68241583,999.3009,6.99,0.0,0.2809,Kipseli + Raydium CLMM,Riptide,130.4035,813324.0
2026-09-16T12:32:28+00:00,MSTRx,MSTR,False,10000,76.78064071,9983.8339,16.17,0.0,0.316,Riptide + Whirlpool + GoonFi V2 + Raydium CLMM,Riptide,130.4035,813324.0
2026-09-16T12:32:28+00:00,METAx,META,False,100,0.14761346,99.7221,27.79,0.4123,0.0,GoonFi V2 + PancakeSwap + Meteora DLMM,Manifest,673.9667,327792.0
2026-09-16T12:32:28+00:00,METAx,META,False,1000,1.47366834,993.7034,62.97,0.5787,0.0513,Raydium CLMM,Byreal,673.9667,327792.0
2026-09-16T12:32:28+00:00,METAx,META,False,10000,14.67951828,9872.7579,127.24,0.9644,0.3111,Raydium CLMM + Whirlpool + Byreal,Raydium CLMM + Whirlpool + Byreal,673.9667,327792.0
2026-09-16T12:32:28+00:00,GOOGLx,GOOGL,False,100,0.28836573,99.694,30.6,0.0,0.5136,ZeroFi + Raydium CLMM,Whirlpool,346.577,408456.0
2026-09-16T12:32:28+00:00,GOOGLx,GOOGL,False,1000,2.88067965,995.6182,43.82,0.0,0.5429,Kipseli + Raydium CLMM,Whirlpool + Flux + Byreal,346.577,408456.0
2026-09-16T12:32:28+00:00,GOOGLx,GOOGL,False,10000,28.77738264,9929.1328,70.87,0.0,0.7117,Byreal + Raydium CLMM + HumidiFi,Raydium CLMM + Byreal + Whirlpool + BisonFi,346.577,408456.0
2026-09-16T12:32:28+00:00,AMZNx,AMZN,False,100,0.4011563,99.6562,34.38,0.0,0.5031,Raydium CLMM,Meteora DLMM + Quantum,249.6034,196759.0
2026-09-16T12:32:28+00:00,AMZNx,AMZN,False,1000,4.01009307,995.4917,45.08,0.0,0.5736,Raydium CLMM,Meteora DLMM + HumidiFi + Byreal,249.6034,196759.0
2026-09-16T12:32:28+00:00,AMZNx,AMZN,False,10000,40.02607781,9911.0765,88.92,0.0634,0.8263,Byreal + HumidiFi + Raydium CLMM,Meteora DLMM + Quantum + Byreal + Raydium CLMM,249.6034,196759.0
2026-09-16T13:04:23+00:00,AAPLx,AAPL,False,100,0.29980005,99.8288,17.12,0.1546,0.0166,TesseraV + Whirlpool,Raydium CLMM,331.8521,705477.0
2026-09-16T13:04:23+00:00,AAPLx,AAPL,False,1000,2.99504327,996.2578,37.42,0.0463,0.3281,Raydium CLMM,Raydium CLMM,331.8521,705477.0
2026-09-16T13:04:23+00:00,AAPLx,AAPL,False,10000,29.92404357,9938.0566,61.94,0.1344,0.4857,Byreal + TesseraV + Whirlpool + Raydium CLMM,Raydium CLMM + Byreal,331.8521,705477.0
2026-09-16T13:04:23+00:00,TSLAx,TSLA,False,100,0.28014202,99.9834,1.66,0.009,0.0076,Whirlpool,Raydium CLMM,356.8191,1176308.0
2026-09-16T13:04:23+00:00,TSLAx,TSLA,False,1000,2.80075604,999.4565,5.43,0.0327,0.0216,Riptide,Raydium CLMM,356.8191,1176308.0
2026-09-16T13:04:23+00:00,TSLAx,TSLA,False,10000,28.00634272,9990.5378,9.46,0.0371,0.0576,Riptide + Whirlpool,Raydium CLMM + Riptide + Byreal,356.8191,1176308.0
2026-09-16T13:04:23+00:00,NVDAx,NVDA,False,100,0.46712479,99.9586,4.14,0.0486,0.0,Flux + Raydium CLMM,Whirlpool,213.5421,1790485.0
2026-09-16T13:04:23+00:00,NVDAx,NVDA,False,1000,4.67052681,999.2372,7.63,0.064,0.0123,Riptide,Raydium CLMM,213.5421,1790485.0
2026-09-16T13:04:23+00:00,NVDAx,NVDA,False,10000,46.70530945,9990.3594,9.64,0.2688,0.0,Riptide + Quantum + Raydium CLMM,Whirlpool + Riptide + Raydium CLMM,213.5421,1790485.0
2026-09-16T13:04:23+00:00,SPYx,SPY,False,100,0.13089841,99.9853,1.47,0.0,0.2809,Riptide,Byreal,761.4025,4819170.0
2026-09-16T13:04:23+00:00,SPYx,SPY,False,1000,1.30898416,999.8286,1.71,0.0,0.2833,Riptide,Byreal + PancakeSwap + Raydium CLMM,761.4025,4819170.0
2026-09-16T13:04:23+00:00,SPYx,SPY,False,10000,13.08984165,9996.5083,3.49,0.0,0.3011,Riptide,Raydium CLMM + Byreal + PancakeSwap,761.4025,4819170.0
2026-09-16T13:04:23+00:00,MSTRx,MSTR,False,100,0.76819815,99.8865,11.35,0.0371,0.0764,Riptide,Riptide,130.0861,819719.0
2026-09-16T13:04:23+00:00,MSTRx,MSTR,False,1000,7.68403707,999.0005,10.0,0.0104,0.0896,Riptide,Riptide,130.0861,819719.0
2026-09-16T13:04:23+00:00,MSTRx,MSTR,False,10000,76.79634927,9983.8381,16.16,0.0677,0.118,GoonFi V2 + Whirlpool + Raydium CLMM + Riptide,Riptide + Raydium CLMM,130.0861,819719.0
2026-09-16T13:04:23+00:00,METAx,META,False,100,0.14770719,99.829,17.1,0.1291,0.042,GoonFi V2 + Whirlpool + Meteora DLMM,Whirlpool,674.3821,328260.0
2026-09-16T13:04:23+00:00,METAx,META,False,1000,1.47292107,993.7653,62.35,0.4097,0.2146,Raydium CLMM,Byreal,674.3821,328260.0
2026-09-16T13:04:23+00:00,METAx,META,False,10000,14.67128739,9870.7552,129.24,0.8014,0.495,Whirlpool + Byreal + Raydium CLMM,Whirlpool + Byreal + Raydium CLMM,674.3821,328260.0
2026-09-16T13:04:23+00:00,GOOGLx,GOOGL,False,100,0.28878848,99.8747,12.53,0.0,0.4483,BisonFi + Whirlpool,Whirlpool,346.4667,408897.0
2026-09-16T13:04:23+00:00,GOOGLx,GOOGL,False,1000,2.88492108,997.315,26.85,0.0,0.4889,GoonFi V2 + Scorch + Whirlpool,Whirlpool + Byreal,346.4667,408897.0
2026-09-16T13:04:23+00:00,GOOGLx,GOOGL,False,10000,28.78097587,9931.4734,68.53,0.0155,0.6698,Whirlpool + Byreal + Raydium CLMM,Raydium CLMM + Byreal + Whirlpool,346.4667,408897.0
2026-09-16T13:04:23+00:00,AMZNx,AMZN,False,100,0.40143561,99.6646,33.54,0.0,0.6537,HumidiFi + Meteora DLMM,Byreal,249.8267,196571.0
2026-09-16T13:04:23+00:00,AMZNx,AMZN,False,1000,4.00974063,995.0018,49.98,0.0,0.7034,Raydium CLMM,Raydium CLMM + Byreal,249.8267,196571.0
2026-09-16T13:04:23+00:00,AMZNx,AMZN,False,10000,40.02889281,9910.1731,89.83,0.0,0.9318,HumidiFi + Meteora DLMM + Raydium CLMM + Byreal,Raydium CLMM + Quantum + Byreal,249.8267,196571.0
2026-09-16T13:20:02+00:00,AAPLx,AAPL,False,100,0.29941827,99.785,21.5,0.0123,0.2027,Raydium CLMM,Whirlpool,332.7491,716288.0
2026-09-16T13:20:02+00:00,AAPLx,AAPL,False,1000,2.99014538,996.153,38.47,0.1471,0.2379,Raydium CLMM,Byreal,332.7491,716288.0
2026-09-16T13:20:02+00:00,AAPLx,AAPL,False,10000,29.86440974,9936.1906,63.81,0.2708,0.3683,Byreal + Raydium CLMM,Byreal + Raydium CLMM,332.7491,716288.0
2026-09-16T13:20:02+00:00,TSLAx,TSLA,False,100,0.27974233,99.9616,3.84,0.0514,0.0,Whirlpool,Riptide,357.1778,1179084.0
2026-09-16T13:20:02+00:00,TSLAx,TSLA,False,1000,2.79570182,998.8721,11.28,0.1149,0.0,Riptide,Riptide,357.1778,1179084.0
2026-09-16T13:20:02+00:00,TSLAx,TSLA,False,10000,27.96082007,9989.1822,10.82,0.1013,0.0069,Riptide + Whirlpool,Riptide + Manifest + Whirlpool,357.1778,1179084.0
2026-09-16T13:20:02+00:00,NVDAx,NVDA,False,100,0.46670109,99.9228,7.72,0.0344,0.0428,Whirlpool,Riptide,213.7707,1794340.0
2026-09-16T13:20:02+00:00,NVDAx,NVDA,False,1000,4.66583931,999.0005,10.0,0.0595,0.0405,Riptide,Riptide,213.7707,1794340.0
2026-09-16T13:20:02+00:00,SPYx,SPY,False,100,0.13084394,99.9812,1.88,0.0,0.4128,Byreal,Raydium CLMM,760.5583,4823616.0
2026-09-16T13:20:02+00:00,SPYx,SPY,False,1000,1.30838568,999.7566,2.43,0.0,0.4142,Raydium CLMM,Raydium CLMM + Byreal + PancakeSwap,760.5583,4823616.0
2026-09-16T13:20:02+00:00,SPYx,SPY,False,10000,13.08322849,9995.3411,4.66,0.0,0.4315,Byreal + Raydium CLMM + Riptide,PancakeSwap + Byreal + Raydium CLMM,760.5583,4823616.0
2026-09-16T13:20:02+00:00,MSTRx,MSTR,False,100,0.76740012,99.9,10.0,0.0147,0.0853,Riptide,Riptide,130.2668,818590.0
2026-09-16T13:20:02+00:00,MSTRx,MSTR,False,1000,7.67222393,999.0005,10.0,0.0378,0.0622,Riptide,Riptide,130.2668,818590.0
2026-09-16T13:20:02+00:00,MSTRx,MSTR,False,10000,76.69434314,9984.4929,15.51,0.0742,0.081,HumidiFi + Raydium CLMM + Riptide,Riptide,130.2668,818590.0
2026-09-16T13:20:02+00:00,METAx,META,False,100,0.14747803,99.6388,36.12,0.4715,0.0,Whirlpool,Byreal,673.1279,327809.0
2026-09-16T13:20:02+00:00,METAx,META,False,1000,1.4731689,993.9323,60.68,0.5803,0.0267,Raydium CLMM,Byreal,673.1279,327809.0
2026-09-16T13:20:02+00:00,METAx,META,False,10000,14.67406409,9871.3882,128.61,0.9692,0.3201,Raydium CLMM + Byreal + Whirlpool,Byreal + Raydium CLMM + Whirlpool,673.1279,327809.0
2026-09-16T13:20:02+00:00,GOOGLx,GOOGL,False,100,0.28834908,99.7606,23.94,0.4037,0.0,HumidiFi + Scorch + Whirlpool,Whirlpool,344.4833,412642.0
2026-09-16T13:20:02+00:00,GOOGLx,GOOGL,False,1000,2.88061735,995.6624,43.38,0.5029,0.0,Deriverse + BisonFi + Whirlpool,Byreal,344.4833,412642.0
2026-09-16T13:20:02+00:00,GOOGLx,GOOGL,False,10000,28.77284566,9930.6381,69.36,0.618,0.0761,Byreal + Raydium CLMM + BisonFi + Whirlpool,Raydium CLMM + Byreal + Whirlpool,344.4833,412642.0
2026-09-16T13:20:02+00:00,AMZNx,AMZN,False,100,0.40140665,99.658,34.2,0.0,0.403,Deriverse + Flux + Meteora DLMM,Byreal,249.2045,196612.0
2026-09-16T13:20:02+00:00,AMZNx,AMZN,False,1000,4.00974063,995.0002,50.0,0.0466,0.4536,Raydium CLMM,Byreal,249.2045,196612.0
2026-09-16T13:20:02+00:00,AMZNx,AMZN,False,10000,40.0282927,9910.1629,89.84,0.2189,0.681,HumidiFi + Meteora DLMM + Byreal + Raydium CLMM,Raydium CLMM + Quantum + Byreal,249.2045,196612.0
2026-09-16T13:35:43+00:00,AAPLx,AAPL,True,100,0.29828511,99.7776,22.24,0.0,0.2624,Whirlpool,Raydium CLMM,334.1859,726953.0
2026-09-16T13:35:43+00:00,AAPLx,AAPL,True,1000,2.98203521,996.1581,38.42,0.0,0.3968,Raydium CLMM,Raydium CLMM,334.1859,726953.0
2026-09-16T13:35:43+00:00,AAPLx,AAPL,True,10000,29.79124047,9933.706,66.29,0.0849,0.5785,Raydium CLMM + Flux + Whirlpool + Byreal,Byreal + Raydium CLMM,334.1859,726953.0
2026-09-16T13:35:43+00:00,TSLAx,TSLA,True,100,0.27951149,99.9864,1.36,0.0,0.1211,Whirlpool,Riptide,357.0037,1181831.0
2026-09-16T13:35:43+00:00,TSLAx,TSLA,True,1000,2.79270098,999.3789,6.21,0.0,0.0832,Riptide,Riptide,357.0037,1181831.0
2026-09-16T13:35:43+00:00,TSLAx,TSLA,True,10000,27.92331226,9989.3647,10.64,0.0,0.1284,Whirlpool + Manifest + Riptide,Riptide,357.0037,1181831.0
2026-09-16T13:35:43+00:00,NVDAx,NVDA,True,100,0.46644846,99.9876,1.24,0.0,0.1182,Riptide,Raydium CLMM + BisonFi + Deriverse,213.9723,1808993.0
2026-09-16T13:35:43+00:00,NVDAx,NVDA,True,1000,4.66448469,999.2443,7.56,0.0,0.1813,Riptide,Whirlpool + Raydium CLMM + HumidiFi + Riptide,213.9723,1808993.0
2026-09-16T13:35:43+00:00,NVDAx,NVDA,True,10000,46.64454192,9990.0447,9.96,0.0,0.6876,Riptide,Raydium CLMM + Riptide + Kipseli,213.9723,1808993.0
2026-09-16T13:35:43+00:00,SPYx,SPY,True,100,0.13096701,99.9937,0.63,0.3676,0.0,Flux + Raydium CLMM,Scorch + GoonFi V2,756.1846,4535645.0
2026-09-16T13:35:43+00:00,SPYx,SPY,True,1000,1.30958075,999.8092,1.91,0.3744,0.0,Quantum + Raydium CLMM,Raydium CLMM,756.1846,4535645.0
2026-09-16T13:35:43+00:00,SPYx,SPY,True,10000,13.0939186,9995.9064,4.09,0.3887,0.0,Raydium CLMM + TesseraV + PancakeSwap,Riptide + Raydium CLMM + Scorch + GoonFi V2,756.1846,4535645.0
2026-09-16T13:35:43+00:00,MSTRx,MSTR,True,100,0.77224551,99.9258,7.42,0.0,0.1629,Riptide,Byreal,129.5816,798037.0
2026-09-16T13:35:43+00:00,MSTRx,MSTR,True,1000,7.7238154,999.1463,8.54,0.0,0.1916,Riptide,Raydium CLMM + Quantum + Byreal,129.5816,798037.0
2026-09-16T13:35:43+00:00,MSTRx,MSTR,True,10000,77.23318945,9985.8031,14.2,0.0,0.2417,Riptide,Riptide + Raydium CLMM + HumidiFi,129.5816,798037.0
2026-09-16T13:35:43+00:00,METAx,META,True,100,0.14678521,99.6516,34.84,0.3941,0.0,Byreal,Whirlpool,680.3068,333040.0
2026-09-16T13:35:43+00:00,METAx,META,True,1000,1.46581945,993.5788,64.21,0.5349,0.1078,Byreal,Raydium CLMM,680.3068,333040.0
2026-09-16T13:35:43+00:00,METAx,META,True,10000,14.60057014,9860.0896,139.91,0.9259,0.4776,Raydium CLMM + Whirlpool + Byreal,Byreal + Whirlpool + Raydium CLMM,680.3068,333040.0
2026-09-16T13:35:43+00:00,GOOGLx,GOOGL,True,100,0.28780858,99.7245,27.55,0.2662,0.0092,Flux + Whirlpool,Whirlpool,345.6073,416875.0
2026-09-16T13:35:43+00:00,GOOGLx,GOOGL,True,1000,2.87665861,995.3097,46.9,0.3157,0.1538,Byreal,Byreal,345.6073,416875.0
2026-09-16T13:35:43+00:00,GOOGLx,GOOGL,True,10000,28.72993118,9929.8662,70.13,0.4427,0.2598,Byreal + Flux + Whirlpool + Raydium CLMM,Raydium CLMM + Whirlpool + Byreal,345.6073,416875.0
2026-09-16T13:35:43+00:00,AMZNx,AMZN,True,100,0.40325135,99.5986,40.14,0.3985,0.0029,BisonFi + Meteora DLMM,Raydium CLMM,246.9253,186197.0
2026-09-16T13:35:43+00:00,AMZNx,AMZN,True,1000,4.02878336,994.6997,53.0,0.4907,0.0396,Byreal,Raydium CLMM,246.9253,186197.0
2026-09-16T13:35:43+00:00,AMZNx,AMZN,True,10000,40.20539438,9904.4793,95.52,0.6943,0.2627,Byreal + Raydium CLMM + HumidiFi,Byreal + Raydium CLMM + HumidiFi,246.9253,186197.0
2026-09-16T13:51:21+00:00,AAPLx,AAPL,True,100,0.29763424,99.7952,20.48,0.0034,0.2014,Raydium CLMM,Raydium CLMM,334.7671,733626.0
2026-09-16T13:51:21+00:00,AAPLx,AAPL,True,1000,2.97561842,996.3659,36.34,0.0277,0.3358,Raydium CLMM,Raydium CLMM,334.7671,733626.0
2026-09-16T13:51:21+00:00,AAPLx,AAPL,True,10000,29.72431535,9933.3394,66.66,0.1348,0.5325,Raydium CLMM + Byreal,Raydium CLMM + Byreal,334.7671,733626.0
2026-09-16T13:51:21+00:00,TSLAx,TSLA,True,100,0.27790141,99.9457,5.43,0.0495,0.0048,Riptide,Raydium CLMM,359.544,1215670.0
2026-09-16T13:51:21+00:00,TSLAx,TSLA,True,1000,2.77925602,999.4075,5.93,0.0408,0.0185,Riptide,Raydium CLMM,359.544,1215670.0
2026-09-16T13:51:21+00:00,TSLAx,TSLA,True,10000,27.7968142,9991.868,8.13,0.0255,0.0558,Riptide,Raydium CLMM + Riptide + Whirlpool,359.544,1215670.0
2026-09-16T13:51:21+00:00,NVDAx,NVDA,True,100,0.46511284,99.965,3.5,0.0485,0.0,Riptide,Whirlpool,214.462,1830577.0
2026-09-16T13:51:21+00:00,NVDAx,NVDA,True,1000,4.65034451,999.2212,7.79,0.0654,0.0125,Riptide,Raydium CLMM,214.462,1830577.0
2026-09-16T13:51:21+00:00,NVDAx,NVDA,True,10000,46.49573855,9989.9233,10.08,0.0819,0.0188,Riptide,Riptide + Raydium CLMM,214.462,1830577.0
2026-09-16T13:51:21+00:00,SPYx,SPY,True,100,0.13084205,99.9813,1.87,0.2117,0.0,Raydium CLMM,Byreal,758.0813,4551536.0
2026-09-16T13:51:21+00:00,SPYx,SPY,True,1000,1.30838903,999.7465,2.54,0.2141,0.0,Raydium CLMM,Raydium CLMM,758.0813,4551536.0
2026-09-16T13:51:21+00:00,SPYx,SPY,True,10000,13.08181602,9995.093,4.91,0.2299,0.0,PancakeSwap + Riptide + Raydium CLMM,Raydium CLMM + Byreal + Riptide,758.0813,4551536.0
2026-09-16T13:51:21+00:00,MSTRx,MSTR,True,100,0.77538881,99.9477,5.23,0.0379,0.0144,Riptide,Riptide,128.8764,774536.0
2026-09-16T13:51:21+00:00,MSTRx,MSTR,True,1000,7.75601093,999.0005,10.0,0.0106,0.0894,Riptide,Riptide,128.8764,774536.0
2026-09-16T13:51:21+00:00,MSTRx,MSTR,True,10000,77.51981778,9985.1369,14.86,0.0625,0.0862,Riptide,Riptide + Byreal,128.8764,774536.0
2026-09-16T13:51:21+00:00,METAx,META,True,100,0.14652158,99.6647,33.53,0.0,0.4126,Byreal,Whirlpool,681.2338,334853.0
2026-09-16T13:51:21+00:00,METAx,META,True,1000,1.46475716,995.8895,41.11,0.0,0.4571,Raydium CLMM,Whirlpool + Manifest + Byreal,681.2338,334853.0
2026-09-16T13:51:21+00:00,METAx,META,True,10000,14.61123992,9908.1165,91.88,0.2019,0.7184,Byreal + Raydium CLMM + Whirlpool,Raydium CLMM + Manifest + Byreal,681.2338,334853.0
2026-09-16T13:51:21+00:00,GOOGLx,GOOGL,,100,0.28789206,99.7251,27.49,0.0,0.3555,Whirlpool,Whirlpool + BisonFi,346.3995,412693.0
2026-09-16T13:51:21+00:00,GOOGLx,GOOGL,,1000,2.87712292,995.9485,40.52,0.0,0.4235,Raydium CLMM,Byreal,346.3995,412693.0
2026-09-16T13:51:21+00:00,GOOGLx,GOOGL,,10000,28.73482985,9930.9372,69.06,0.1081,0.5831,Whirlpool + Raydium CLMM + Byreal,Byreal + Whirlpool + BisonFi + Raydium CLMM,346.3995,412693.0
2026-09-16T13:51:21+00:00,AMZNx,AMZN,True,100,0.40248814,99.5899,41.01,0.0,0.4245,Byreal,Byreal,248.3788,189557.0
2026-09-16T13:51:21+00:00,AMZNx,AMZN,True,1000,4.0229892,994.7388,52.61,0.0326,0.4937,Byreal,Byreal,248.3788,189557.0
2026-09-16T13:51:21+00:00,AMZNx,AMZN,True,10000,40.15930137,9908.7657,91.23,0.208,0.7058,Byreal + HumidiFi + Raydium CLMM,Byreal + Raydium CLMM + HumidiFi,248.3788,189557.0
2026-09-16T14:07:41+00:00,AAPLx,AAPL,True,100,0.29858528,99.7701,22.99,0.0843,0.1457,Raydium CLMM,Raydium CLMM,333.437,720694.0
2026-09-16T14:07:41+00:00,AAPLx,AAPL,True,1000,2.98417963,995.8,42.0,0.1403,0.0,Byreal,Raydium CLMM,333.437,720694.0
2026-09-16T14:07:41+00:00,AAPLx,AAPL,True,10000,29.80527747,9932.9751,67.02,0.9816,0.0,Raydium CLMM + Byreal,Byreal + Raydium CLMM,333.437,720694.0
2026-09-16T14:07:41+00:00,TSLAx,TSLA,True,100,0.27737722,99.9556,4.44,0.0,0.1896,Riptide,Raydium CLMM,360.9328,1221913.0
2026-09-16T14:07:41+00:00,TSLAx,TSLA,True,1000,2.77414008,999.5581,4.42,0.0,0.2026,Riptide,Whirlpool + Raydium CLMM,360.9328,1221913.0
2026-09-16T14:07:41+00:00,TSLAx,TSLA,True,10000,27.74140081,9990.8159,9.18,0.0,0.0621,Riptide,Riptide + Raydium CLMM,360.9328,1221913.0
2026-09-16T14:07:41+00:00,NVDAx,NVDA,True,100,0.46447053,99.9967,0.33,0.0,0.156,HumidiFi + Raydium CLMM,Riptide,215.1469,1830750.0
2026-09-16T14:07:41+00:00,NVDAx,NVDA,True,1000,4.64320041,999.8146,1.85,0.0,0.1389,GoonFi V2 + Raydium CLMM,BinaryFi,215.1469,1830750.0
2026-09-16T14:07:41+00:00,NVDAx,NVDA,True,10000,46.40359407,9990.1269,9.87,0.0,0.1579,Riptide + Kipseli + Raydium CLMM,BinaryFi + Riptide,215.1469,1830750.0
2026-09-16T14:07:41+00:00,SPYx,SPY,True,100,0.13090895,99.9861,1.39,0.2298,0.0,Byreal,PancakeSwap,757.5698,4532556.0
2026-09-16T14:07:41+00:00,SPYx,SPY,True,1000,1.30898256,999.7464,2.54,0.2379,0.0,Raydium CLMM,Raydium CLMM,757.5698,4532556.0
2026-09-16T14:07:41+00:00,SPYx,SPY,True,10000,13.08942515,9995.4824,4.52,0.241,0.0,Byreal + Riptide + Raydium CLMM,PancakeSwap + Raydium CLMM + Byreal,757.5698,4532556.0
2026-09-16T14:07:41+00:00,MSTRx,MSTR,True,100,0.78293313,99.9772,2.28,0.0,0.1945,Riptide,Byreal,127.9815,760012.0
2026-09-16T14:07:41+00:00,MSTRx,MSTR,True,1000,7.82932355,999.494,5.06,0.0,0.2222,Riptide,Raydium CLMM + BisonFi + Quay + Byreal,127.9815,760012.0
2026-09-16T14:07:41+00:00,MSTRx,MSTR,True,10000,78.26254144,9986.1278,13.87,0.0,0.271,Riptide,Riptide + Byreal + Raydium CLMM + Flux,127.9815,760012.0
2026-09-16T14:07:41+00:00,METAx,META,True,100,0.14661368,99.6483,35.17,0.3359,0.0159,Whirlpool,Manifest,678.005,336497.0
2026-09-16T14:07:41+00:00,METAx,META,True,1000,1.46363313,994.5781,54.22,0.5061,0.0362,Raydium CLMM,Raydium CLMM,678.005,336497.0
2026-09-16T14:07:41+00:00,METAx,META,True,10000,14.59413138,9902.4342,97.57,0.793,0.1841,Raydium CLMM + Byreal + Whirlpool,Manifest + Raydium CLMM + Byreal,678.005,336497.0
2026-09-16T14:07:41+00:00,GOOGLx,GOOGL,True,100,0.28823231,99.7911,20.89,0.0,0.3155,Flux + Whirlpool,Whirlpool,346.3827,415117.0
2026-09-16T14:07:41+00:00,GOOGLx,GOOGL,True,1000,2.87857792,996.185,38.15,0.0231,0.3585,Kipseli + Whirlpool,Byreal,346.3827,415117.0
2026-09-16T14:07:41+00:00,GOOGLx,GOOGL,True,10000,28.73791139,9930.6716,69.33,0.1894,0.5022,ZeroFi + Whirlpool + Raydium CLMM + Byreal,Raydium CLMM + Byreal + Whirlpool,346.3827,415117.0
2026-09-16T14:07:41+00:00,AMZNx,AMZN,True,100,0.40313205,99.795,20.5,0.2298,0.0,HumidiFi + Meteora DLMM,Byreal,247.4179,191477.0
2026-09-16T14:07:41+00:00,AMZNx,AMZN,True,1000,4.0211497,994.9031,50.97,0.4815,0.0283,Byreal,Byreal,247.4179,191477.0
2026-09-16T14:07:41+00:00,AMZNx,AMZN,True,10000,40.14840414,9909.7873,90.21,0.6377,0.2661,Raydium CLMM + BisonFi + Meteora DLMM + Byreal,Raydium CLMM + Byreal + HumidiFi,247.4179,191477.0
2026-09-16T14:23:18+00:00,AAPLx,AAPL,True,100,0.29856804,99.7701,22.99,0.022,0.2079,Raydium CLMM,Raydium CLMM,333.6578,724598.0
2026-09-16T14:23:18+00:00,AAPLx,AAPL,True,1000,2.98368554,995.6922,43.08,0.0888,0.3423,Byreal,Raydium CLMM,333.6578,724598.0
2026-09-16T14:23:18+00:00,AAPLx,AAPL,True,10000,29.8021394,9932.8808,67.12,0.205,0.4671,Raydium CLMM + Byreal,Raydium CLMM + Byreal,333.6578,724598.0
2026-09-16T14:23:18+00:00,TSLAx,TSLA,True,100,0.27527714,99.9753,2.47,0.0,0.2008,Riptide,Raydium CLMM,363.7918,1252977.0
2026-09-16T14:23:18+00:00,TSLAx,TSLA,True,1000,2.75293728,999.6758,3.24,0.0,0.2145,Riptide,Raydium CLMM,363.7918,1252977.0
2026-09-16T14:23:18+00:00,TSLAx,TSLA,True,10000,27.52347532,9990.4747,9.53,0.0,0.2559,Riptide,Raydium CLMM + Riptide + Whirlpool,363.7918,1252977.0
2026-09-16T14:23:18+00:00,NVDAx,NVDA,True,100,0.46460299,99.9964,0.36,0.0,0.0276,BinaryFi,Whirlpool,214.8532,1832764.0
2026-09-16T14:23:18+00:00,NVDAx,NVDA,True,1000,4.64561999,999.6415,3.59,0.0,0.0511,BinaryFi,Raydium CLMM,214.8532,1832764.0
2026-09-16T14:23:18+00:00,NVDAx,NVDA,True,10000,46.44217453,9990.8482,9.15,0.0149,0.0766,Riptide + BinaryFi,Riptide + Whirlpool + Raydium CLMM,214.8532,1832764.0
2026-09-16T14:23:18+00:00,SPYx,SPY,True,100,0.13092,99.9925,0.75,0.1517,0.0,AlphaQ + Quantum + Scorch,Whirlpool,758.0844,4564472.0
2026-09-16T14:23:18+00:00,SPYx,SPY,True,1000,1.3090777,999.7461,2.54,0.161,0.0,Raydium CLMM,Raydium CLMM,758.0844,4564472.0
2026-09-16T14:23:18+00:00,MSTRx,MSTR,True,100,0.79067931,99.9447,5.53,0.0,0.0625,Riptide,Raydium CLMM,126.4412,720363.0
2026-09-16T14:23:18+00:00,MSTRx,MSTR,True,1000,7.90793071,999.1834,8.17,0.0,0.1033,Riptide,Raydium CLMM + HumidiFi,126.4412,720363.0
2026-09-16T14:23:18+00:00,MSTRx,MSTR,True,10000,79.049636,9988.1387,11.86,0.0159,0.0973,Riptide,Riptide + Raydium CLMM + Quantum,126.4412,720363.0
2026-09-16T14:23:18+00:00,METAx,META,True,100,0.14655468,99.5941,40.59,0.0414,0.3647,HumidiFi + Meteora DLMM,Whirlpool,680.2697,336239.0
2026-09-16T14:23:18+00:00,METAx,META,True,1000,1.46384984,994.578,54.22,0.1571,0.3857,Raydium CLMM,Raydium CLMM,680.2697,336239.0
2026-09-16T14:23:18+00:00,METAx,META,True,10000,14.59749658,9903.2033,96.8,0.4368,0.5335,Raydium CLMM + Whirlpool + Byreal,Raydium CLMM + Manifest + Byreal,680.2697,336239.0
2026-09-16T14:23:18+00:00,GOOGLx,GOOGL,True,100,0.28903127,99.7796,22.04,0.0,0.2937,Quantum + Whirlpool,Whirlpool,345.3032,403140.0
2026-09-16T14:23:18+00:00,GOOGLx,GOOGL,True,1000,2.88747816,996.1561,38.44,0.0246,0.3599,HumidiFi + Whirlpool,Byreal,345.3032,403140.0
2026-09-16T14:23:18+00:00,GOOGLx,GOOGL,True,10000,28.81722968,9931.164,68.84,0.2239,0.4655,Quantum + Whirlpool + Byreal + Raydium CLMM,Whirlpool + Byreal + Raydium CLMM,345.3032,403140.0
2026-09-16T14:23:18+00:00,AMZNx,AMZN,True,100,0.40303455,99.6521,34.79,0.3216,0.0264,Deriverse + Flux + Meteora DLMM,Byreal,247.2386,189969.0
2026-09-16T14:23:18+00:00,AMZNx,AMZN,True,1000,4.0251462,994.835,51.65,0.4502,0.0666,Byreal,Raydium CLMM,247.2386,189969.0
2026-09-16T14:23:18+00:00,AMZNx,AMZN,True,10000,40.1727223,9908.2776,91.72,0.6449,0.2741,Quantum + Meteora DLMM + Byreal + Raydium CLMM,Byreal + Raydium CLMM + TesseraV,247.2386,189969.0
2026-09-16T14:38:55+00:00,AAPLx,AAPL,True,100,0.29835334,99.782,21.8,0.0036,0.2143,Byreal,Raydium CLMM,333.9794,725044.0
2026-09-16T14:38:55+00:00,AAPLx,AAPL,True,1000,2.98277077,996.2204,37.8,0.0292,0.3489,Byreal,Raydium CLMM,333.9794,725044.0
2026-09-16T14:38:55+00:00,AAPLx,AAPL,True,10000,29.79562964,9933.2033,66.8,0.1367,0.532,Raydium CLMM + Byreal,Byreal + Raydium CLMM,333.9794,725044.0
2026-09-16T14:38:55+00:00,TSLAx,TSLA,True,100,0.27559567,99.8978,10.22,0.0,0.1587,Whirlpool,Riptide,362.9584,1250378.0
2026-09-16T14:38:55+00:00,TSLAx,TSLA,True,1000,2.75601904,999.001,9.99,0.0,0.1586,Riptide,Riptide + Whirlpool,362.9584,1250378.0
2026-09-16T14:38:55+00:00,TSLAx,TSLA,True,10000,27.56019044,9988.8848,11.12,0.0,0.1699,Riptide,Raydium CLMM + Whirlpool + Riptide,362.9584,1250378.0
2026-09-16T14:38:55+00:00,NVDAx,NVDA,True,100,0.46433899,99.9539,4.61,0.0,0.0747,BinaryFi,Whirlpool,214.9982,1833539.0
2026-09-16T14:38:55+00:00,NVDAx,NVDA,True,1000,4.64222447,999.1577,8.42,0.0,0.0823,Riptide,BinaryFi,214.9982,1833539.0
2026-09-16T14:38:55+00:00,NVDAx,NVDA,True,10000,46.40846966,9987.5174,12.48,0.0316,0.0933,Riptide + BinaryFi,BinaryFi + Whirlpool + Riptide,214.9982,1833539.0
2026-09-16T14:38:55+00:00,SPYx,SPY,True,100,0.13090896,100.0126,-1.26,0.0,0.0559,TesseraV + Raydium CLMM,Scorch + HumidiFi,759.8591,4599685.0
2026-09-16T14:38:55+00:00,SPYx,SPY,True,1000,1.30884839,999.9291,0.71,0.0,0.082,Quay + GoonFi V2 + Raydium CLMM,Riptide,759.8591,4599685.0
2026-09-16T14:38:55+00:00,SPYx,SPY,True,10000,13.08657932,9997.8361,2.16,0.4396,0.0,PancakeSwap + Raydium CLMM + TesseraV,Riptide,759.8591,4599685.0
2026-09-16T14:38:55+00:00,MSTRx,MSTR,True,100,0.78828294,99.9267,7.33,0.0589,0.0144,Riptide,Raydium CLMM,126.7563,731790.0
2026-09-16T14:38:55+00:00,MSTRx,MSTR,True,1000,7.88303451,999.0005,10.0,0.0563,0.0437,Riptide,Riptide,126.7563,731790.0
2026-09-16T14:38:55+00:00,MSTRx,MSTR,True,10000,78.81173966,9985.3485,14.65,0.0799,0.0667,Riptide,Raydium CLMM + Riptide,126.7563,731790.0
2026-09-16T14:38:55+00:00,METAx,META,True,100,0.1466769,99.6475,35.25,0.3478,0.0047,Byreal,Manifest,679.8477,335179.0
2026-09-16T14:38:55+00:00,METAx,META,True,1000,1.46473855,994.8923,51.08,0.4857,0.0252,Byreal,Raydium CLMM,679.8477,335179.0
2026-09-16T14:38:55+00:00,METAx,META,True,10000,14.61052022,9908.5065,91.49,0.7362,0.1801,Raydium CLMM + Whirlpool + Byreal,Byreal + Raydium CLMM + Manifest,679.8477,335179.0
2026-09-16T14:38:55+00:00,GOOGLx,GOOGL,True,100,0.28871451,99.6802,31.98,0.0,0.3231,HumidiFi + Whirlpool,Byreal,345.4791,399928.0
2026-09-16T14:38:55+00:00,GOOGLx,GOOGL,True,1000,2.8840051,995.3529,46.47,0.1055,0.3596,Raydium CLMM,Byreal,345.4791,399928.0
2026-09-16T14:38:55+00:00,GOOGLx,GOOGL,True,10000,28.80701628,9926.2735,73.73,0.2199,0.5185,Raydium CLMM + Whirlpool + Byreal,Byreal + Raydium CLMM + Whirlpool,345.4791,399928.0
2026-09-16T14:38:55+00:00,AMZNx,AMZN,True,100,0.4039025,99.8678,13.22,0.13,0.0022,GoonFi V2 + Whirlpool + Meteora DLMM,Byreal,247.21,189410.0
2026-09-16T14:38:55+00:00,AMZNx,AMZN,True,1000,4.02511077,994.7645,52.36,0.474,0.0498,Byreal,Raydium CLMM,247.21,189410.0
2026-09-16T14:38:55+00:00,AMZNx,AMZN,True,10000,40.17976584,9908.6476,91.35,0.6504,0.2648,Byreal + HumidiFi + Meteora DLMM + Raydium CLMM,Raydium CLMM + GoonFi V2 + Byreal,247.21,189410.0
2026-09-16T14:54:32+00:00,AAPLx,AAPL,True,100,0.2988954,99.7743,22.57,0.0149,0.2108,Raydium CLMM,Byreal,333.339,723688.0
2026-09-16T14:54:32+00:00,AAPLx,AAPL,True,1000,2.98491554,996.1407,38.59,0.15,0.2363,Raydium CLMM,Byreal,333.339,723688.0
2026-09-16T14:54:32+00:00,AAPLx,AAPL,True,10000,29.8025787,9933.0592,66.94,0.3058,0.3647,Byreal + Raydium CLMM,Raydium CLMM + Byreal,333.339,723688.0
2026-09-16T14:54:32+00:00,TSLAx,TSLA,True,100,0.2751469,99.891,10.9,0.0659,0.0431,Whirlpool,Raydium CLMM,363.1086,1254993.0
2026-09-16T14:54:32+00:00,TSLAx,TSLA,True,1000,2.75007335,999.0005,10.0,0.1166,0.0,Riptide,Riptide,363.1086,1254993.0
2026-09-16T14:54:32+00:00,TSLAx,TSLA,True,10000,27.50087315,9988.9102,11.09,0.1161,0.0,Whirlpool + Riptide,Riptide,363.1086,1254993.0
2026-09-16T14:54:32+00:00,NVDAx,NVDA,True,100,0.46382994,99.9569,4.31,0.3955,0.0,Whirlpool,BinaryFi,214.3233,1837002.0
2026-09-16T14:54:32+00:00,NVDAx,NVDA,True,1000,4.63665461,999.0005,10.0,0.4309,0.0,Riptide,Riptide,214.3233,1837002.0
2026-09-16T14:54:32+00:00,NVDAx,NVDA,True,10000,46.36379213,9988.677,11.32,0.4368,0.0,Whirlpool + Riptide,Whirlpool + Riptide,214.3233,1837002.0
2026-09-16T14:54:32+00:00,SPYx,SPY,True,100,0.13087342,99.9963,0.37,0.0,0.2055,Byreal,Riptide,761.0943,4568383.0
2026-09-16T14:54:32+00:00,SPYx,SPY,True,1000,1.30866834,999.9123,0.88,0.0,0.2055,Raydium CLMM,Riptide,761.0943,4568383.0
2026-09-16T14:54:32+00:00,SPYx,SPY,True,10000,13.08462647,9997.4344,2.57,0.0,0.2067,PancakeSwap + Raydium CLMM + Byreal,Riptide + Scorch + Flux + Raydium CLMM,761.0943,4568383.0
2026-09-16T14:54:32+00:00,MSTRx,MSTR,True,100,0.79098745,99.9,10.0,0.0161,0.0839,Riptide,Riptide,126.3712,724231.0
2026-09-16T14:54:32+00:00,MSTRx,MSTR,True,1000,7.9088298,999.0005,10.0,0.0293,0.0707,Riptide,Riptide,126.3712,724231.0
2026-09-16T14:54:32+00:00,MSTRx,MSTR,True,10000,79.05740755,9983.4143,16.59,0.0683,0.0976,ZeroFi + Raydium CLMM + Riptide,Raydium CLMM + ZeroFi + Riptide,126.3712,724231.0
2026-09-16T14:54:32+00:00,METAx,META,True,100,0.14669159,99.6759,32.41,0.0,0.4857,Whirlpool,Raydium CLMM,681.0676,335515.0
2026-09-16T14:54:32+00:00,METAx,META,True,1000,1.46473855,995.0917,49.08,0.0,0.5045,Byreal,Raydium CLMM,681.0676,335515.0
2026-09-16T14:54:32+00:00,METAx,META,True,10000,14.60811681,9907.1709,92.83,0.2544,0.6757,Raydium CLMM + Whirlpool + Byreal,Raydium CLMM + Byreal,681.0676,335515.0
2026-09-16T14:54:32+00:00,GOOGLx,GOOGL,True,100,0.28817705,99.738,26.2,0.3807,0.0,Whirlpool,Whirlpool + GoonFi V2,344.7785,406296.0
2026-09-16T14:54:32+00:00,GOOGLx,GOOGL,True,1000,2.88060951,995.6809,43.19,0.4179,0.0141,Raydium CLMM,Byreal,344.7785,406296.0
2026-09-16T14:54:32+00:00,GOOGLx,GOOGL,True,10000,28.77054643,9927.5274,72.47,0.5408,0.1849,Raydium CLMM + Byreal + Whirlpool,Raydium CLMM + Whirlpool + HumidiFi + Byreal,344.7785,406296.0
2026-09-16T14:54:32+00:00,AMZNx,AMZN,True,100,0.40333046,99.609,39.1,0.0399,0.3512,Manifest + GoonFi V2 + Meteora DLMM,Byreal,247.7652,187430.0
2026-09-16T14:54:32+00:00,AMZNx,AMZN,True,1000,4.02944702,994.7481,52.52,0.1355,0.3903,Byreal,Raydium CLMM,247.7652,187430.0
2026-09-16T14:54:32+00:00,AMZNx,AMZN,True,10000,40.21338778,9905.9458,94.05,0.3364,0.6062,HumidiFi + Meteora DLMM + Raydium CLMM + Byreal,Raydium CLMM + HumidiFi + Byreal,247.7652,187430.0
2026-09-16T15:10:17+00:00,AAPLx,AAPL,True,100,0.2985984,99.8932,10.68,0.0284,0.0784,Raydium CLMM,Whirlpool + HumidiFi,333.624,724784.0
2026-09-16T15:10:17+00:00,AAPLx,AAPL,True,1000,2.9828121,996.0858,39.14,0.1345,0.2572,Byreal,Whirlpool + BisonFi,333.624,724784.0
2026-09-16T15:10:17+00:00,AAPLx,AAPL,True,10000,29.79922599,9933.8478,66.15,0.2313,0.4312,Raydium CLMM + Byreal,Byreal + Whirlpool + BisonFi + Raydium CLMM,333.624,724784.0
2026-09-16T15:10:17+00:00,TSLAx,TSLA,True,100,0.27469388,99.9471,5.29,0.0,0.1293,Whirlpool,Riptide,364.2238,1261182.0
2026-09-16T15:10:17+00:00,TSLAx,TSLA,True,1000,2.74564531,999.0005,10.0,0.0,0.1293,Riptide,Riptide,364.2238,1261182.0
2026-09-16T15:10:17+00:00,TSLAx,TSLA,True,10000,27.45703648,9988.6216,11.38,0.0,0.1452,Riptide + Whirlpool,Riptide,364.2238,1261182.0
2026-09-16T15:10:17+00:00,NVDAx,NVDA,True,100,0.461899,99.9544,4.56,0.0,0.0814,BinaryFi,Whirlpool,216.1504,1868981.0
2026-09-16T15:10:17+00:00,NVDAx,NVDA,True,1000,4.61724214,999.0005,10.0,0.0596,0.0404,Riptide,Riptide,216.1504,1868981.0
2026-09-16T15:10:17+00:00,NVDAx,NVDA,True,10000,46.17451284,9975.7996,24.2,0.055,0.0,Riptide,Riptide + BinaryFi,216.1504,1868981.0
2026-09-16T15:10:17+00:00,SPYx,SPY,True,100,0.13067195,99.999,0.1,0.0,0.2901,Raydium CLMM,Raydium CLMM + Flux,762.9312,4762412.0
2026-09-16T15:10:17+00:00,SPYx,SPY,True,1000,1.30671418,999.8625,1.37,0.0,0.3024,Raydium CLMM,Byreal + PancakeSwap + AlphaQ,762.9312,4762412.0
2026-09-16T15:10:17+00:00,SPYx,SPY,True,10000,13.06665341,9996.9421,3.06,0.0,0.3154,Raydium CLMM + Whirlpool,Riptide + PancakeSwap,762.9312,4762412.0
2026-09-16T15:10:17+00:00,MSTRx,MSTR,True,100,0.78864492,99.907,9.3,0.2518,0.0,Riptide,Raydium CLMM + PancakeSwap,126.4471,729285.0
2026-09-16T15:10:17+00:00,MSTRx,MSTR,True,1000,7.88771837,998.8504,11.5,0.2358,0.0,Riptide,Raydium CLMM + TesseraV,126.4471,729285.0
2026-09-16T15:10:17+00:00,MSTRx,MSTR,True,10000,78.8782352,9985.4595,14.54,0.2344,0.0,Riptide,Riptide + Raydium CLMM + TesseraV,126.4471,729285.0
2026-09-16T15:10:17+00:00,METAx,META,True,100,0.1466718,99.6377,36.23,0.3601,0.0021,Byreal,Raydium CLMM,677.6023,334209.0
2026-09-16T15:10:17+00:00,METAx,META,True,1000,1.46468768,994.8102,51.9,0.4981,0.021,Byreal,Raydium CLMM,677.6023,334209.0
2026-09-16T15:10:17+00:00,METAx,META,True,10000,14.61318574,9909.6339,90.37,0.7269,0.178,Raydium CLMM + Whirlpool + Byreal,Byreal + Raydium CLMM + Manifest,677.6023,334209.0
2026-09-16T15:10:17+00:00,GOOGLx,GOOGL,True,100,0.28790401,99.9608,3.92,0.0,0.3296,Raydium CLMM,Whirlpool + GoonFi V2,347.4321,409201.0
2026-09-16T15:10:17+00:00,GOOGLx,GOOGL,True,1000,2.87835978,997.7438,22.56,0.0,0.492,Raydium CLMM,Meteora DLMM + Whirlpool + Flux + Quantum,347.4321,409201.0
2026-09-16T15:10:17+00:00,GOOGLx,GOOGL,True,10000,28.75018571,9930.7685,69.23,0.0,0.8423,Whirlpool + Raydium CLMM + Byreal,Whirlpool + GoonFi V2 + Raydium CLMM + Byreal,347.4321,409201.0
2026-09-16T15:10:17+00:00,AMZNx,AMZN,True,100,0.40323076,99.8993,10.07,0.0,0.1937,Byreal,Raydium CLMM + Kipseli,248.1626,187603.0
2026-09-16T15:10:17+00:00,AMZNx,AMZN,True,1000,4.02943868,996.2973,37.03,0.0,0.3922,Byreal,Raydium CLMM + HumidiFi,248.1626,187603.0
2026-09-16T15:10:17+00:00,AMZNx,AMZN,True,10000,40.20223532,9910.1581,89.84,0.2067,0.6931,Raydium CLMM + Byreal,Raydium CLMM + Byreal + TesseraV,248.1626,187603.0
